timestamp_utc,nav,benchmark_index,regime_bull,signal_json,target_position_json,current_positions_json,target_units_json,order_deltas_json
2026-04-09 12:18:00+00:00,100000.0,1.0,False,"{""EURUSD"": 1.0, ""GBPUSD"": 1.0, ""USDJPY"": 1.0}","{""EURUSD"": 0.3333333333333333, ""GBPUSD"": 0.3333333333333333, ""USDJPY"": 0.3333333333333333}","{""EUR_USD"": 0, ""GBP_USD"": 0, ""USD_JPY"": 0}","{""EUR_USD"": 11410, ""GBP_USD"": 9936, ""USD_JPY"": 13333}","{""EUR_USD"": 11410, ""GBP_USD"": 9936, ""USD_JPY"": 13333}"
2026-04-09 12:19:00+00:00,99998.42918465084,1.0000789447238951,False,"{""EURUSD"": 1.0, ""GBPUSD"": 1.0, ""USDJPY"": 1.0}","{""EURUSD"": 0.3333333333333333, ""GBPUSD"": 0.3333333333333333, ""USDJPY"": 0.3333333333333333}","{""EUR_USD"": 11410, ""GBP_USD"": 9936, ""USD_JPY"": 13333}","{""EUR_USD"": 11411, ""GBP_USD"": 9937, ""USD_JPY"": 13333}","{""EUR_USD"": 1, ""GBP_USD"": 1}"
2026-04-09 12:20:00+00:00,99997.00927752959,1.000237824850573,False,"{""EURUSD"": 1.0, ""GBPUSD"": 1.0, ""USDJPY"": 1.0}","{""EURUSD"": 0.3333333333333333, ""GBPUSD"": 0.3333333333333333, ""USDJPY"": 0.3333333333333333}","{""EUR_USD"": 11411, ""GBP_USD"": 9937, ""USD_JPY"": 13333}","{""EUR_USD"": 11412, ""GBP_USD"": 9938, ""USD_JPY"": 13332}","{""EUR_USD"": 1, ""GBP_USD"": 1, ""USD_JPY"": -1}"
2026-04-09 12:21:00+00:00,99993.51307283876,1.0002848820977575,False,"{""EURUSD"": 1.0, ""GBPUSD"": 1.0, ""USDJPY"": 1.0}","{""EURUSD"": 0.3333333333333333, ""GBPUSD"": 0.3333333333333333, ""USDJPY"": 0.3333333333333333}","{""EUR_USD"": 11412, ""GBP_USD"": 9938, ""USD_JPY"": 13332}","{""EUR_USD"": 11413, ""GBP_USD"": 9939, ""USD_JPY"": 13332}","{""EUR_USD"": 1, ""GBP_USD"": 1}"
2026-04-09 12:22:00+00:00,99996.83426273211,1.0002008601445609,False,"{""EURUSD"": -1.0, ""GBPUSD"": 1.0, ""USDJPY"": 1.0}","{""EURUSD"": -0.3333333333333333, ""GBPUSD"": 0.3333333333333333, ""USDJPY"": 0.3333333333333333}","{""EUR_USD"": 11413, ""GBP_USD"": 9939, ""USD_JPY"": 13332}","{""EUR_USD"": -11412, ""GBP_USD"": 9938, ""USD_JPY"": 13332}","{""EUR_USD"": -22825, ""GBP_USD"": -1}"
2026-04-09 12:23:00+00:00,99998.64474102002,1.0002326857038408,False,"{""EURUSD"": -1.0, ""GBPUSD"": -1.0, ""USDJPY"": 1.0}","{""EURUSD"": -0.3333333333333333, ""GBPUSD"": -0.3333333333333333, ""USDJPY"": 0.3333333333333333}","{""EUR_USD"": -11412, ""GBP_USD"": 9938, ""USD_JPY"": 13332}","{""EUR_USD"": -11412, ""GBP_USD"": -9937, ""USD_JPY"": 13333}","{""GBP_USD"": -19875, ""USD_JPY"": 1}"
2026-04-09 12:24:00+00:00,99996.41666975434,1.0001591277964,False,"{""EURUSD"": -1.0, ""GBPUSD"": -1.0, ""USDJPY"": 1.0}","{""EURUSD"": -0.3333333333333333, ""GBPUSD"": -0.3333333333333333, ""USDJPY"": 0.3333333333333333}","{""EUR_USD"": -11412, ""GBP_USD"": -9937, ""USD_JPY"": 13333}","{""EUR_USD"": -11412, ""GBP_USD"": -9936, ""USD_JPY"": 13332}","{""GBP_USD"": 1, ""USD_JPY"": -1}"
2026-04-09 12:25:00+00:00,99996.82337803411,1.000115166420741,False,"{""EURUSD"": -1.0, ""GBPUSD"": -1.0, ""USDJPY"": 1.0}","{""EURUSD"": -0.3333333333333333, ""GBPUSD"": -0.3333333333333333, ""USDJPY"": 0.3333333333333333}","{""EUR_USD"": -11412, ""GBP_USD"": -9936, ""USD_JPY"": 13332}","{""EUR_USD"": -11412, ""GBP_USD"": -9937, ""USD_JPY"": 13332}","{""GBP_USD"": -1}"
2026-04-09 12:26:00+00:00,99998.64998220626,1.0001889100804733,False,"{""EURUSD"": -1.0, ""GBPUSD"": -1.0, ""USDJPY"": 1.0}","{""EURUSD"": -0.3333333333333333, ""GBPUSD"": -0.3333333333333333, ""USDJPY"": 0.3333333333333333}","{""EUR_USD"": -11412, ""GBP_USD"": -9937, ""USD_JPY"": 13332}","{""EUR_USD"": -11412, ""GBP_USD"": -9938, ""USD_JPY"": 13333}","{""GBP_USD"": -1, ""USD_JPY"": 1}"
2026-04-09 12:27:00+00:00,99996.81233537484,1.0001400572278043,False,"{""EURUSD"": -1.0, ""GBPUSD"": -1.0, ""USDJPY"": 1.0}","{""EURUSD"": -0.3333333333333333, ""GBPUSD"": -0.3333333333333333, ""USDJPY"": 0.3333333333333333}","{""EUR_USD"": -11412, ""GBP_USD"": -9938, ""USD_JPY"": 13333}","{""EUR_USD"": -11411, ""GBP_USD"": -9937, ""USD_JPY"": 13332}","{""EUR_USD"": 1, ""GBP_USD"": 1, ""USD_JPY"": -1}"
2026-04-09 12:28:00+00:00,99998.26393346203,1.0002390012817526,False,"{""EURUSD"": -1.0, ""GBPUSD"": -1.0, ""USDJPY"": 1.0}","{""EURUSD"": -0.3333333333333333, ""GBPUSD"": -0.3333333333333333, ""USDJPY"": 0.3333333333333333}","{""EUR_USD"": -11411, ""GBP_USD"": -9937, ""USD_JPY"": 13332}","{""EUR_USD"": -11410, ""GBP_USD"": -9938, ""USD_JPY"": 13333}","{""EUR_USD"": 1, ""GBP_USD"": -1, ""USD_JPY"": 1}"
2026-04-09 12:29:00+00:00,99994.21211218227,1.0001228441821235,False,"{""EURUSD"": -1.0, ""GBPUSD"": -1.0, ""USDJPY"": 1.0}","{""EURUSD"": -0.3333333333333333, ""GBPUSD"": -0.3333333333333333, ""USDJPY"": 0.3333333333333333}","{""EUR_USD"": -11410, ""GBP_USD"": -9938, ""USD_JPY"": 13333}","{""EUR_USD"": -11409, ""GBP_USD"": -9936, ""USD_JPY"": 13332}","{""EUR_USD"": 1, ""GBP_USD"": 2, ""USD_JPY"": -1}"
2026-04-09 12:30:00+00:00,99992.65042399573,1.000105011962138,False,"{""EURUSD"": -1.0, ""GBPUSD"": -1.0, ""USDJPY"": 1.0}","{""EURUSD"": -0.3333333333333333, ""GBPUSD"": -0.3333333333333333, ""USDJPY"": 0.3333333333333333}","{""EUR_USD"": -11409, ""GBP_USD"": -9936, ""USD_JPY"": 13332}","{""EUR_USD"": -11409, ""GBP_USD"": -9936, ""USD_JPY"": 13332}",{}
2026-04-09 12:31:00+00:00,99998.7714385676,1.0002637063365245,False,"{""EURUSD"": -1.0, ""GBPUSD"": -1.0, ""USDJPY"": 1.0}","{""EURUSD"": -0.3333333333333333, ""GBPUSD"": -0.3333333333333333, ""USDJPY"": 0.3333333333333333}","{""EUR_USD"": -11409, ""GBP_USD"": -9936, ""USD_JPY"": 13332}","{""EUR_USD"": -11411, ""GBP_USD"": -9938, ""USD_JPY"": 13333}","{""EUR_USD"": -2, ""GBP_USD"": -2, ""USD_JPY"": 1}"
2026-04-09 12:32:00+00:00,100010.17599194954,1.000519177654792,True,"{""EURUSD"": -1.0, ""GBPUSD"": -1.0, ""USDJPY"": 1.0}","{""EURUSD"": -0.3333333333333333, ""GBPUSD"": -0.3333333333333333, ""USDJPY"": 0.3333333333333333}","{""EUR_USD"": -11411, ""GBP_USD"": -9938, ""USD_JPY"": 13333}","{""EUR_USD"": -17124, ""GBP_USD"": -14913, ""USD_JPY"": 20002}","{""EUR_USD"": -5713, ""GBP_USD"": -4975, ""USD_JPY"": 6669}"
2026-04-09 12:33:00+00:00,100011.29391062034,1.0004812222698918,True,"{""EURUSD"": -1.0, ""GBPUSD"": -1.0, ""USDJPY"": 1.0}","{""EURUSD"": -0.3333333333333333, ""GBPUSD"": -0.3333333333333333, ""USDJPY"": 0.3333333333333333}","{""EUR_USD"": -17124, ""GBP_USD"": -14913, ""USD_JPY"": 20002}","{""EUR_USD"": -17124, ""GBP_USD"": -14915, ""USD_JPY"": 20002}","{""GBP_USD"": -2}"
2026-04-09 12:34:00+00:00,100010.97550935493,1.0004189333348028,True,"{""EURUSD"": -1.0, ""GBPUSD"": -1.0, ""USDJPY"": 1.0}","{""EURUSD"": -0.3333333333333333, ""GBPUSD"": -0.3333333333333333, ""USDJPY"": 0.3333333333333333}","{""EUR_USD"": -17124, ""GBP_USD"": -14915, ""USD_JPY"": 20002}","{""EUR_USD"": -17124, ""GBP_USD"": -14915, ""USD_JPY"": 20002}",{}
2026-04-09 12:35:00+00:00,100010.95815846283,1.000475154361702,True,"{""EURUSD"": -1.0, ""GBPUSD"": -1.0, ""USDJPY"": 1.0}","{""EURUSD"": -0.3333333333333333, ""GBPUSD"": -0.3333333333333333, ""USDJPY"": 0.3333333333333333}","{""EUR_USD"": -17124, ""GBP_USD"": -14915, ""USD_JPY"": 20002}","{""EUR_USD"": -17124, ""GBP_USD"": -14914, ""USD_JPY"": 20002}","{""GBP_USD"": 1}"
2026-04-09 12:36:00+00:00,100009.33285868437,1.0004820271964883,True,"{""EURUSD"": -1.0, ""GBPUSD"": -1.0, ""USDJPY"": 1.0}","{""EURUSD"": -0.3333333333333333, ""GBPUSD"": -0.3333333333333333, ""USDJPY"": 0.3333333333333333}","{""EUR_USD"": -17124, ""GBP_USD"": -14914, ""USD_JPY"": 20002}","{""EUR_USD"": -17123, ""GBP_USD"": -14913, ""USD_JPY"": 20001}","{""EUR_USD"": 1, ""GBP_USD"": 1, ""USD_JPY"": -1}"
2026-04-09 12:37:00+00:00,100002.02010393694,1.000403763564329,False,"{""EURUSD"": -1.0, ""GBPUSD"": -1.0, ""USDJPY"": 1.0}","{""EURUSD"": -0.3333333333333333, ""GBPUSD"": -0.3333333333333333, ""USDJPY"": 0.3333333333333333}","{""EUR_USD"": -17123, ""GBP_USD"": -14913, ""USD_JPY"": 20001}","{""EUR_USD"": -11413, ""GBP_USD"": -9940, ""USD_JPY"": 13333}","{""EUR_USD"": 5710, ""GBP_USD"": 4973, ""USD_JPY"": -6668}"
2026-04-09 12:38:00+00:00,100006.57769631859,1.0004821510313493,True,"{""EURUSD"": -1.0, ""GBPUSD"": -1.0, ""USDJPY"": 1.0}","{""EURUSD"": -0.3333333333333333, ""GBPUSD"": -0.3333333333333333, ""USDJPY"": 0.3333333333333333}","{""EUR_USD"": -11413, ""GBP_USD"": -9940, ""USD_JPY"": 13333}","{""EUR_USD"": -17122, ""GBP_USD"": -14913, ""USD_JPY"": 20001}","{""EUR_USD"": -5709, ""GBP_USD"": -4973, ""USD_JPY"": 6668}"
2026-04-09 12:39:00+00:00,100001.2681973993,1.0004654952425431,True,"{""EURUSD"": -1.0, ""GBPUSD"": -1.0, ""USDJPY"": 1.0}","{""EURUSD"": -0.3333333333333333, ""GBPUSD"": -0.3333333333333333, ""USDJPY"": 0.3333333333333333}","{""EUR_USD"": -17122, ""GBP_USD"": -14913, ""USD_JPY"": 20001}","{""EUR_USD"": -17119, ""GBP_USD"": -14911, ""USD_JPY"": 20000}","{""EUR_USD"": 3, ""GBP_USD"": 2, ""USD_JPY"": -1}"
2026-04-09 12:40:00+00:00,99998.86941852841,1.0004227102980636,False,"{""EURUSD"": -1.0, ""GBPUSD"": -1.0, ""USDJPY"": 1.0}","{""EURUSD"": -0.3333333333333333, ""GBPUSD"": -0.3333333333333333, ""USDJPY"": 0.3333333333333333}","{""EUR_USD"": -17119, ""GBP_USD"": -14911, ""USD_JPY"": 20000}","{""EUR_USD"": -11411, ""GBP_USD"": -9940, ""USD_JPY"": 13333}","{""EUR_USD"": 5708, ""GBP_USD"": 4971, ""USD_JPY"": -6667}"
2026-04-09 12:41:00+00:00,99995.03604896182,1.000268907400687,False,"{""EURUSD"": -1.0, ""GBPUSD"": -1.0, ""USDJPY"": 1.0}","{""EURUSD"": -0.3333333333333333, ""GBPUSD"": -0.3333333333333333, ""USDJPY"": 0.3333333333333333}","{""EUR_USD"": -11411, ""GBP_USD"": -9940, ""USD_JPY"": 13333}","{""EUR_USD"": -11410, ""GBP_USD"": -9939, ""USD_JPY"": 13332}","{""EUR_USD"": 1, ""GBP_USD"": 1, ""USD_JPY"": -1}"
2026-04-09 12:42:00+00:00,99999.25279780032,1.0003600498583918,False,"{""EURUSD"": -1.0, ""GBPUSD"": -1.0, ""USDJPY"": 1.0}","{""EURUSD"": -0.3333333333333333, ""GBPUSD"": -0.3333333333333333, ""USDJPY"": 0.3333333333333333}","{""EUR_USD"": -11410, ""GBP_USD"": -9939, ""USD_JPY"": 13332}","{""EUR_USD"": -11411, ""GBP_USD"": -9941, ""USD_JPY"": 13333}","{""EUR_USD"": -1, ""GBP_USD"": -2, ""USD_JPY"": 1}"
2026-04-09 12:43:00+00:00,100006.06130972518,1.0006618354146775,True,"{""EURUSD"": -1.0, ""GBPUSD"": -1.0, ""USDJPY"": 1.0}","{""EURUSD"": -0.3333333333333333, ""GBPUSD"": -0.3333333333333333, ""USDJPY"": 0.3333333333333333}","{""EUR_USD"": -11411, ""GBP_USD"": -9941, ""USD_JPY"": 13333}","{""EUR_USD"": -17120, ""GBP_USD"": -14914, ""USD_JPY"": 20001}","{""EUR_USD"": -5709, ""GBP_USD"": -4973, ""USD_JPY"": 6668}"
2026-04-09 12:44:00+00:00,100006.84917388568,1.0006178740390181,True,"{""EURUSD"": -1.0, ""GBPUSD"": -1.0, ""USDJPY"": 1.0}","{""EURUSD"": -0.3333333333333333, ""GBPUSD"": -0.3333333333333333, ""USDJPY"": 0.3333333333333333}","{""EUR_USD"": -17120, ""GBP_USD"": -14914, ""USD_JPY"": 20001}","{""EUR_USD"": -17121, ""GBP_USD"": -14915, ""USD_JPY"": 20001}","{""EUR_USD"": -1, ""GBP_USD"": -1}"
2026-04-09 12:45:00+00:00,100007.74485093993,1.0005613434249663,True,"{""EURUSD"": -1.0, ""GBPUSD"": -1.0, ""USDJPY"": 1.0}","{""EURUSD"": -0.3333333333333333, ""GBPUSD"": -0.3333333333333333, ""USDJPY"": 0.3333333333333333}","{""EUR_USD"": -17121, ""GBP_USD"": -14915, ""USD_JPY"": 20001}","{""EUR_USD"": -17122, ""GBP_USD"": -14916, ""USD_JPY"": 20001}","{""EUR_USD"": -1, ""GBP_USD"": -1}"
2026-04-09 12:46:00+00:00,100005.27083397769,1.0005061749943858,True,"{""EURUSD"": -1.0, ""GBPUSD"": -1.0, ""USDJPY"": 1.0}","{""EURUSD"": -0.3333333333333333, ""GBPUSD"": -0.3333333333333333, ""USDJPY"": 0.3333333333333333}","{""EUR_USD"": -17122, ""GBP_USD"": -14916, ""USD_JPY"": 20001}","{""EUR_USD"": -17121, ""GBP_USD"": -14915, ""USD_JPY"": 20001}","{""EUR_USD"": 1, ""GBP_USD"": 1}"
2026-04-09 12:47:00+00:00,100003.7151471997,1.0004443813987407,True,"{""EURUSD"": -1.0, ""GBPUSD"": -1.0, ""USDJPY"": 1.0}","{""EURUSD"": -0.3333333333333333, ""GBPUSD"": -0.3333333333333333, ""USDJPY"": 0.3333333333333333}","{""EUR_USD"": -17121, ""GBP_USD"": -14915, ""USD_JPY"": 20001}","{""EUR_USD"": -17121, ""GBP_USD"": -14914, ""USD_JPY"": 20000}","{""GBP_USD"": 1, ""USD_JPY"": -1}"
2026-04-09 12:48:00+00:00,100003.10204303698,1.0006006609933376,True,"{""EURUSD"": -1.0, ""GBPUSD"": -1.0, ""USDJPY"": 1.0}","{""EURUSD"": -0.3333333333333333, ""GBPUSD"": -0.3333333333333333, ""USDJPY"": 0.3333333333333333}","{""EUR_USD"": -17121, ""GBP_USD"": -14914, ""USD_JPY"": 20000}","{""EUR_USD"": -17120, ""GBP_USD"": -14912, ""USD_JPY"": 20000}","{""EUR_USD"": 1, ""GBP_USD"": 2}"
2026-04-09 12:49:00+00:00,99992.12225985112,1.0003927422616987,False,"{""EURUSD"": -1.0, ""GBPUSD"": -1.0, ""USDJPY"": 1.0}","{""EURUSD"": -0.3333333333333333, ""GBPUSD"": -0.3333333333333333, ""USDJPY"": 0.3333333333333333}","{""EUR_USD"": -17120, ""GBP_USD"": -14912, ""USD_JPY"": 20000}","{""EUR_USD"": -11410, ""GBP_USD"": -9939, ""USD_JPY"": 13332}","{""EUR_USD"": 5710, ""GBP_USD"": 4973, ""USD_JPY"": -6668}"
2026-04-09 12:50:00+00:00,99991.85877195846,1.000299246941635,False,"{""EURUSD"": -1.0, ""GBPUSD"": -1.0, ""USDJPY"": 1.0}","{""EURUSD"": -0.3333333333333333, ""GBPUSD"": -0.3333333333333333, ""USDJPY"": 0.3333333333333333}","{""EUR_USD"": -11410, ""GBP_USD"": -9939, ""USD_JPY"": 13332}","{""EUR_USD"": -11410, ""GBP_USD"": -9939, ""USD_JPY"": 13332}",{}
2026-04-09 12:51:00+00:00,99993.66880729092,1.0003045099232277,False,"{""EURUSD"": -1.0, ""GBPUSD"": -1.0, ""USDJPY"": 1.0}","{""EURUSD"": -0.3333333333333333, ""GBPUSD"": -0.3333333333333333, ""USDJPY"": 0.3333333333333333}","{""EUR_USD"": -11410, ""GBP_USD"": -9939, ""USD_JPY"": 13332}","{""EUR_USD"": -11412, ""GBP_USD"": -9939, ""USD_JPY"": 13332}","{""EUR_USD"": -2}"
2026-04-09 12:52:00+00:00,99992.66267654998,1.0002863681160896,False,"{""EURUSD"": -1.0, ""GBPUSD"": -1.0, ""USDJPY"": 1.0}","{""EURUSD"": -0.3333333333333333, ""GBPUSD"": -0.3333333333333333, ""USDJPY"": 0.3333333333333333}","{""EUR_USD"": -11412, ""GBP_USD"": -9939, ""USD_JPY"": 13332}","{""EUR_USD"": -11411, ""GBP_USD"": -9939, ""USD_JPY"": 13332}","{""EUR_USD"": 1}"
2026-04-09 12:53:00+00:00,99992.07740654999,1.0002866777032422,False,"{""EURUSD"": -1.0, ""GBPUSD"": -1.0, ""USDJPY"": 1.0}","{""EURUSD"": -0.3333333333333333, ""GBPUSD"": -0.3333333333333333, ""USDJPY"": 0.3333333333333333}","{""EUR_USD"": -11411, ""GBP_USD"": -9939, ""USD_JPY"": 13332}","{""EUR_USD"": -11410, ""GBP_USD"": -9939, ""USD_JPY"": 13332}","{""EUR_USD"": 1}"
2026-04-09 12:54:00+00:00,99994.92515905791,1.0003224040606442,False,"{""EURUSD"": -1.0, ""GBPUSD"": -1.0, ""USDJPY"": 1.0}","{""EURUSD"": -0.3333333333333333, ""GBPUSD"": -0.3333333333333333, ""USDJPY"": 0.3333333333333333}","{""EUR_USD"": -11410, ""GBP_USD"": -9939, ""USD_JPY"": 13332}","{""EUR_USD"": -11411, ""GBP_USD"": -9941, ""USD_JPY"": 13332}","{""EUR_USD"": -1, ""GBP_USD"": -2}"
2026-04-09 12:55:00+00:00,99994.54809259331,1.000360111775822,False,"{""EURUSD"": -1.0, ""GBPUSD"": -1.0, ""USDJPY"": 1.0}","{""EURUSD"": -0.3333333333333333, ""GBPUSD"": -0.3333333333333333, ""USDJPY"": 0.3333333333333333}","{""EUR_USD"": -11411, ""GBP_USD"": -9941, ""USD_JPY"": 13332}","{""EUR_USD"": -11411, ""GBP_USD"": -9940, ""USD_JPY"": 13332}","{""GBP_USD"": 1}"
2026-04-09 12:56:00+00:00,99994.66393930683,1.0003475425374293,False,"{""EURUSD"": -1.0, ""GBPUSD"": -1.0, ""USDJPY"": 1.0}","{""EURUSD"": -0.3333333333333333, ""GBPUSD"": -0.3333333333333333, ""USDJPY"": 0.3333333333333333}","{""EUR_USD"": -11411, ""GBP_USD"": -9940, ""USD_JPY"": 13332}","{""EUR_USD"": -11411, ""GBP_USD"": -9940, ""USD_JPY"": 13332}",{}
2026-04-09 12:57:00+00:00,99988.23310895872,1.0002390012817526,False,"{""EURUSD"": -1.0, ""GBPUSD"": -1.0, ""USDJPY"": 1.0}","{""EURUSD"": -0.3333333333333333, ""GBPUSD"": -0.3333333333333333, ""USDJPY"": 0.3333333333333333}","{""EUR_USD"": -11411, ""GBP_USD"": -9940, ""USD_JPY"": 13332}","{""EUR_USD"": -11409, ""GBP_USD"": -9937, ""USD_JPY"": 13331}","{""EUR_USD"": 2, ""GBP_USD"": 3, ""USD_JPY"": -1}"
2026-04-09 12:58:00+00:00,99985.51693099826,1.000128292916008,False,"{""EURUSD"": -1.0, ""GBPUSD"": -1.0, ""USDJPY"": 1.0}","{""EURUSD"": -0.3333333333333333, ""GBPUSD"": -0.3333333333333333, ""USDJPY"": 0.3333333333333333}","{""EUR_USD"": -11409, ""GBP_USD"": -9937, ""USD_JPY"": 13331}","{""EUR_USD"": -11408, ""GBP_USD"": -9936, ""USD_JPY"": 13331}","{""EUR_USD"": 1, ""GBP_USD"": 1}"
2026-04-09 12:59:00+00:00,99983.2317870207,1.000042227687605,False,"{""EURUSD"": -1.0, ""GBPUSD"": -1.0, ""USDJPY"": 1.0}","{""EURUSD"": -0.3333333333333333, ""GBPUSD"": -0.3333333333333333, ""USDJPY"": 0.3333333333333333}","{""EUR_USD"": -11408, ""GBP_USD"": -9936, ""USD_JPY"": 13331}","{""EUR_USD"": -11407, ""GBP_USD"": -9936, ""USD_JPY"": 13331}","{""EUR_USD"": 1}"
2026-04-09 13:00:00+00:00,99986.15456376298,1.0001466823928684,False,"{""EURUSD"": -1.0, ""GBPUSD"": -1.0, ""USDJPY"": 1.0}","{""EURUSD"": -0.3333333333333333, ""GBPUSD"": -0.3333333333333333, ""USDJPY"": 0.3333333333333333}","{""EUR_USD"": -11407, ""GBP_USD"": -9936, ""USD_JPY"": 13331}","{""EUR_USD"": -11409, ""GBP_USD"": -9936, ""USD_JPY"": 13331}","{""EUR_USD"": -2}"
2026-04-09 13:01:00+00:00,99981.29087972394,1.0000808641642407,False,"{""EURUSD"": -1.0, ""GBPUSD"": -1.0, ""USDJPY"": 1.0}","{""EURUSD"": -0.3333333333333333, ""GBPUSD"": -0.3333333333333333, ""USDJPY"": 0.3333333333333333}","{""EUR_USD"": -11409, ""GBP_USD"": -9936, ""USD_JPY"": 13331}","{""EUR_USD"": -11407, ""GBP_USD"": -9934, ""USD_JPY"": 13330}","{""EUR_USD"": 2, ""GBP_USD"": 2, ""USD_JPY"": -1}"
2026-04-09 13:02:00+00:00,99983.72471971136,1.0001230918518456,False,"{""EURUSD"": -1.0, ""GBPUSD"": -1.0, ""USDJPY"": 1.0}","{""EURUSD"": -0.3333333333333333, ""GBPUSD"": -0.3333333333333333, ""USDJPY"": 0.3333333333333333}","{""EUR_USD"": -11407, ""GBP_USD"": -9934, ""USD_JPY"": 13330}","{""EUR_USD"": -11407, ""GBP_USD"": -9936, ""USD_JPY"": 13331}","{""GBP_USD"": -2, ""USD_JPY"": 1}"
2026-04-09 13:03:00+00:00,99989.4138907346,1.0001759074200671,False,"{""EURUSD"": 1.0, ""GBPUSD"": -1.0, ""USDJPY"": 1.0}","{""EURUSD"": 0.3333333333333333, ""GBPUSD"": -0.3333333333333333, ""USDJPY"": 0.3333333333333333}","{""EUR_USD"": -11407, ""GBP_USD"": -9936, ""USD_JPY"": 13331}","{""EUR_USD"": 11410, ""GBP_USD"": -9938, ""USD_JPY"": 13331}","{""EUR_USD"": 22817, ""GBP_USD"": -2}"
2026-04-09 13:04:00+00:00,99986.9870934544,1.0001022256777652,False,"{""EURUSD"": 1.0, ""GBPUSD"": -1.0, ""USDJPY"": 1.0}","{""EURUSD"": 0.3333333333333333, ""GBPUSD"": -0.3333333333333333, ""USDJPY"": 0.3333333333333333}","{""EUR_USD"": 11410, ""GBP_USD"": -9938, ""USD_JPY"": 13331}","{""EUR_USD"": 11410, ""GBP_USD"": -9937, ""USD_JPY"": 13331}","{""GBP_USD"": 1}"
2026-04-09 13:05:00+00:00,99983.37802488165,0.9998943069461266,False,"{""EURUSD"": 1.0, ""GBPUSD"": -1.0, ""USDJPY"": 1.0}","{""EURUSD"": 0.3333333333333333, ""GBPUSD"": -0.3333333333333333, ""USDJPY"": 0.3333333333333333}","{""EUR_USD"": 11410, ""GBP_USD"": -9937, ""USD_JPY"": 13331}","{""EUR_USD"": 11408, ""GBP_USD"": -9935, ""USD_JPY"": 13331}","{""EUR_USD"": -2, ""GBP_USD"": 2}"
2026-04-09 13:06:00+00:00,99984.8019826858,0.9999795053305024,False,"{""EURUSD"": 1.0, ""GBPUSD"": -1.0, ""USDJPY"": 1.0}","{""EURUSD"": 0.3333333333333333, ""GBPUSD"": -0.3333333333333333, ""USDJPY"": 0.3333333333333333}","{""EUR_USD"": 11408, ""GBP_USD"": -9935, ""USD_JPY"": 13331}","{""EUR_USD"": 11409, ""GBP_USD"": -9936, ""USD_JPY"": 13331}","{""EUR_USD"": 1, ""GBP_USD"": -1}"
2026-04-09 13:07:00+00:00,99983.78048660429,0.9999671218444014,False,"{""EURUSD"": 1.0, ""GBPUSD"": -1.0, ""USDJPY"": 1.0}","{""EURUSD"": 0.3333333333333333, ""GBPUSD"": -0.3333333333333333, ""USDJPY"": 0.3333333333333333}","{""EUR_USD"": 11409, ""GBP_USD"": -9936, ""USD_JPY"": 13331}","{""EUR_USD"": 11409, ""GBP_USD"": -9936, ""USD_JPY"": 13331}",{}
2026-04-09 13:08:00+00:00,99981.98685416684,0.9998951737901536,False,"{""EURUSD"": 1.0, ""GBPUSD"": -1.0, ""USDJPY"": -1.0}","{""EURUSD"": 0.3333333333333333, ""GBPUSD"": -0.3333333333333333, ""USDJPY"": -0.3333333333333333}","{""EUR_USD"": 11409, ""GBP_USD"": -9936, ""USD_JPY"": 13331}","{""EUR_USD"": 11407, ""GBP_USD"": -9934, ""USD_JPY"": -13330}","{""EUR_USD"": -2, ""GBP_USD"": 2, ""USD_JPY"": -26661}"
2026-04-09 13:09:00+00:00,99980.94059165112,1.0000282343483107,False,"{""EURUSD"": 1.0, ""GBPUSD"": 1.0, ""USDJPY"": -1.0}","{""EURUSD"": 0.3333333333333333, ""GBPUSD"": 0.3333333333333333, ""USDJPY"": -0.3333333333333333}","{""EUR_USD"": 11407, ""GBP_USD"": -9934, ""USD_JPY"": -13330}","{""EUR_USD"": 11409, ""GBP_USD"": 9936, ""USD_JPY"": -13330}","{""EUR_USD"": 2, ""GBP_USD"": 19870}"
2026-04-09 13:10:00+00:00,99980.88476916165,0.9999657596609303,False,"{""EURUSD"": 1.0, ""GBPUSD"": 1.0, ""USDJPY"": -1.0}","{""EURUSD"": 0.3333333333333333, ""GBPUSD"": 0.3333333333333333, ""USDJPY"": -0.3333333333333333}","{""EUR_USD"": 11409, ""GBP_USD"": 9936, ""USD_JPY"": -13330}","{""EUR_USD"": 11409, ""GBP_USD"": 9937, ""USD_JPY"": -13330}","{""GBP_USD"": 1}"
2026-04-09 13:11:00+00:00,99985.98638105305,0.9998876198636316,False,"{""EURUSD"": 1.0, ""GBPUSD"": 1.0, ""USDJPY"": -1.0}","{""EURUSD"": 0.3333333333333333, ""GBPUSD"": 0.3333333333333333, ""USDJPY"": -0.3333333333333333}","{""EUR_USD"": 11409, ""GBP_USD"": 9937, ""USD_JPY"": -13330}","{""EUR_USD"": 11408, ""GBP_USD"": 9935, ""USD_JPY"": -13331}","{""EUR_USD"": -1, ""GBP_USD"": -2, ""USD_JPY"": -1}"
2026-04-09 13:12:00+00:00,99989.23060653835,0.9997583981861659,False,"{""EURUSD"": 1.0, ""GBPUSD"": 1.0, ""USDJPY"": -1.0}","{""EURUSD"": 0.3333333333333333, ""GBPUSD"": 0.3333333333333333, ""USDJPY"": -0.3333333333333333}","{""EUR_USD"": 11408, ""GBP_USD"": 9935, ""USD_JPY"": -13331}","{""EUR_USD"": 11407, ""GBP_USD"": 9936, ""USD_JPY"": -13331}","{""EUR_USD"": -1, ""GBP_USD"": 1}"
2026-04-09 13:13:00+00:00,99989.33638138579,0.9997210000581402,False,"{""EURUSD"": 1.0, ""GBPUSD"": 1.0, ""USDJPY"": -1.0}","{""EURUSD"": 0.3333333333333333, ""GBPUSD"": 0.3333333333333333, ""USDJPY"": -0.3333333333333333}","{""EUR_USD"": 11407, ""GBP_USD"": 9936, ""USD_JPY"": -13331}","{""EUR_USD"": 11407, ""GBP_USD"": 9936, ""USD_JPY"": -13331}",{}
2026-04-09 13:14:00+00:00,99989.44450355839,0.9997023629115582,False,"{""EURUSD"": 1.0, ""GBPUSD"": 1.0, ""USDJPY"": -1.0}","{""EURUSD"": 0.3333333333333333, ""GBPUSD"": 0.3333333333333333, ""USDJPY"": -0.3333333333333333}","{""EUR_USD"": 11407, ""GBP_USD"": 9936, ""USD_JPY"": -13331}","{""EUR_USD"": 11408, ""GBP_USD"": 9936, ""USD_JPY"": -13331}","{""EUR_USD"": 1}"
2026-04-09 13:15:00+00:00,99994.20766312427,0.9996553056643736,False,"{""EURUSD"": 1.0, ""GBPUSD"": 1.0, ""USDJPY"": -1.0}","{""EURUSD"": 0.3333333333333333, ""GBPUSD"": 0.3333333333333333, ""USDJPY"": -0.3333333333333333}","{""EUR_USD"": 11408, ""GBP_USD"": 9936, ""USD_JPY"": -13331}","{""EUR_USD"": 11408, ""GBP_USD"": 9934, ""USD_JPY"": -13332}","{""GBP_USD"": -2, ""USD_JPY"": -1}"
2026-04-09 13:16:00+00:00,99992.40187336649,0.999722919498486,False,"{""EURUSD"": 1.0, ""GBPUSD"": 1.0, ""USDJPY"": -1.0}","{""EURUSD"": 0.3333333333333333, ""GBPUSD"": 0.3333333333333333, ""USDJPY"": -0.3333333333333333}","{""EUR_USD"": 11408, ""GBP_USD"": 9934, ""USD_JPY"": -13332}","{""EUR_USD"": 11408, ""GBP_USD"": 9934, ""USD_JPY"": -13332}",{}
2026-04-09 13:17:00+00:00,99997.70108773922,0.9995762371056175,False,"{""EURUSD"": 1.0, ""GBPUSD"": 1.0, ""USDJPY"": -1.0}","{""EURUSD"": 0.3333333333333333, ""GBPUSD"": 0.3333333333333333, ""USDJPY"": -0.3333333333333333}","{""EUR_USD"": 11408, ""GBP_USD"": 9934, ""USD_JPY"": -13332}","{""EUR_USD"": 11407, ""GBP_USD"": 9933, ""USD_JPY"": -13333}","{""EUR_USD"": -1, ""GBP_USD"": -1, ""USD_JPY"": -1}"
2026-04-09 13:18:00+00:00,100002.86863783261,0.9994668909233442,False,"{""EURUSD"": 1.0, ""GBPUSD"": 1.0, ""USDJPY"": -1.0}","{""EURUSD"": 0.3333333333333333, ""GBPUSD"": 0.3333333333333333, ""USDJPY"": -0.3333333333333333}","{""EUR_USD"": 11407, ""GBP_USD"": 9933, ""USD_JPY"": -13333}","{""EUR_USD"": 11406, ""GBP_USD"": 9933, ""USD_JPY"": -13333}","{""EUR_USD"": -1}"
2026-04-09 13:19:00+00:00,100003.22680713037,0.9995419967665478,False,"{""EURUSD"": 1.0, ""GBPUSD"": 1.0, ""USDJPY"": -1.0}","{""EURUSD"": 0.3333333333333333, ""GBPUSD"": 0.3333333333333333, ""USDJPY"": -0.3333333333333333}","{""EUR_USD"": 11406, ""GBP_USD"": 9933, ""USD_JPY"": -13333}","{""EUR_USD"": 11405, ""GBP_USD"": 9932, ""USD_JPY"": -13333}","{""EUR_USD"": -1, ""GBP_USD"": -1}"
2026-04-09 13:20:00+00:00,100002.3570204476,0.9995914068760915,False,"{""EURUSD"": 1.0, ""GBPUSD"": 1.0, ""USDJPY"": -1.0}","{""EURUSD"": 0.3333333333333333, ""GBPUSD"": 0.3333333333333333, ""USDJPY"": -0.3333333333333333}","{""EUR_USD"": 11405, ""GBP_USD"": 9932, ""USD_JPY"": -13333}","{""EUR_USD"": 11405, ""GBP_USD"": 9932, ""USD_JPY"": -13333}",{}
2026-04-09 13:21:00+00:00,100001.09945220318,0.9996905366823314,False,"{""EURUSD"": 1.0, ""GBPUSD"": 1.0, ""USDJPY"": -1.0}","{""EURUSD"": 0.3333333333333333, ""GBPUSD"": 0.3333333333333333, ""USDJPY"": -0.3333333333333333}","{""EUR_USD"": 11405, ""GBP_USD"": 9932, ""USD_JPY"": -13333}","{""EUR_USD"": 11405, ""GBP_USD"": 9932, ""USD_JPY"": -13333}",{}
2026-04-09 13:22:00+00:00,100000.04728607349,0.9997523302779765,False,"{""EURUSD"": 1.0, ""GBPUSD"": 1.0, ""USDJPY"": -1.0}","{""EURUSD"": 0.3333333333333333, ""GBPUSD"": 0.3333333333333333, ""USDJPY"": -0.3333333333333333}","{""EUR_USD"": 11405, ""GBP_USD"": 9932, ""USD_JPY"": -13333}","{""EUR_USD"": 11405, ""GBP_USD"": 9932, ""USD_JPY"": -13333}",{}
2026-04-09 13:23:00+00:00,99994.60163055224,0.9999238415604778,False,"{""EURUSD"": 1.0, ""GBPUSD"": 1.0, ""USDJPY"": -1.0}","{""EURUSD"": 0.3333333333333333, ""GBPUSD"": 0.3333333333333333, ""USDJPY"": -0.3333333333333333}","{""EUR_USD"": 11405, ""GBP_USD"": 9932, ""USD_JPY"": -13333}","{""EUR_USD"": 11405, ""GBP_USD"": 9933, ""USD_JPY"": -13332}","{""GBP_USD"": 1, ""USD_JPY"": 1}"
2026-04-09 13:24:00+00:00,99998.10164271234,0.9998759793866966,False,"{""EURUSD"": 1.0, ""GBPUSD"": 1.0, ""USDJPY"": -1.0}","{""EURUSD"": 0.3333333333333333, ""GBPUSD"": 0.3333333333333333, ""USDJPY"": -0.3333333333333333}","{""EUR_USD"": 11405, ""GBP_USD"": 9933, ""USD_JPY"": -13332}","{""EUR_USD"": 11405, ""GBP_USD"": 9932, ""USD_JPY"": -13333}","{""GBP_USD"": -1, ""USD_JPY"": -1}"
2026-04-09 13:25:00+00:00,99996.10485734185,0.9999122630009729,False,"{""EURUSD"": 1.0, ""GBPUSD"": 1.0, ""USDJPY"": -1.0}","{""EURUSD"": 0.3333333333333333, ""GBPUSD"": 0.3333333333333333, ""USDJPY"": -0.3333333333333333}","{""EUR_USD"": 11405, ""GBP_USD"": 9932, ""USD_JPY"": -13333}","{""EUR_USD"": 11405, ""GBP_USD"": 9932, ""USD_JPY"": -13332}","{""USD_JPY"": 1}"
2026-04-09 13:26:00+00:00,99996.43300826436,0.9999187024137457,False,"{""EURUSD"": 1.0, ""GBPUSD"": 1.0, ""USDJPY"": -1.0}","{""EURUSD"": 0.3333333333333333, ""GBPUSD"": 0.3333333333333333, ""USDJPY"": -0.3333333333333333}","{""EUR_USD"": 11405, ""GBP_USD"": 9932, ""USD_JPY"": -13332}","{""EUR_USD"": 11405, ""GBP_USD"": 9932, ""USD_JPY"": -13332}",{}
2026-04-09 13:27:00+00:00,99993.01058939345,0.999997832889932,False,"{""EURUSD"": 1.0, ""GBPUSD"": 1.0, ""USDJPY"": -1.0}","{""EURUSD"": 0.3333333333333333, ""GBPUSD"": 0.3333333333333333, ""USDJPY"": -0.3333333333333333}","{""EUR_USD"": 11405, ""GBP_USD"": 9932, ""USD_JPY"": -13332}","{""EUR_USD"": 11406, ""GBP_USD"": 9933, ""USD_JPY"": -13332}","{""EUR_USD"": 1, ""GBP_USD"": 1}"
2026-04-09 13:28:00+00:00,99996.84463386319,0.9999126964229865,False,"{""EURUSD"": 1.0, ""GBPUSD"": 1.0, ""USDJPY"": -1.0}","{""EURUSD"": 0.3333333333333333, ""GBPUSD"": 0.3333333333333333, ""USDJPY"": -0.3333333333333333}","{""EUR_USD"": 11406, ""GBP_USD"": 9933, ""USD_JPY"": -13332}","{""EUR_USD"": 11405, ""GBP_USD"": 9932, ""USD_JPY"": -13332}","{""EUR_USD"": -1, ""GBP_USD"": -1}"
2026-04-09 13:29:00+00:00,99990.77676782112,1.0000464380728793,False,"{""EURUSD"": 1.0, ""GBPUSD"": 1.0, ""USDJPY"": -1.0}","{""EURUSD"": 0.3333333333333333, ""GBPUSD"": 0.3333333333333333, ""USDJPY"": -0.3333333333333333}","{""EUR_USD"": 11405, ""GBP_USD"": 9932, ""USD_JPY"": -13332}","{""EUR_USD"": 11406, ""GBP_USD"": 9933, ""USD_JPY"": -13332}","{""EUR_USD"": 1, ""GBP_USD"": 1}"
2026-04-09 13:30:00+00:00,99993.14869965463,0.9999791957433501,False,"{""EURUSD"": 1.0, ""GBPUSD"": 1.0, ""USDJPY"": -1.0}","{""EURUSD"": 0.3333333333333333, ""GBPUSD"": 0.3333333333333333, ""USDJPY"": -0.3333333333333333}","{""EUR_USD"": 11406, ""GBP_USD"": 9933, ""USD_JPY"": -13332}","{""EUR_USD"": 11406, ""GBP_USD"": 9933, ""USD_JPY"": -13332}",{}
2026-04-09 13:31:00+00:00,100000.22610213811,0.9998523269282434,False,"{""EURUSD"": 1.0, ""GBPUSD"": 1.0, ""USDJPY"": -1.0}","{""EURUSD"": 0.3333333333333333, ""GBPUSD"": 0.3333333333333333, ""USDJPY"": -0.3333333333333333}","{""EUR_USD"": 11406, ""GBP_USD"": 9933, ""USD_JPY"": -13332}","{""EUR_USD"": 11405, ""GBP_USD"": 9931, ""USD_JPY"": -13333}","{""EUR_USD"": -1, ""GBP_USD"": -2, ""USD_JPY"": -1}"
2026-04-09 13:32:00+00:00,99998.46026213812,0.9998513362493553,False,"{""EURUSD"": 1.0, ""GBPUSD"": 1.0, ""USDJPY"": -1.0}","{""EURUSD"": 0.3333333333333333, ""GBPUSD"": 0.3333333333333333, ""USDJPY"": -0.3333333333333333}","{""EUR_USD"": 11405, ""GBP_USD"": 9931, ""USD_JPY"": -13333}","{""EUR_USD"": 11406, ""GBP_USD"": 9931, ""USD_JPY"": -13333}","{""EUR_USD"": 1}"
2026-04-09 13:33:00+00:00,100004.01602194435,0.9997671904612977,False,"{""EURUSD"": 1.0, ""GBPUSD"": 1.0, ""USDJPY"": -1.0}","{""EURUSD"": 0.3333333333333333, ""GBPUSD"": 0.3333333333333333, ""USDJPY"": -0.3333333333333333}","{""EUR_USD"": 11406, ""GBP_USD"": 9931, ""USD_JPY"": -13333}","{""EUR_USD"": 11405, ""GBP_USD"": 9930, ""USD_JPY"": -13333}","{""EUR_USD"": -1, ""GBP_USD"": -1}"
2026-04-09 13:34:00+00:00,100006.6576690483,0.9996750573247051,False,"{""EURUSD"": 1.0, ""GBPUSD"": 1.0, ""USDJPY"": -1.0}","{""EURUSD"": 0.3333333333333333, ""GBPUSD"": 0.3333333333333333, ""USDJPY"": -0.3333333333333333}","{""EUR_USD"": 11405, ""GBP_USD"": 9930, ""USD_JPY"": -13333}","{""EUR_USD"": 11404, ""GBP_USD"": 9930, ""USD_JPY"": -13334}","{""EUR_USD"": -1, ""USD_JPY"": -1}"
2026-04-09 13:35:00+00:00,100008.5804064323,0.9997011864803784,False,"{""EURUSD"": 1.0, ""GBPUSD"": 1.0, ""USDJPY"": -1.0}","{""EURUSD"": 0.3333333333333333, ""GBPUSD"": 0.3333333333333333, ""USDJPY"": -0.3333333333333333}","{""EUR_USD"": 11404, ""GBP_USD"": 9930, ""USD_JPY"": -13334}","{""EUR_USD"": 11403, ""GBP_USD"": 9929, ""USD_JPY"": -13334}","{""EUR_USD"": -1, ""GBP_USD"": -1}"
2026-04-09 13:36:00+00:00,100012.33409413925,0.999622179839053,False,"{""EURUSD"": 1.0, ""GBPUSD"": 1.0, ""USDJPY"": -1.0}","{""EURUSD"": 0.3333333333333333, ""GBPUSD"": 0.3333333333333333, ""USDJPY"": -0.3333333333333333}","{""EUR_USD"": 11403, ""GBP_USD"": 9929, ""USD_JPY"": -13334}","{""EUR_USD"": 11402, ""GBP_USD"": 9929, ""USD_JPY"": -13334}","{""EUR_USD"": -1}"
2026-04-09 13:37:00+00:00,100010.42996995765,0.9996959854162161,False,"{""EURUSD"": 1.0, ""GBPUSD"": 1.0, ""USDJPY"": -1.0}","{""EURUSD"": 0.3333333333333333, ""GBPUSD"": 0.3333333333333333, ""USDJPY"": -0.3333333333333333}","{""EUR_USD"": 11402, ""GBP_USD"": 9929, ""USD_JPY"": -13334}","{""EUR_USD"": 11402, ""GBP_USD"": 9929, ""USD_JPY"": -13334}",{}
2026-04-09 13:38:00+00:00,100007.69259685281,0.9997817410574666,False,"{""EURUSD"": 1.0, ""GBPUSD"": 1.0, ""USDJPY"": -1.0}","{""EURUSD"": 0.3333333333333333, ""GBPUSD"": 0.3333333333333333, ""USDJPY"": -0.3333333333333333}","{""EUR_USD"": 11402, ""GBP_USD"": 9929, ""USD_JPY"": -13334}","{""EUR_USD"": 11403, ""GBP_USD"": 9930, ""USD_JPY"": -13334}","{""EUR_USD"": 1, ""GBP_USD"": 1}"
2026-04-09 13:39:00+00:00,100007.07688655009,0.9997689241493519,False,"{""EURUSD"": 1.0, ""GBPUSD"": 1.0, ""USDJPY"": -1.0}","{""EURUSD"": 0.3333333333333333, ""GBPUSD"": 0.3333333333333333, ""USDJPY"": -0.3333333333333333}","{""EUR_USD"": 11403, ""GBP_USD"": 9930, ""USD_JPY"": -13334}","{""EUR_USD"": 11403, ""GBP_USD"": 9930, ""USD_JPY"": -13334}",{}
2026-04-09 13:40:00+00:00,100005.94070781214,0.9997058302876665,False,"{""EURUSD"": 1.0, ""GBPUSD"": 1.0, ""USDJPY"": -1.0}","{""EURUSD"": 0.3333333333333333, ""GBPUSD"": 0.3333333333333333, ""USDJPY"": -0.3333333333333333}","{""EUR_USD"": 11403, ""GBP_USD"": 9930, ""USD_JPY"": -13334}","{""EUR_USD"": 11404, ""GBP_USD"": 9931, ""USD_JPY"": -13334}","{""EUR_USD"": 1, ""GBP_USD"": 1}"
2026-04-09 13:41:00+00:00,100008.34025303501,0.9996198269766937,False,"{""EURUSD"": 1.0, ""GBPUSD"": 1.0, ""USDJPY"": -1.0}","{""EURUSD"": 0.3333333333333333, ""GBPUSD"": 0.3333333333333333, ""USDJPY"": -0.3333333333333333}","{""EUR_USD"": 11404, ""GBP_USD"": 9931, ""USD_JPY"": -13334}","{""EUR_USD"": 11403, ""GBP_USD"": 9931, ""USD_JPY"": -13334}","{""EUR_USD"": -1}"
2026-04-09 13:42:00+00:00,100006.94245303501,0.9996190839675276,False,"{""EURUSD"": 1.0, ""GBPUSD"": 1.0, ""USDJPY"": -1.0}","{""EURUSD"": 0.3333333333333333, ""GBPUSD"": 0.3333333333333333, ""USDJPY"": -0.3333333333333333}","{""EUR_USD"": 11403, ""GBP_USD"": 9931, ""USD_JPY"": -13334}","{""EUR_USD"": 11404, ""GBP_USD"": 9930, ""USD_JPY"": -13334}","{""EUR_USD"": 1, ""GBP_USD"": -1}"
2026-04-09 13:43:00+00:00,100003.6613706608,0.9996795153797015,False,"{""EURUSD"": 1.0, ""GBPUSD"": 1.0, ""USDJPY"": -1.0}","{""EURUSD"": 0.3333333333333333, ""GBPUSD"": 0.3333333333333333, ""USDJPY"": -0.3333333333333333}","{""EUR_USD"": 11404, ""GBP_USD"": 9930, ""USD_JPY"": -13334}","{""EUR_USD"": 11404, ""GBP_USD"": 9932, ""USD_JPY"": -13333}","{""GBP_USD"": 2, ""USD_JPY"": 1}"
2026-04-09 13:44:00+00:00,100002.3333202122,0.9997723296080298,False,"{""EURUSD"": 1.0, ""GBPUSD"": 1.0, ""USDJPY"": -1.0}","{""EURUSD"": 0.3333333333333333, ""GBPUSD"": 0.3333333333333333, ""USDJPY"": -0.3333333333333333}","{""EUR_USD"": 11404, ""GBP_USD"": 9932, ""USD_JPY"": -13333}","{""EUR_USD"": 11404, ""GBP_USD"": 9932, ""USD_JPY"": -13333}",{}
2026-04-09 13:45:00+00:00,100001.99555102842,0.9998096658186248,False,"{""EURUSD"": 1.0, ""GBPUSD"": 1.0, ""USDJPY"": -1.0}","{""EURUSD"": 0.3333333333333333, ""GBPUSD"": 0.3333333333333333, ""USDJPY"": -0.3333333333333333}","{""EUR_USD"": 11404, ""GBP_USD"": 9932, ""USD_JPY"": -13333}","{""EUR_USD"": 11405, ""GBP_USD"": 9931, ""USD_JPY"": -13333}","{""EUR_USD"": 1, ""GBP_USD"": -1}"
2026-04-09 13:46:00+00:00,99999.96582669209,0.9998146811304959,False,"{""EURUSD"": 1.0, ""GBPUSD"": 1.0, ""USDJPY"": -1.0}","{""EURUSD"": 0.3333333333333333, ""GBPUSD"": 0.3333333333333333, ""USDJPY"": -0.3333333333333333}","{""EUR_USD"": 11405, ""GBP_USD"": 9931, ""USD_JPY"": -13333}","{""EUR_USD"": 11405, ""GBP_USD"": 9932, ""USD_JPY"": -13333}","{""GBP_USD"": 1}"
2026-04-09 13:47:00+00:00,100005.3958044976,0.9996930752969823,False,"{""EURUSD"": 1.0, ""GBPUSD"": 1.0, ""USDJPY"": -1.0}","{""EURUSD"": 0.3333333333333333, ""GBPUSD"": 0.3333333333333333, ""USDJPY"": -0.3333333333333333}","{""EUR_USD"": 11405, ""GBP_USD"": 9932, ""USD_JPY"": -13333}","{""EUR_USD"": 11404, ""GBP_USD"": 9930, ""USD_JPY"": -13334}","{""EUR_USD"": -1, ""GBP_USD"": -2, ""USD_JPY"": -1}"
2026-04-09 13:48:00+00:00,100001.2742264838,0.9998342470385357,False,"{""EURUSD"": 1.0, ""GBPUSD"": 1.0, ""USDJPY"": -1.0}","{""EURUSD"": 0.3333333333333333, ""GBPUSD"": 0.3333333333333333, ""USDJPY"": -0.3333333333333333}","{""EUR_USD"": 11404, ""GBP_USD"": 9930, ""USD_JPY"": -13334}","{""EUR_USD"": 11405, ""GBP_USD"": 9930, ""USD_JPY"": -13333}","{""EUR_USD"": 1, ""USD_JPY"": 1}"
2026-04-09 13:49:00+00:00,100003.20859061727,0.9997666951218537,False,"{""EURUSD"": 1.0, ""GBPUSD"": 1.0, ""USDJPY"": -1.0}","{""EURUSD"": 0.3333333333333333, ""GBPUSD"": 0.3333333333333333, ""USDJPY"": -0.3333333333333333}","{""EUR_USD"": 11405, ""GBP_USD"": 9930, ""USD_JPY"": -13333}","{""EUR_USD"": 11405, ""GBP_USD"": 9931, ""USD_JPY"": -13333}","{""GBP_USD"": 1}"
2026-04-09 13:50:00+00:00,100000.0899587694,0.9998647104143447,False,"{""EURUSD"": 1.0, ""GBPUSD"": 1.0, ""USDJPY"": -1.0}","{""EURUSD"": 0.3333333333333333, ""GBPUSD"": 0.3333333333333333, ""USDJPY"": -0.3333333333333333}","{""EUR_USD"": 11405, ""GBP_USD"": 9931, ""USD_JPY"": -13333}","{""EUR_USD"": 11405, ""GBP_USD"": 9931, ""USD_JPY"": -13333}",{}
2026-04-09 13:51:00+00:00,99982.37926152487,1.0001663102183387,False,"{""EURUSD"": 1.0, ""GBPUSD"": 1.0, ""USDJPY"": -1.0}","{""EURUSD"": 0.3333333333333333, ""GBPUSD"": 0.3333333333333333, ""USDJPY"": -0.3333333333333333}","{""EUR_USD"": 11405, ""GBP_USD"": 9931, ""USD_JPY"": -13333}","{""EUR_USD"": 11408, ""GBP_USD"": 9935, ""USD_JPY"": -13330}","{""EUR_USD"": 3, ""GBP_USD"": 4, ""USD_JPY"": 3}"
2026-04-09 13:52:00+00:00,99980.39496089565,1.0002713221804767,True,"{""EURUSD"": 1.0, ""GBPUSD"": 1.0, ""USDJPY"": -1.0}","{""EURUSD"": 0.3333333333333333, ""GBPUSD"": 0.3333333333333333, ""USDJPY"": -0.3333333333333333}","{""EUR_USD"": 11408, ""GBP_USD"": 9935, ""USD_JPY"": -13330}","{""EUR_USD"": 17113, ""GBP_USD"": 14902, ""USD_JPY"": -19996}","{""EUR_USD"": 5705, ""GBP_USD"": 4967, ""USD_JPY"": -6666}"
2026-04-09 13:53:00+00:00,99991.4341930001,1.0001321317966996,False,"{""EURUSD"": 1.0, ""GBPUSD"": 1.0, ""USDJPY"": -1.0}","{""EURUSD"": 0.3333333333333333, ""GBPUSD"": 0.3333333333333333, ""USDJPY"": -0.3333333333333333}","{""EUR_USD"": 17113, ""GBP_USD"": 14902, ""USD_JPY"": -19996}","{""EUR_USD"": 11408, ""GBP_USD"": 9933, ""USD_JPY"": -13332}","{""EUR_USD"": -5705, ""GBP_USD"": -4969, ""USD_JPY"": 6664}"
2026-04-09 13:54:00+00:00,99986.87697804462,1.0002293421625938,False,"{""EURUSD"": 1.0, ""GBPUSD"": 1.0, ""USDJPY"": -1.0}","{""EURUSD"": 0.3333333333333333, ""GBPUSD"": 0.3333333333333333, ""USDJPY"": -0.3333333333333333}","{""EUR_USD"": 11408, ""GBP_USD"": 9933, ""USD_JPY"": -13332}","{""EUR_USD"": 11409, ""GBP_USD"": 9934, ""USD_JPY"": -13331}","{""EUR_USD"": 1, ""GBP_USD"": 1, ""USD_JPY"": 1}"
2026-04-09 13:55:00+00:00,99988.04653289131,1.0002550378962538,False,"{""EURUSD"": 1.0, ""GBPUSD"": 1.0, ""USDJPY"": -1.0}","{""EURUSD"": 0.3333333333333333, ""GBPUSD"": 0.3333333333333333, ""USDJPY"": -0.3333333333333333}","{""EUR_USD"": 11409, ""GBP_USD"": 9934, ""USD_JPY"": -13331}","{""EUR_USD"": 11409, ""GBP_USD"": 9933, ""USD_JPY"": -13331}","{""GBP_USD"": -1}"
2026-04-09 13:56:00+00:00,99991.07953693236,1.00020686613532,False,"{""EURUSD"": 1.0, ""GBPUSD"": 1.0, ""USDJPY"": 1.0}","{""EURUSD"": 0.3333333333333333, ""GBPUSD"": 0.3333333333333333, ""USDJPY"": 0.3333333333333333}","{""EUR_USD"": 11409, ""GBP_USD"": 9933, ""USD_JPY"": -13331}","{""EUR_USD"": 11408, ""GBP_USD"": 9932, ""USD_JPY"": 13332}","{""EUR_USD"": -1, ""GBP_USD"": -1, ""USD_JPY"": 26663}"
2026-04-09 13:57:00+00:00,99990.73429156166,1.0004217815366059,True,"{""EURUSD"": 1.0, ""GBPUSD"": 1.0, ""USDJPY"": 1.0}","{""EURUSD"": 0.3333333333333333, ""GBPUSD"": 0.3333333333333333, ""USDJPY"": 0.3333333333333333}","{""EUR_USD"": 11408, ""GBP_USD"": 9932, ""USD_JPY"": 13332}","{""EUR_USD"": 17116, ""GBP_USD"": 14899, ""USD_JPY"": 19998}","{""EUR_USD"": 5708, ""GBP_USD"": 4967, ""USD_JPY"": 6666}"
2026-04-09 13:58:00+00:00,99987.78093065135,1.0004513161509574,True,"{""EURUSD"": 1.0, ""GBPUSD"": 1.0, ""USDJPY"": 1.0}","{""EURUSD"": 0.3333333333333333, ""GBPUSD"": 0.3333333333333333, ""USDJPY"": 0.3333333333333333}","{""EUR_USD"": 17116, ""GBP_USD"": 14899, ""USD_JPY"": 19998}","{""EUR_USD"": 17117, ""GBP_USD"": 14900, ""USD_JPY"": 19997}","{""EUR_USD"": 1, ""GBP_USD"": 1, ""USD_JPY"": -1}"
2026-04-09 13:59:00+00:00,99989.61478485266,1.0005503840397667,True,"{""EURUSD"": -1.0, ""GBPUSD"": 1.0, ""USDJPY"": 1.0}","{""EURUSD"": -0.3333333333333333, ""GBPUSD"": 0.3333333333333333, ""USDJPY"": 0.3333333333333333}","{""EUR_USD"": 17117, ""GBP_USD"": 14900, ""USD_JPY"": 19997}","{""EUR_USD"": -17118, ""GBP_USD"": 14900, ""USD_JPY"": 19997}","{""EUR_USD"": -34235}"
2026-04-09 14:00:00+00:00,99987.82229576084,1.000573664993637,True,"{""EURUSD"": -1.0, ""GBPUSD"": 1.0, ""USDJPY"": 1.0}","{""EURUSD"": -0.3333333333333333, ""GBPUSD"": 0.3333333333333333, ""USDJPY"": 0.3333333333333333}","{""EUR_USD"": -17118, ""GBP_USD"": 14900, ""USD_JPY"": 19997}","{""EUR_USD"": -17119, ""GBP_USD"": 14902, ""USD_JPY"": 19997}","{""EUR_USD"": -1, ""GBP_USD"": 2}"
2026-04-09 14:01:00+00:00,99985.14890329758,1.0004396137565919,True,"{""EURUSD"": -1.0, ""GBPUSD"": 1.0, ""USDJPY"": 1.0}","{""EURUSD"": -0.3333333333333333, ""GBPUSD"": 0.3333333333333333, ""USDJPY"": 0.3333333333333333}","{""EUR_USD"": -17119, ""GBP_USD"": 14902, ""USD_JPY"": 19997}","{""EUR_USD"": -17116, ""GBP_USD"": 14899, ""USD_JPY"": 19997}","{""EUR_USD"": 3, ""GBP_USD"": -3}"
2026-04-09 14:02:00+00:00,99984.55540761922,1.0004480345271407,False,"{""EURUSD"": -1.0, ""GBPUSD"": 1.0, ""USDJPY"": 1.0}","{""EURUSD"": -0.3333333333333333, ""GBPUSD"": 0.3333333333333333, ""USDJPY"": 0.3333333333333333}","{""EUR_USD"": -17116, ""GBP_USD"": 14899, ""USD_JPY"": 19997}","{""EUR_USD"": -11408, ""GBP_USD"": 9931, ""USD_JPY"": 13331}","{""EUR_USD"": 5708, ""GBP_USD"": -4968, ""USD_JPY"": -6666}"
2026-04-09 14:03:00+00:00,99984.80080787058,1.0003946617020443,False,"{""EURUSD"": -1.0, ""GBPUSD"": 1.0, ""USDJPY"": 1.0}","{""EURUSD"": -0.3333333333333333, ""GBPUSD"": 0.3333333333333333, ""USDJPY"": 0.3333333333333333}","{""EUR_USD"": -11408, ""GBP_USD"": 9931, ""USD_JPY"": 13331}","{""EUR_USD"": -11407, ""GBP_USD"": 9929, ""USD_JPY"": 13331}","{""EUR_USD"": 1, ""GBP_USD"": -2}"
2026-04-09 14:04:00+00:00,99986.00420712397,1.0004544120224828,False,"{""EURUSD"": -1.0, ""GBPUSD"": -1.0, ""USDJPY"": 1.0}","{""EURUSD"": -0.3333333333333333, ""GBPUSD"": -0.3333333333333333, ""USDJPY"": 0.3333333333333333}","{""EUR_USD"": -11407, ""GBP_USD"": 9929, ""USD_JPY"": 13331}","{""EUR_USD"": -11409, ""GBP_USD"": -9931, ""USD_JPY"": 13331}","{""EUR_USD"": -2, ""GBP_USD"": -19860}"
2026-04-09 14:05:00+00:00,99981.91485784577,1.0003320631798032,False,"{""EURUSD"": -1.0, ""GBPUSD"": -1.0, ""USDJPY"": 1.0}","{""EURUSD"": -0.3333333333333333, ""GBPUSD"": -0.3333333333333333, ""USDJPY"": 0.3333333333333333}","{""EUR_USD"": -11409, ""GBP_USD"": -9931, ""USD_JPY"": 13331}","{""EUR_USD"": -11408, ""GBP_USD"": -9929, ""USD_JPY"": 13330}","{""EUR_USD"": 1, ""GBP_USD"": 2, ""USD_JPY"": -1}"
2026-04-09 14:06:00+00:00,99981.32323181567,1.0002949127214995,False,"{""EURUSD"": -1.0, ""GBPUSD"": -1.0, ""USDJPY"": 1.0}","{""EURUSD"": -0.3333333333333333, ""GBPUSD"": -0.3333333333333333, ""USDJPY"": 0.3333333333333333}","{""EUR_USD"": -11408, ""GBP_USD"": -9929, ""USD_JPY"": 13330}","{""EUR_USD"": -11408, ""GBP_USD"": -9929, ""USD_JPY"": 13330}",{}
2026-04-09 14:07:00+00:00,99978.73806271168,1.0001340512370451,False,"{""EURUSD"": -1.0, ""GBPUSD"": -1.0, ""USDJPY"": 1.0}","{""EURUSD"": -0.3333333333333333, ""GBPUSD"": -0.3333333333333333, ""USDJPY"": 0.3333333333333333}","{""EUR_USD"": -11408, ""GBP_USD"": -9929, ""USD_JPY"": 13330}","{""EUR_USD"": -11406, ""GBP_USD"": -9930, ""USD_JPY"": 13330}","{""EUR_USD"": 2, ""GBP_USD"": -1}"
2026-04-09 14:08:00+00:00,99975.71273059324,0.9999985139816678,False,"{""EURUSD"": -1.0, ""GBPUSD"": -1.0, ""USDJPY"": 1.0}","{""EURUSD"": -0.3333333333333333, ""GBPUSD"": -0.3333333333333333, ""USDJPY"": 0.3333333333333333}","{""EUR_USD"": -11406, ""GBP_USD"": -9930, ""USD_JPY"": 13330}","{""EUR_USD"": -11405, ""GBP_USD"": -9929, ""USD_JPY"": 13330}","{""EUR_USD"": 1, ""GBP_USD"": 1}"
2026-04-09 14:09:00+00:00,99977.93075344911,1.000115785595046,False,"{""EURUSD"": -1.0, ""GBPUSD"": -1.0, ""USDJPY"": 1.0}","{""EURUSD"": -0.3333333333333333, ""GBPUSD"": -0.3333333333333333, ""USDJPY"": 0.3333333333333333}","{""EUR_USD"": -11405, ""GBP_USD"": -9929, ""USD_JPY"": 13330}","{""EUR_USD"": -11406, ""GBP_USD"": -9930, ""USD_JPY"": 13330}","{""EUR_USD"": -1, ""GBP_USD"": -1}"
2026-04-09 14:10:00+00:00,99975.83423214905,1.000085817558681,False,"{""EURUSD"": -1.0, ""GBPUSD"": -1.0, ""USDJPY"": 1.0}","{""EURUSD"": -0.3333333333333333, ""GBPUSD"": -0.3333333333333333, ""USDJPY"": 0.3333333333333333}","{""EUR_USD"": -11406, ""GBP_USD"": -9930, ""USD_JPY"": 13330}","{""EUR_USD"": -11405, ""GBP_USD"": -9929, ""USD_JPY"": 13330}","{""EUR_USD"": 1, ""GBP_USD"": 1}"
2026-04-09 14:11:00+00:00,99984.83658672994,1.0002179493553807,False,"{""EURUSD"": -1.0, ""GBPUSD"": -1.0, ""USDJPY"": 1.0}","{""EURUSD"": -0.3333333333333333, ""GBPUSD"": -0.3333333333333333, ""USDJPY"": 0.3333333333333333}","{""EUR_USD"": -11405, ""GBP_USD"": -9929, ""USD_JPY"": 13330}","{""EUR_USD"": -11410, ""GBP_USD"": -9931, ""USD_JPY"": 13331}","{""EUR_USD"": -5, ""GBP_USD"": -2, ""USD_JPY"": 1}"
2026-04-09 14:12:00+00:00,99975.29512961944,1.0000613601736312,False,"{""EURUSD"": -1.0, ""GBPUSD"": -1.0, ""USDJPY"": 1.0}","{""EURUSD"": -0.3333333333333333, ""GBPUSD"": -0.3333333333333333, ""USDJPY"": 0.3333333333333333}","{""EUR_USD"": -11410, ""GBP_USD"": -9931, ""USD_JPY"": 13331}","{""EUR_USD"": -11407, ""GBP_USD"": -9927, ""USD_JPY"": 13330}","{""EUR_USD"": 3, ""GBP_USD"": 4, ""USD_JPY"": -1}"
2026-04-09 14:13:00+00:00,99979.34427231603,1.0001775172732603,False,"{""EURUSD"": -1.0, ""GBPUSD"": -1.0, ""USDJPY"": 1.0}","{""EURUSD"": -0.3333333333333333, ""GBPUSD"": -0.3333333333333333, ""USDJPY"": 0.3333333333333333}","{""EUR_USD"": -11407, ""GBP_USD"": -9927, ""USD_JPY"": 13330}","{""EUR_USD"": -11408, ""GBP_USD"": -9929, ""USD_JPY"": 13330}","{""EUR_USD"": -1, ""GBP_USD"": -2}"
2026-04-09 14:14:00+00:00,99981.00686231602,1.0001765265943723,False,"{""EURUSD"": -1.0, ""GBPUSD"": -1.0, ""USDJPY"": 1.0}","{""EURUSD"": -0.3333333333333333, ""GBPUSD"": -0.3333333333333333, ""USDJPY"": 0.3333333333333333}","{""EUR_USD"": -11408, ""GBP_USD"": -9929, ""USD_JPY"": 13330}","{""EUR_USD"": -11408, ""GBP_USD"": -9930, ""USD_JPY"": 13330}","{""GBP_USD"": -1}"
2026-04-09 14:15:00+00:00,99985.85356128788,1.0003047575929498,True,"{""EURUSD"": -1.0, ""GBPUSD"": -1.0, ""USDJPY"": 1.0}","{""EURUSD"": -0.3333333333333333, ""GBPUSD"": -0.3333333333333333, ""USDJPY"": 0.3333333333333333}","{""EUR_USD"": -11408, ""GBP_USD"": -9930, ""USD_JPY"": 13330}","{""EUR_USD"": -17116, ""GBP_USD"": -14897, ""USD_JPY"": 19997}","{""EUR_USD"": -5708, ""GBP_USD"": -4967, ""USD_JPY"": 6667}"
2026-04-09 14:16:00+00:00,99986.36704128787,1.0003045718406585,True,"{""EURUSD"": -1.0, ""GBPUSD"": -1.0, ""USDJPY"": 1.0}","{""EURUSD"": -0.3333333333333333, ""GBPUSD"": -0.3333333333333333, ""USDJPY"": 0.3333333333333333}","{""EUR_USD"": -17116, ""GBP_USD"": -14897, ""USD_JPY"": 19997}","{""EUR_USD"": -17116, ""GBP_USD"": -14897, ""USD_JPY"": 19997}",{}
2026-04-09 14:17:00+00:00,99982.45448130234,1.0002187542819772,False,"{""EURUSD"": -1.0, ""GBPUSD"": -1.0, ""USDJPY"": 1.0}","{""EURUSD"": -0.3333333333333333, ""GBPUSD"": -0.3333333333333333, ""USDJPY"": 0.3333333333333333}","{""EUR_USD"": -17116, ""GBP_USD"": -14897, ""USD_JPY"": 19997}","{""EUR_USD"": -11410, ""GBP_USD"": -9930, ""USD_JPY"": 13330}","{""EUR_USD"": 5706, ""GBP_USD"": 4967, ""USD_JPY"": -6667}"
2026-04-09 14:18:00+00:00,99986.15767698913,1.0003164599873153,True,"{""EURUSD"": -1.0, ""GBPUSD"": -1.0, ""USDJPY"": 1.0}","{""EURUSD"": -0.3333333333333333, ""GBPUSD"": -0.3333333333333333, ""USDJPY"": 0.3333333333333333}","{""EUR_USD"": -11410, ""GBP_USD"": -9930, ""USD_JPY"": 13330}","{""EUR_USD"": -17117, ""GBP_USD"": -14897, ""USD_JPY"": 19997}","{""EUR_USD"": -5707, ""GBP_USD"": -4967, ""USD_JPY"": 6667}"
2026-04-09 14:19:00+00:00,99988.09210146815,1.0003843214911499,True,"{""EURUSD"": -1.0, ""GBPUSD"": -1.0, ""USDJPY"": 1.0}","{""EURUSD"": -0.3333333333333333, ""GBPUSD"": -0.3333333333333333, ""USDJPY"": 0.3333333333333333}","{""EUR_USD"": -17117, ""GBP_USD"": -14897, ""USD_JPY"": 19997}","{""EUR_USD"": -17118, ""GBP_USD"": -14898, ""USD_JPY"": 19997}","{""EUR_USD"": -1, ""GBP_USD"": -1}"
2026-04-09 14:20:00+00:00,99984.12234290311,1.0003921230873936,True,"{""EURUSD"": -1.0, ""GBPUSD"": 1.0, ""USDJPY"": 1.0}","{""EURUSD"": -0.3333333333333333, ""GBPUSD"": 0.3333333333333333, ""USDJPY"": 0.3333333333333333}","{""EUR_USD"": -17118, ""GBP_USD"": -14898, ""USD_JPY"": 19997}","{""EUR_USD"": -17115, ""GBP_USD"": 14896, ""USD_JPY"": 19996}","{""EUR_USD"": 3, ""GBP_USD"": 29794, ""USD_JPY"": -1}"
2026-04-09 14:21:00+00:00,99984.21629535011,1.000452492582137,True,"{""EURUSD"": -1.0, ""GBPUSD"": 1.0, ""USDJPY"": 1.0}","{""EURUSD"": -0.3333333333333333, ""GBPUSD"": 0.3333333333333333, ""USDJPY"": 0.3333333333333333}","{""EUR_USD"": -17115, ""GBP_USD"": 14896, ""USD_JPY"": 19996}","{""EUR_USD"": -17117, ""GBP_USD"": 14898, ""USD_JPY"": 19996}","{""EUR_USD"": -2, ""GBP_USD"": 2}"
2026-04-09 14:22:00+00:00,99985.80000168485,1.0004783740680885,True,"{""EURUSD"": -1.0, ""GBPUSD"": 1.0, ""USDJPY"": 1.0}","{""EURUSD"": -0.3333333333333333, ""GBPUSD"": 0.3333333333333333, ""USDJPY"": 0.3333333333333333}","{""EUR_USD"": -17117, ""GBP_USD"": 14898, ""USD_JPY"": 19996}","{""EUR_USD"": -17116, ""GBP_USD"": 14896, ""USD_JPY"": 19997}","{""EUR_USD"": 1, ""GBP_USD"": -2, ""USD_JPY"": 1}"
2026-04-09 14:23:00+00:00,99983.25663126474,1.000487847434956,False,"{""EURUSD"": -1.0, ""GBPUSD"": 1.0, ""USDJPY"": 1.0}","{""EURUSD"": -0.3333333333333333, ""GBPUSD"": 0.3333333333333333, ""USDJPY"": 0.3333333333333333}","{""EUR_USD"": -17116, ""GBP_USD"": 14896, ""USD_JPY"": 19997}","{""EUR_USD"": -11407, ""GBP_USD"": 9929, ""USD_JPY"": 13331}","{""EUR_USD"": 5709, ""GBP_USD"": -4967, ""USD_JPY"": -6666}"
2026-04-09 14:24:00+00:00,99981.26736644679,1.0004815318570444,False,"{""EURUSD"": -1.0, ""GBPUSD"": 1.0, ""USDJPY"": 1.0}","{""EURUSD"": -0.3333333333333333, ""GBPUSD"": 0.3333333333333333, ""USDJPY"": 0.3333333333333333}","{""EUR_USD"": -11407, ""GBP_USD"": 9929, ""USD_JPY"": 13331}","{""EUR_USD"": -11406, ""GBP_USD"": 9930, ""USD_JPY"": 13330}","{""EUR_USD"": 1, ""GBP_USD"": 1, ""USD_JPY"": -1}"
2026-04-09 14:25:00+00:00,99982.1998414026,1.0004946583523115,False,"{""EURUSD"": -1.0, ""GBPUSD"": 1.0, ""USDJPY"": 1.0}","{""EURUSD"": -0.3333333333333333, ""GBPUSD"": 0.3333333333333333, ""USDJPY"": 0.3333333333333333}","{""EUR_USD"": -11406, ""GBP_USD"": 9930, ""USD_JPY"": 13330}","{""EUR_USD"": -11406, ""GBP_USD"": 9929, ""USD_JPY"": 13330}","{""GBP_USD"": -1}"
2026-04-09 14:26:00+00:00,99982.62846528641,1.000567535168017,True,"{""EURUSD"": -1.0, ""GBPUSD"": 1.0, ""USDJPY"": 1.0}","{""EURUSD"": -0.3333333333333333, ""GBPUSD"": 0.3333333333333333, ""USDJPY"": 0.3333333333333333}","{""EUR_USD"": -11406, ""GBP_USD"": 9929, ""USD_JPY"": 13330}","{""EUR_USD"": -17110, ""GBP_USD"": 14895, ""USD_JPY"": 19996}","{""EUR_USD"": -5704, ""GBP_USD"": 4966, ""USD_JPY"": 6666}"
2026-04-09 14:27:00+00:00,99981.63949497238,1.0006036949474324,True,"{""EURUSD"": -1.0, ""GBPUSD"": 1.0, ""USDJPY"": 1.0}","{""EURUSD"": -0.3333333333333333, ""GBPUSD"": 0.3333333333333333, ""USDJPY"": 0.3333333333333333}","{""EUR_USD"": -17110, ""GBP_USD"": 14895, ""USD_JPY"": 19996}","{""EUR_USD"": -17111, ""GBP_USD"": 14897, ""USD_JPY"": 19996}","{""EUR_USD"": -1, ""GBP_USD"": 2}"
2026-04-09 14:28:00+00:00,99986.40652607303,1.000690565102432,True,"{""EURUSD"": -1.0, ""GBPUSD"": -1.0, ""USDJPY"": 1.0}","{""EURUSD"": -0.3333333333333333, ""GBPUSD"": -0.3333333333333333, ""USDJPY"": 0.3333333333333333}","{""EUR_USD"": -17111, ""GBP_USD"": 14897, ""USD_JPY"": 19996}","{""EUR_USD"": -17113, ""GBP_USD"": -14896, ""USD_JPY"": 19997}","{""EUR_USD"": -2, ""GBP_USD"": -29793, ""USD_JPY"": 1}"
2026-04-09 14:29:00+00:00,99983.85730746076,1.0007165085058143,True,"{""EURUSD"": -1.0, ""GBPUSD"": -1.0, ""USDJPY"": 1.0}","{""EURUSD"": -0.3333333333333333, ""GBPUSD"": -0.3333333333333333, ""USDJPY"": 0.3333333333333333}","{""EUR_USD"": -17113, ""GBP_USD"": -14896, ""USD_JPY"": 19997}","{""EUR_USD"": -17111, ""GBP_USD"": -14895, ""USD_JPY"": 19996}","{""EUR_USD"": 2, ""GBP_USD"": 1, ""USD_JPY"": -1}"
2026-04-09 14:30:00+00:00,100000.73844268871,1.0009221362925242,True,"{""EURUSD"": -1.0, ""GBPUSD"": -1.0, ""USDJPY"": 1.0}","{""EURUSD"": -0.3333333333333333, ""GBPUSD"": -0.3333333333333333, ""USDJPY"": 0.3333333333333333}","{""EUR_USD"": -17111, ""GBP_USD"": -14895, ""USD_JPY"": 19996}","{""EUR_USD"": -17119, ""GBP_USD"": -14902, ""USD_JPY"": 20000}","{""EUR_USD"": -8, ""GBP_USD"": -7, ""USD_JPY"": 4}"
2026-04-09 14:31:00+00:00,100011.01552341957,1.0011615090788597,True,"{""EURUSD"": -1.0, ""GBPUSD"": -1.0, ""USDJPY"": 1.0}","{""EURUSD"": -0.3333333333333333, ""GBPUSD"": -0.3333333333333333, ""USDJPY"": 0.3333333333333333}","{""EUR_USD"": -17119, ""GBP_USD"": -14902, ""USD_JPY"": 20000}","{""EUR_USD"": -17123, ""GBP_USD"": -14906, ""USD_JPY"": 20002}","{""EUR_USD"": -4, ""GBP_USD"": -4, ""USD_JPY"": 2}"
2026-04-09 14:32:00+00:00,100014.25786850884,1.001153955152338,True,"{""EURUSD"": -1.0, ""GBPUSD"": -1.0, ""USDJPY"": 1.0}","{""EURUSD"": -0.3333333333333333, ""GBPUSD"": -0.3333333333333333, ""USDJPY"": 0.3333333333333333}","{""EUR_USD"": -17123, ""GBP_USD"": -14906, ""USD_JPY"": 20002}","{""EUR_USD"": -17124, ""GBP_USD"": -14908, ""USD_JPY"": 20002}","{""EUR_USD"": -1, ""GBP_USD"": -2}"
2026-04-09 14:33:00+00:00,100012.36063552983,1.001142190840542,True,"{""EURUSD"": -1.0, ""GBPUSD"": -1.0, ""USDJPY"": 1.0}","{""EURUSD"": -0.3333333333333333, ""GBPUSD"": -0.3333333333333333, ""USDJPY"": 0.3333333333333333}","{""EUR_USD"": -17124, ""GBP_USD"": -14908, ""USD_JPY"": 20002}","{""EUR_USD"": -17123, ""GBP_USD"": -14907, ""USD_JPY"": 20002}","{""EUR_USD"": 1, ""GBP_USD"": 1}"
2026-04-09 14:34:00+00:00,100016.73130994094,1.0010531535754745,True,"{""EURUSD"": -1.0, ""GBPUSD"": -1.0, ""USDJPY"": 1.0}","{""EURUSD"": -0.3333333333333333, ""GBPUSD"": -0.3333333333333333, ""USDJPY"": 0.3333333333333333}","{""EUR_USD"": -17123, ""GBP_USD"": -14907, ""USD_JPY"": 20002}","{""EUR_USD"": -17127, ""GBP_USD"": -14910, ""USD_JPY"": 20003}","{""EUR_USD"": -4, ""GBP_USD"": -3, ""USD_JPY"": 1}"
2026-04-09 14:35:00+00:00,100017.75892994093,1.0010527820708917,True,"{""EURUSD"": -1.0, ""GBPUSD"": -1.0, ""USDJPY"": 1.0}","{""EURUSD"": -0.3333333333333333, ""GBPUSD"": -0.3333333333333333, ""USDJPY"": 0.3333333333333333}","{""EUR_USD"": -17127, ""GBP_USD"": -14910, ""USD_JPY"": 20003}","{""EUR_USD"": -17128, ""GBP_USD"": -14910, ""USD_JPY"": 20003}","{""EUR_USD"": -1}"
2026-04-09 14:36:00+00:00,100037.43295811611,1.0012197733809658,True,"{""EURUSD"": -1.0, ""GBPUSD"": -1.0, ""USDJPY"": 1.0}","{""EURUSD"": -0.3333333333333333, ""GBPUSD"": -0.3333333333333333, ""USDJPY"": 0.3333333333333333}","{""EUR_USD"": -17128, ""GBP_USD"": -14910, ""USD_JPY"": 20003}","{""EUR_USD"": -17136, ""GBP_USD"": -14921, ""USD_JPY"": 20007}","{""EUR_USD"": -8, ""GBP_USD"": -11, ""USD_JPY"": 4}"
2026-04-09 14:37:00+00:00,100034.03334660825,1.001296055655349,True,"{""EURUSD"": -1.0, ""GBPUSD"": -1.0, ""USDJPY"": 1.0}","{""EURUSD"": -0.3333333333333333, ""GBPUSD"": -0.3333333333333333, ""USDJPY"": 0.3333333333333333}","{""EUR_USD"": -17136, ""GBP_USD"": -14921, ""USD_JPY"": 20007}","{""EUR_USD"": -17135, ""GBP_USD"": -14917, ""USD_JPY"": 20006}","{""EUR_USD"": 1, ""GBP_USD"": 4, ""USD_JPY"": -1}"
2026-04-09 14:38:00+00:00,100030.49998658766,1.0012100523443765,True,"{""EURUSD"": -1.0, ""GBPUSD"": -1.0, ""USDJPY"": 1.0}","{""EURUSD"": -0.3333333333333333, ""GBPUSD"": -0.3333333333333333, ""USDJPY"": 0.3333333333333333}","{""EUR_USD"": -17135, ""GBP_USD"": -14917, ""USD_JPY"": 20006}","{""EUR_USD"": -17133, ""GBP_USD"": -14916, ""USD_JPY"": 20006}","{""EUR_USD"": 2, ""GBP_USD"": 1}"
2026-04-09 14:39:00+00:00,100018.86591727183,1.0010772394559413,True,"{""EURUSD"": -1.0, ""GBPUSD"": -1.0, ""USDJPY"": 1.0}","{""EURUSD"": -0.3333333333333333, ""GBPUSD"": -0.3333333333333333, ""USDJPY"": 0.3333333333333333}","{""EUR_USD"": -17133, ""GBP_USD"": -14916, ""USD_JPY"": 20006}","{""EUR_USD"": -17127, ""GBP_USD"": -14912, ""USD_JPY"": 20003}","{""EUR_USD"": 6, ""GBP_USD"": 4, ""USD_JPY"": -3}"
2026-04-09 14:40:00+00:00,100017.01391816612,1.001059221483664,True,"{""EURUSD"": -1.0, ""GBPUSD"": -1.0, ""USDJPY"": 1.0}","{""EURUSD"": -0.3333333333333333, ""GBPUSD"": -0.3333333333333333, ""USDJPY"": 0.3333333333333333}","{""EUR_USD"": -17127, ""GBP_USD"": -14912, ""USD_JPY"": 20003}","{""EUR_USD"": -17126, ""GBP_USD"": -14911, ""USD_JPY"": 20003}","{""EUR_USD"": 1, ""GBP_USD"": 1}"
2026-04-09 14:41:00+00:00,100022.74327605884,1.0011506116110909,True,"{""EURUSD"": -1.0, ""GBPUSD"": -1.0, ""USDJPY"": 1.0}","{""EURUSD"": -0.3333333333333333, ""GBPUSD"": -0.3333333333333333, ""USDJPY"": 0.3333333333333333}","{""EUR_USD"": -17126, ""GBP_USD"": -14911, ""USD_JPY"": 20003}","{""EUR_USD"": -17128, ""GBP_USD"": -14913, ""USD_JPY"": 20004}","{""EUR_USD"": -2, ""GBP_USD"": -2, ""USD_JPY"": 1}"
2026-04-09 14:42:00+00:00,100031.92152186768,1.0012094331700714,True,"{""EURUSD"": -1.0, ""GBPUSD"": -1.0, ""USDJPY"": 1.0}","{""EURUSD"": -0.3333333333333333, ""GBPUSD"": -0.3333333333333333, ""USDJPY"": 0.3333333333333333}","{""EUR_USD"": -17128, ""GBP_USD"": -14913, ""USD_JPY"": 20004}","{""EUR_USD"": -17133, ""GBP_USD"": -14918, ""USD_JPY"": 20006}","{""EUR_USD"": -5, ""GBP_USD"": -5, ""USD_JPY"": 2}"
2026-04-09 14:43:00+00:00,100034.16046993995,1.0012772327564754,True,"{""EURUSD"": -1.0, ""GBPUSD"": -1.0, ""USDJPY"": 1.0}","{""EURUSD"": -0.3333333333333333, ""GBPUSD"": -0.3333333333333333, ""USDJPY"": 0.3333333333333333}","{""EUR_USD"": -17133, ""GBP_USD"": -14918, ""USD_JPY"": 20006}","{""EUR_USD"": -17134, ""GBP_USD"": -14918, ""USD_JPY"": 20006}","{""EUR_USD"": -1}"
2026-04-09 14:44:00+00:00,100037.94699290054,1.0012444784357377,True,"{""EURUSD"": -1.0, ""GBPUSD"": -1.0, ""USDJPY"": 1.0}","{""EURUSD"": -0.3333333333333333, ""GBPUSD"": -0.3333333333333333, ""USDJPY"": 0.3333333333333333}","{""EUR_USD"": -17134, ""GBP_USD"": -14918, ""USD_JPY"": 20006}","{""EUR_USD"": -17135, ""GBP_USD"": -14921, ""USD_JPY"": 20007}","{""EUR_USD"": -1, ""GBP_USD"": -3, ""USD_JPY"": 1}"
2026-04-09 14:45:00+00:00,100026.72791286034,1.0011989072068854,True,"{""EURUSD"": -1.0, ""GBPUSD"": -1.0, ""USDJPY"": 1.0}","{""EURUSD"": -0.3333333333333333, ""GBPUSD"": -0.3333333333333333, ""USDJPY"": 0.3333333333333333}","{""EUR_USD"": -17135, ""GBP_USD"": -14921, ""USD_JPY"": 20007}","{""EUR_USD"": -17129, ""GBP_USD"": -14916, ""USD_JPY"": 20005}","{""EUR_USD"": 6, ""GBP_USD"": 5, ""USD_JPY"": -2}"
2026-04-09 14:46:00+00:00,100035.12705627052,1.0012393392890058,True,"{""EURUSD"": -1.0, ""GBPUSD"": -1.0, ""USDJPY"": 1.0}","{""EURUSD"": -0.3333333333333333, ""GBPUSD"": -0.3333333333333333, ""USDJPY"": 0.3333333333333333}","{""EUR_USD"": -17129, ""GBP_USD"": -14916, ""USD_JPY"": 20005}","{""EUR_USD"": -17134, ""GBP_USD"": -14920, ""USD_JPY"": 20007}","{""EUR_USD"": -5, ""GBP_USD"": -4, ""USD_JPY"": 2}"
2026-04-09 14:47:00+00:00,100036.78205472494,1.0012761801601568,True,"{""EURUSD"": -1.0, ""GBPUSD"": -1.0, ""USDJPY"": 1.0}","{""EURUSD"": -0.3333333333333333, ""GBPUSD"": -0.3333333333333333, ""USDJPY"": 0.3333333333333333}","{""EUR_USD"": -17134, ""GBP_USD"": -14920, ""USD_JPY"": 20007}","{""EUR_USD"": -17135, ""GBP_USD"": -14920, ""USD_JPY"": 20007}","{""EUR_USD"": -1}"
2026-04-09 14:48:00+00:00,100040.45732326996,1.0013683132967495,True,"{""EURUSD"": -1.0, ""GBPUSD"": -1.0, ""USDJPY"": 1.0}","{""EURUSD"": -0.3333333333333333, ""GBPUSD"": -0.3333333333333333, ""USDJPY"": 0.3333333333333333}","{""EUR_USD"": -17135, ""GBP_USD"": -14920, ""USD_JPY"": 20007}","{""EUR_USD"": -17136, ""GBP_USD"": -14922, ""USD_JPY"": 20008}","{""EUR_USD"": -1, ""GBP_USD"": -2, ""USD_JPY"": 1}"
2026-04-09 14:49:00+00:00,100042.03808326996,1.0013676941224443,True,"{""EURUSD"": -1.0, ""GBPUSD"": -1.0, ""USDJPY"": 1.0}","{""EURUSD"": -0.3333333333333333, ""GBPUSD"": -0.3333333333333333, ""USDJPY"": 0.3333333333333333}","{""EUR_USD"": -17136, ""GBP_USD"": -14922, ""USD_JPY"": 20008}","{""EUR_USD"": -17137, ""GBP_USD"": -14923, ""USD_JPY"": 20008}","{""EUR_USD"": -1, ""GBP_USD"": -1}"
2026-04-09 14:50:00+00:00,100040.69131618603,1.001430664149269,True,"{""EURUSD"": -1.0, ""GBPUSD"": -1.0, ""USDJPY"": 1.0}","{""EURUSD"": -0.3333333333333333, ""GBPUSD"": -0.3333333333333333, ""USDJPY"": 0.3333333333333333}","{""EUR_USD"": -17137, ""GBP_USD"": -14923, ""USD_JPY"": 20008}","{""EUR_USD"": -17136, ""GBP_USD"": -14921, ""USD_JPY"": 20008}","{""EUR_USD"": 1, ""GBP_USD"": 2}"
2026-04-09 14:51:00+00:00,100039.72960618603,1.001431035653852,True,"{""EURUSD"": -1.0, ""GBPUSD"": -1.0, ""USDJPY"": 1.0}","{""EURUSD"": -0.3333333333333333, ""GBPUSD"": -0.3333333333333333, ""USDJPY"": 0.3333333333333333}","{""EUR_USD"": -17136, ""GBP_USD"": -14921, ""USD_JPY"": 20008}","{""EUR_USD"": -17135, ""GBP_USD"": -14920, ""USD_JPY"": 20007}","{""EUR_USD"": 1, ""GBP_USD"": 1, ""USD_JPY"": -1}"
2026-04-09 14:52:00+00:00,100045.1201530522,1.001441313947316,True,"{""EURUSD"": -1.0, ""GBPUSD"": -1.0, ""USDJPY"": 1.0}","{""EURUSD"": -0.3333333333333333, ""GBPUSD"": -0.3333333333333333, ""USDJPY"": 0.3333333333333333}","{""EUR_USD"": -17135, ""GBP_USD"": -14920, ""USD_JPY"": 20007}","{""EUR_USD"": -17137, ""GBP_USD"": -14925, ""USD_JPY"": 20009}","{""EUR_USD"": -2, ""GBP_USD"": -5, ""USD_JPY"": 2}"
2026-04-09 14:53:00+00:00,100044.9045430522,1.0014413758647465,True,"{""EURUSD"": -1.0, ""GBPUSD"": -1.0, ""USDJPY"": 1.0}","{""EURUSD"": -0.3333333333333333, ""GBPUSD"": -0.3333333333333333, ""USDJPY"": 0.3333333333333333}","{""EUR_USD"": -17137, ""GBP_USD"": -14925, ""USD_JPY"": 20009}","{""EUR_USD"": -17136, ""GBP_USD"": -14925, ""USD_JPY"": 20008}","{""EUR_USD"": 1, ""USD_JPY"": -1}"
2026-04-09 14:54:00+00:00,100042.59245697637,1.0014484963692547,True,"{""EURUSD"": -1.0, ""GBPUSD"": -1.0, ""USDJPY"": 1.0}","{""EURUSD"": -0.3333333333333333, ""GBPUSD"": -0.3333333333333333, ""USDJPY"": 0.3333333333333333}","{""EUR_USD"": -17136, ""GBP_USD"": -14925, ""USD_JPY"": 20008}","{""EUR_USD"": -17135, ""GBP_USD"": -14924, ""USD_JPY"": 20008}","{""EUR_USD"": 1, ""GBP_USD"": 1}"
2026-04-09 14:55:00+00:00,100027.11583750724,1.001336054315456,True,"{""EURUSD"": -1.0, ""GBPUSD"": -1.0, ""USDJPY"": 1.0}","{""EURUSD"": -0.3333333333333333, ""GBPUSD"": -0.3333333333333333, ""USDJPY"": 0.3333333333333333}","{""EUR_USD"": -17135, ""GBP_USD"": -14924, ""USD_JPY"": 20008}","{""EUR_USD"": -17128, ""GBP_USD"": -14915, ""USD_JPY"": 20005}","{""EUR_USD"": 7, ""GBP_USD"": 9, ""USD_JPY"": -3}"
2026-04-09 14:56:00+00:00,100012.79930379595,1.00120435594077,True,"{""EURUSD"": -1.0, ""GBPUSD"": -1.0, ""USDJPY"": 1.0}","{""EURUSD"": -0.3333333333333333, ""GBPUSD"": -0.3333333333333333, ""USDJPY"": 0.3333333333333333}","{""EUR_USD"": -17128, ""GBP_USD"": -14915, ""USD_JPY"": 20005}","{""EUR_USD"": -17121, ""GBP_USD"": -14908, ""USD_JPY"": 20002}","{""EUR_USD"": 7, ""GBP_USD"": 7, ""USD_JPY"": -3}"
2026-04-09 14:57:00+00:00,100021.0775319033,1.0013944424524233,True,"{""EURUSD"": -1.0, ""GBPUSD"": -1.0, ""USDJPY"": 1.0}","{""EURUSD"": -0.3333333333333333, ""GBPUSD"": -0.3333333333333333, ""USDJPY"": 0.3333333333333333}","{""EUR_USD"": -17121, ""GBP_USD"": -14908, ""USD_JPY"": 20002}","{""EUR_USD"": -17122, ""GBP_USD"": -14913, ""USD_JPY"": 20004}","{""EUR_USD"": -1, ""GBP_USD"": -5, ""USD_JPY"": 2}"
2026-04-09 14:58:00+00:00,100013.37956152191,1.0013163026551246,True,"{""EURUSD"": -1.0, ""GBPUSD"": -1.0, ""USDJPY"": 1.0}","{""EURUSD"": -0.3333333333333333, ""GBPUSD"": -0.3333333333333333, ""USDJPY"": 0.3333333333333333}","{""EUR_USD"": -17122, ""GBP_USD"": -14913, ""USD_JPY"": 20004}","{""EUR_USD"": -17118, ""GBP_USD"": -14910, ""USD_JPY"": 20002}","{""EUR_USD"": 4, ""GBP_USD"": 3, ""USD_JPY"": -2}"
2026-04-09 14:59:00+00:00,100011.44087802919,1.0011922201243908,True,"{""EURUSD"": -1.0, ""GBPUSD"": -1.0, ""USDJPY"": 1.0}","{""EURUSD"": -0.3333333333333333, ""GBPUSD"": -0.3333333333333333, ""USDJPY"": 0.3333333333333333}","{""EUR_USD"": -17118, ""GBP_USD"": -14910, ""USD_JPY"": 20002}","{""EUR_USD"": -17118, ""GBP_USD"": -14910, ""USD_JPY"": 20002}",{}
2026-04-09 15:00:00+00:00,100008.5278485648,1.0011558745926836,True,"{""EURUSD"": -1.0, ""GBPUSD"": -1.0, ""USDJPY"": 1.0}","{""EURUSD"": -0.3333333333333333, ""GBPUSD"": -0.3333333333333333, ""USDJPY"": 0.3333333333333333}","{""EUR_USD"": -17118, ""GBP_USD"": -14910, ""USD_JPY"": 20002}","{""EUR_USD"": -17116, ""GBP_USD"": -14909, ""USD_JPY"": 20001}","{""EUR_USD"": 2, ""GBP_USD"": 1, ""USD_JPY"": -1}"
2026-04-09 15:01:00+00:00,100015.40258457205,1.0012530230411476,True,"{""EURUSD"": -1.0, ""GBPUSD"": -1.0, ""USDJPY"": 1.0}","{""EURUSD"": -0.3333333333333333, ""GBPUSD"": -0.3333333333333333, ""USDJPY"": 0.3333333333333333}","{""EUR_USD"": -17116, ""GBP_USD"": -14909, ""USD_JPY"": 20001}","{""EUR_USD"": -17119, ""GBP_USD"": -14912, ""USD_JPY"": 20003}","{""EUR_USD"": -3, ""GBP_USD"": -3, ""USD_JPY"": 2}"
2026-04-09 15:02:00+00:00,100021.48571128528,1.0013130829487382,True,"{""EURUSD"": -1.0, ""GBPUSD"": -1.0, ""USDJPY"": 1.0}","{""EURUSD"": -0.3333333333333333, ""GBPUSD"": -0.3333333333333333, ""USDJPY"": 0.3333333333333333}","{""EUR_USD"": -17119, ""GBP_USD"": -14912, ""USD_JPY"": 20003}","{""EUR_USD"": -17122, ""GBP_USD"": -14915, ""USD_JPY"": 20004}","{""EUR_USD"": -3, ""GBP_USD"": -3, ""USD_JPY"": 1}"
2026-04-09 15:03:00+00:00,100032.14846231838,1.001446205424326,True,"{""EURUSD"": -1.0, ""GBPUSD"": -1.0, ""USDJPY"": 1.0}","{""EURUSD"": -0.3333333333333333, ""GBPUSD"": -0.3333333333333333, ""USDJPY"": 0.3333333333333333}","{""EUR_USD"": -17122, ""GBP_USD"": -14915, ""USD_JPY"": 20004}","{""EUR_USD"": -17127, ""GBP_USD"": -14920, ""USD_JPY"": 20006}","{""EUR_USD"": -5, ""GBP_USD"": -5, ""USD_JPY"": 2}"
2026-04-09 15:04:00+00:00,100029.6802678161,1.0015345615976579,True,"{""EURUSD"": -1.0, ""GBPUSD"": -1.0, ""USDJPY"": 1.0}","{""EURUSD"": -0.3333333333333333, ""GBPUSD"": -0.3333333333333333, ""USDJPY"": 0.3333333333333333}","{""EUR_USD"": -17127, ""GBP_USD"": -14920, ""USD_JPY"": 20006}","{""EUR_USD"": -17125, ""GBP_USD"": -14918, ""USD_JPY"": 20005}","{""EUR_USD"": 2, ""GBP_USD"": 2, ""USD_JPY"": -1}"
2026-04-09 15:05:00+00:00,100030.4040978161,1.0015342520105053,True,"{""EURUSD"": -1.0, ""GBPUSD"": -1.0, ""USDJPY"": 1.0}","{""EURUSD"": -0.3333333333333333, ""GBPUSD"": -0.3333333333333333, ""USDJPY"": 0.3333333333333333}","{""EUR_USD"": -17125, ""GBP_USD"": -14918, ""USD_JPY"": 20005}","{""EUR_USD"": -17125, ""GBP_USD"": -14918, ""USD_JPY"": 20006}","{""USD_JPY"": 1}"
2026-04-09 15:06:00+00:00,100027.34106277196,1.001497968396229,True,"{""EURUSD"": -1.0, ""GBPUSD"": -1.0, ""USDJPY"": 1.0}","{""EURUSD"": -0.3333333333333333, ""GBPUSD"": -0.3333333333333333, ""USDJPY"": 0.3333333333333333}","{""EUR_USD"": -17125, ""GBP_USD"": -14918, ""USD_JPY"": 20006}","{""EUR_USD"": -17123, ""GBP_USD"": -14917, ""USD_JPY"": 20005}","{""EUR_USD"": 2, ""GBP_USD"": 1, ""USD_JPY"": -1}"
2026-04-09 15:07:00+00:00,100036.55083104098,1.0015380908911968,True,"{""EURUSD"": -1.0, ""GBPUSD"": -1.0, ""USDJPY"": 1.0}","{""EURUSD"": -0.3333333333333333, ""GBPUSD"": -0.3333333333333333, ""USDJPY"": 0.3333333333333333}","{""EUR_USD"": -17123, ""GBP_USD"": -14917, ""USD_JPY"": 20005}","{""EUR_USD"": -17128, ""GBP_USD"": -14922, ""USD_JPY"": 20007}","{""EUR_USD"": -5, ""GBP_USD"": -5, ""USD_JPY"": 2}"
2026-04-09 15:08:00+00:00,100038.66197815907,1.0016059523950311,True,"{""EURUSD"": -1.0, ""GBPUSD"": -1.0, ""USDJPY"": 1.0}","{""EURUSD"": -0.3333333333333333, ""GBPUSD"": -0.3333333333333333, ""USDJPY"": 0.3333333333333333}","{""EUR_USD"": -17128, ""GBP_USD"": -14922, ""USD_JPY"": 20007}","{""EUR_USD"": -17130, ""GBP_USD"": -14922, ""USD_JPY"": 20007}","{""EUR_USD"": -2}"
2026-04-09 15:09:00+00:00,100040.95640951925,1.001530165460092,True,"{""EURUSD"": -1.0, ""GBPUSD"": -1.0, ""USDJPY"": 1.0}","{""EURUSD"": -0.3333333333333333, ""GBPUSD"": -0.3333333333333333, ""USDJPY"": 0.3333333333333333}","{""EUR_USD"": -17130, ""GBP_USD"": -14922, ""USD_JPY"": 20007}","{""EUR_USD"": -17132, ""GBP_USD"": -14924, ""USD_JPY"": 20008}","{""EUR_USD"": -2, ""GBP_USD"": -2, ""USD_JPY"": 1}"
2026-04-09 15:10:00+00:00,100036.72820951925,1.0015318372307158,True,"{""EURUSD"": -1.0, ""GBPUSD"": -1.0, ""USDJPY"": 1.0}","{""EURUSD"": -0.3333333333333333, ""GBPUSD"": -0.3333333333333333, ""USDJPY"": 0.3333333333333333}","{""EUR_USD"": -17132, ""GBP_USD"": -14924, ""USD_JPY"": 20008}","{""EUR_USD"": -17130, ""GBP_USD"": -14921, ""USD_JPY"": 20007}","{""EUR_USD"": 2, ""GBP_USD"": 3, ""USD_JPY"": -1}"
2026-04-09 15:11:00+00:00,100047.5529588206,1.0017397559623542,True,"{""EURUSD"": 1.0, ""GBPUSD"": -1.0, ""USDJPY"": 1.0}","{""EURUSD"": 0.3333333333333333, ""GBPUSD"": -0.3333333333333333, ""USDJPY"": 0.3333333333333333}","{""EUR_USD"": -17130, ""GBP_USD"": -14921, ""USD_JPY"": 20007}","{""EUR_USD"": 17133, ""GBP_USD"": -14926, ""USD_JPY"": 20009}","{""EUR_USD"": 34263, ""GBP_USD"": -5, ""USD_JPY"": 2}"
2026-04-09 15:12:00+00:00,100048.94784917442,1.0017769064206579,True,"{""EURUSD"": 1.0, ""GBPUSD"": -1.0, ""USDJPY"": 1.0}","{""EURUSD"": 0.3333333333333333, ""GBPUSD"": -0.3333333333333333, ""USDJPY"": 0.3333333333333333}","{""EUR_USD"": 17133, ""GBP_USD"": -14926, ""USD_JPY"": 20009}","{""EUR_USD"": 17133, ""GBP_USD"": -14926, ""USD_JPY"": 20009}",{}
2026-04-09 15:13:00+00:00,100050.96269042834,1.0017417992375612,True,"{""EURUSD"": 1.0, ""GBPUSD"": -1.0, ""USDJPY"": 1.0}","{""EURUSD"": 0.3333333333333333, ""GBPUSD"": -0.3333333333333333, ""USDJPY"": 0.3333333333333333}","{""EUR_USD"": 17133, ""GBP_USD"": -14926, ""USD_JPY"": 20009}","{""EUR_USD"": 17130, ""GBP_USD"": -14926, ""USD_JPY"": 20010}","{""EUR_USD"": -3, ""USD_JPY"": 1}"
2026-04-09 15:14:00+00:00,100048.30358683794,1.0016225462664068,True,"{""EURUSD"": 1.0, ""GBPUSD"": -1.0, ""USDJPY"": 1.0}","{""EURUSD"": 0.3333333333333333, ""GBPUSD"": -0.3333333333333333, ""USDJPY"": 0.3333333333333333}","{""EUR_USD"": 17130, ""GBP_USD"": -14926, ""USD_JPY"": 20010}","{""EUR_USD"": 17125, ""GBP_USD"": -14921, ""USD_JPY"": 20009}","{""EUR_USD"": -5, ""GBP_USD"": 5, ""USD_JPY"": -1}"
2026-04-09 15:15:00+00:00,100039.74548578267,1.0012698026648146,True,"{""EURUSD"": 1.0, ""GBPUSD"": -1.0, ""USDJPY"": 1.0}","{""EURUSD"": 0.3333333333333333, ""GBPUSD"": -0.3333333333333333, ""USDJPY"": 0.3333333333333333}","{""EUR_USD"": 17125, ""GBP_USD"": -14921, ""USD_JPY"": 20009}","{""EUR_USD"": 17117, ""GBP_USD"": -14913, ""USD_JPY"": 20007}","{""EUR_USD"": -8, ""GBP_USD"": 8, ""USD_JPY"": -2}"
2026-04-09 15:16:00+00:00,100040.21261803668,1.0013810682874336,True,"{""EURUSD"": 1.0, ""GBPUSD"": -1.0, ""USDJPY"": 1.0}","{""EURUSD"": 0.3333333333333333, ""GBPUSD"": -0.3333333333333333, ""USDJPY"": 0.3333333333333333}","{""EUR_USD"": 17117, ""GBP_USD"": -14913, ""USD_JPY"": 20007}","{""EUR_USD"": 17118, ""GBP_USD"": -14913, ""USD_JPY"": 20008}","{""EUR_USD"": 1, ""USD_JPY"": 1}"
2026-04-09 15:17:00+00:00,100038.32326970175,1.0011238632811121,True,"{""EURUSD"": 1.0, ""GBPUSD"": -1.0, ""USDJPY"": 1.0}","{""EURUSD"": 0.3333333333333333, ""GBPUSD"": -0.3333333333333333, ""USDJPY"": 0.3333333333333333}","{""EUR_USD"": 17118, ""GBP_USD"": -14913, ""USD_JPY"": 20008}","{""EUR_USD"": 17113, ""GBP_USD"": -14911, ""USD_JPY"": 20007}","{""EUR_USD"": -5, ""GBP_USD"": 2, ""USD_JPY"": -1}"
2026-04-09 15:18:00+00:00,100031.25878327819,1.0010525344011694,False,"{""EURUSD"": 1.0, ""GBPUSD"": -1.0, ""USDJPY"": 1.0}","{""EURUSD"": 0.3333333333333333, ""GBPUSD"": -0.3333333333333333, ""USDJPY"": 0.3333333333333333}","{""EUR_USD"": 17113, ""GBP_USD"": -14911, ""USD_JPY"": 20007}","{""EUR_USD"": 11407, ""GBP_USD"": -9936, ""USD_JPY"": 13337}","{""EUR_USD"": -5706, ""GBP_USD"": 4975, ""USD_JPY"": -6670}"
2026-04-09 15:19:00+00:00,100028.66279896208,1.0010120404016187,False,"{""EURUSD"": 1.0, ""GBPUSD"": -1.0, ""USDJPY"": 1.0}","{""EURUSD"": 0.3333333333333333, ""GBPUSD"": -0.3333333333333333, ""USDJPY"": 0.3333333333333333}","{""EUR_USD"": 11407, ""GBP_USD"": -9936, ""USD_JPY"": 13337}","{""EUR_USD"": 11406, ""GBP_USD"": -9934, ""USD_JPY"": 13337}","{""EUR_USD"": -1, ""GBP_USD"": 2}"
2026-04-09 15:20:00+00:00,100030.634136195,1.001020646924459,False,"{""EURUSD"": 1.0, ""GBPUSD"": -1.0, ""USDJPY"": 1.0}","{""EURUSD"": 0.3333333333333333, ""GBPUSD"": -0.3333333333333333, ""USDJPY"": 0.3333333333333333}","{""EUR_USD"": 11406, ""GBP_USD"": -9934, ""USD_JPY"": 13337}","{""EUR_USD"": 11403, ""GBP_USD"": -9933, ""USD_JPY"": 13337}","{""EUR_USD"": -3, ""GBP_USD"": 1}"
2026-04-09 15:21:00+00:00,100032.71317839321,1.0011816941612048,False,"{""EURUSD"": 1.0, ""GBPUSD"": -1.0, ""USDJPY"": 1.0}","{""EURUSD"": 0.3333333333333333, ""GBPUSD"": -0.3333333333333333, ""USDJPY"": 0.3333333333333333}","{""EUR_USD"": 11403, ""GBP_USD"": -9933, ""USD_JPY"": 13337}","{""EUR_USD"": 11403, ""GBP_USD"": -9933, ""USD_JPY"": 13337}",{}
2026-04-09 15:22:00+00:00,100033.03302384319,1.001127825996665,False,"{""EURUSD"": 1.0, ""GBPUSD"": -1.0, ""USDJPY"": 1.0}","{""EURUSD"": 0.3333333333333333, ""GBPUSD"": -0.3333333333333333, ""USDJPY"": 0.3333333333333333}","{""EUR_USD"": 11403, ""GBP_USD"": -9933, ""USD_JPY"": 13337}","{""EUR_USD"": 11402, ""GBP_USD"": -9932, ""USD_JPY"": 13337}","{""EUR_USD"": -1, ""GBP_USD"": 1}"
2026-04-09 15:23:00+00:00,100034.25610006556,1.0010853506393376,False,"{""EURUSD"": 1.0, ""GBPUSD"": 1.0, ""USDJPY"": 1.0}","{""EURUSD"": 0.3333333333333333, ""GBPUSD"": 0.3333333333333333, ""USDJPY"": 0.3333333333333333}","{""EUR_USD"": 11402, ""GBP_USD"": -9932, ""USD_JPY"": 13337}","{""EUR_USD"": 11400, ""GBP_USD"": 9932, ""USD_JPY"": 13337}","{""EUR_USD"": -2, ""GBP_USD"": 19864}"
2026-04-09 15:24:00+00:00,100032.39938955432,1.0009368726409846,False,"{""EURUSD"": 1.0, ""GBPUSD"": 1.0, ""USDJPY"": 1.0}","{""EURUSD"": 0.3333333333333333, ""GBPUSD"": 0.3333333333333333, ""USDJPY"": 0.3333333333333333}","{""EUR_USD"": 11400, ""GBP_USD"": 9932, ""USD_JPY"": 13337}","{""EUR_USD"": 11400, ""GBP_USD"": 9932, ""USD_JPY"": 13337}",{}
2026-04-09 15:25:00+00:00,100030.56414955432,1.0009358200446659,False,"{""EURUSD"": 1.0, ""GBPUSD"": 1.0, ""USDJPY"": 1.0}","{""EURUSD"": 0.3333333333333333, ""GBPUSD"": 0.3333333333333333, ""USDJPY"": 0.3333333333333333}","{""EUR_USD"": 11400, ""GBP_USD"": 9932, ""USD_JPY"": 13337}","{""EUR_USD"": 11401, ""GBP_USD"": 9932, ""USD_JPY"": 13337}","{""EUR_USD"": 1}"
2026-04-09 15:26:00+00:00,100029.06810296835,1.0008980504120575,False,"{""EURUSD"": 1.0, ""GBPUSD"": 1.0, ""USDJPY"": 1.0}","{""EURUSD"": 0.3333333333333333, ""GBPUSD"": 0.3333333333333333, ""USDJPY"": 0.3333333333333333}","{""EUR_USD"": 11401, ""GBP_USD"": 9932, ""USD_JPY"": 13337}","{""EUR_USD"": 11401, ""GBP_USD"": 9933, ""USD_JPY"": 13337}","{""GBP_USD"": 1}"
2026-04-09 15:27:00+00:00,100025.37533265815,1.0008343992934972,False,"{""EURUSD"": 1.0, ""GBPUSD"": 1.0, ""USDJPY"": 1.0}","{""EURUSD"": 0.3333333333333333, ""GBPUSD"": 0.3333333333333333, ""USDJPY"": 0.3333333333333333}","{""EUR_USD"": 11401, ""GBP_USD"": 9933, ""USD_JPY"": 13337}","{""EUR_USD"": 11401, ""GBP_USD"": 9934, ""USD_JPY"": 13336}","{""GBP_USD"": 1, ""USD_JPY"": -1}"
2026-04-09 15:28:00+00:00,100021.53702579443,1.0009304951456424,False,"{""EURUSD"": 1.0, ""GBPUSD"": 1.0, ""USDJPY"": -1.0}","{""EURUSD"": 0.3333333333333333, ""GBPUSD"": 0.3333333333333333, ""USDJPY"": -0.3333333333333333}","{""EUR_USD"": 11401, ""GBP_USD"": 9934, ""USD_JPY"": 13336}","{""EUR_USD"": 11403, ""GBP_USD"": 9935, ""USD_JPY"": -13336}","{""EUR_USD"": 2, ""GBP_USD"": 1, ""USD_JPY"": -26672}"
2026-04-09 15:29:00+00:00,100020.51698323387,1.0010609551717184,False,"{""EURUSD"": 1.0, ""GBPUSD"": 1.0, ""USDJPY"": -1.0}","{""EURUSD"": 0.3333333333333333, ""GBPUSD"": 0.3333333333333333, ""USDJPY"": -0.3333333333333333}","{""EUR_USD"": 11403, ""GBP_USD"": 9935, ""USD_JPY"": -13336}","{""EUR_USD"": 11403, ""GBP_USD"": 9935, ""USD_JPY"": -13336}",{}
2026-04-09 15:30:00+00:00,100021.35847617718,1.0010802114926056,False,"{""EURUSD"": 1.0, ""GBPUSD"": 1.0, ""USDJPY"": -1.0}","{""EURUSD"": 0.3333333333333333, ""GBPUSD"": 0.3333333333333333, ""USDJPY"": -0.3333333333333333}","{""EUR_USD"": 11403, ""GBP_USD"": 9935, ""USD_JPY"": -13336}","{""EUR_USD"": 11403, ""GBP_USD"": 9934, ""USD_JPY"": -13336}","{""GBP_USD"": -1}"
2026-04-09 15:31:00+00:00,100024.76802567592,1.0010198419978624,False,"{""EURUSD"": 1.0, ""GBPUSD"": 1.0, ""USDJPY"": -1.0}","{""EURUSD"": 0.3333333333333333, ""GBPUSD"": 0.3333333333333333, ""USDJPY"": -0.3333333333333333}","{""EUR_USD"": 11403, ""GBP_USD"": 9934, ""USD_JPY"": -13336}","{""EUR_USD"": 11403, ""GBP_USD"": 9933, ""USD_JPY"": -13336}","{""GBP_USD"": -1}"
2026-04-09 15:32:00+00:00,100046.08969389115,1.0007140937260244,False,"{""EURUSD"": 1.0, ""GBPUSD"": 1.0, ""USDJPY"": -1.0}","{""EURUSD"": 0.3333333333333333, ""GBPUSD"": 0.3333333333333333, ""USDJPY"": -0.3333333333333333}","{""EUR_USD"": 11403, ""GBP_USD"": 9933, ""USD_JPY"": -13336}","{""EUR_USD"": 11399, ""GBP_USD"": 9928, ""USD_JPY"": -13339}","{""EUR_USD"": -4, ""GBP_USD"": -5, ""USD_JPY"": -3}"
2026-04-09 15:33:00+00:00,100049.52707095003,1.0006474705708,False,"{""EURUSD"": 1.0, ""GBPUSD"": 1.0, ""USDJPY"": -1.0}","{""EURUSD"": 0.3333333333333333, ""GBPUSD"": 0.3333333333333333, ""USDJPY"": -0.3333333333333333}","{""EUR_USD"": 11399, ""GBP_USD"": 9928, ""USD_JPY"": -13339}","{""EUR_USD"": 11398, ""GBP_USD"": 9927, ""USD_JPY"": -13339}","{""EUR_USD"": -1, ""GBP_USD"": -1}"
2026-04-09 15:34:00+00:00,100060.61936326798,1.0001796843833282,False,"{""EURUSD"": 1.0, ""GBPUSD"": 1.0, ""USDJPY"": -1.0}","{""EURUSD"": 0.3333333333333333, ""GBPUSD"": 0.3333333333333333, ""USDJPY"": -0.3333333333333333}","{""EUR_USD"": 11398, ""GBP_USD"": 9927, ""USD_JPY"": -13339}","{""EUR_USD"": 11398, ""GBP_USD"": 9926, ""USD_JPY"": -13341}","{""GBP_USD"": -1, ""USD_JPY"": -2}"
2026-04-09 15:35:00+00:00,100064.27649140182,0.9999945512661155,False,"{""EURUSD"": 1.0, ""GBPUSD"": 1.0, ""USDJPY"": -1.0}","{""EURUSD"": 0.3333333333333333, ""GBPUSD"": 0.3333333333333333, ""USDJPY"": -0.3333333333333333}","{""EUR_USD"": 11398, ""GBP_USD"": 9926, ""USD_JPY"": -13341}","{""EUR_USD"": 11397, ""GBP_USD"": 9927, ""USD_JPY"": -13341}","{""EUR_USD"": -1, ""GBP_USD"": 1}"
2026-04-09 15:36:00+00:00,100061.80218140181,0.9999931271652138,False,"{""EURUSD"": 1.0, ""GBPUSD"": 1.0, ""USDJPY"": -1.0}","{""EURUSD"": 0.3333333333333333, ""GBPUSD"": 0.3333333333333333, ""USDJPY"": -0.3333333333333333}","{""EUR_USD"": 11397, ""GBP_USD"": 9927, ""USD_JPY"": -13341}","{""EUR_USD"": 11398, ""GBP_USD"": 9927, ""USD_JPY"": -13341}","{""EUR_USD"": 1}"
2026-04-09 15:37:00+00:00,100062.88003751173,0.9998564753960871,False,"{""EURUSD"": 1.0, ""GBPUSD"": 1.0, ""USDJPY"": -1.0}","{""EURUSD"": 0.3333333333333333, ""GBPUSD"": 0.3333333333333333, ""USDJPY"": -0.3333333333333333}","{""EUR_USD"": 11398, ""GBP_USD"": 9927, ""USD_JPY"": -13341}","{""EUR_USD"": 11399, ""GBP_USD"": 9927, ""USD_JPY"": -13341}","{""EUR_USD"": 1}"
2026-04-09 15:38:00+00:00,100053.26693972627,1.0000754773477867,False,"{""EURUSD"": 1.0, ""GBPUSD"": 1.0, ""USDJPY"": -1.0}","{""EURUSD"": 0.3333333333333333, ""GBPUSD"": 0.3333333333333333, ""USDJPY"": -0.3333333333333333}","{""EUR_USD"": 11399, ""GBP_USD"": 9927, ""USD_JPY"": -13341}","{""EUR_USD"": 11400, ""GBP_USD"": 9929, ""USD_JPY"": -13340}","{""EUR_USD"": 1, ""GBP_USD"": 2, ""USD_JPY"": 1}"
2026-04-09 15:39:00+00:00,100057.65721666657,0.9998658249280937,False,"{""EURUSD"": 1.0, ""GBPUSD"": 1.0, ""USDJPY"": -1.0}","{""EURUSD"": 0.3333333333333333, ""GBPUSD"": 0.3333333333333333, ""USDJPY"": -0.3333333333333333}","{""EUR_USD"": 11400, ""GBP_USD"": 9929, ""USD_JPY"": -13340}","{""EUR_USD"": 11400, ""GBP_USD"": 9930, ""USD_JPY"": -13341}","{""GBP_USD"": 1, ""USD_JPY"": -1}"
2026-04-09 15:40:00+00:00,100060.19133246856,0.9996925799575382,False,"{""EURUSD"": 1.0, ""GBPUSD"": 1.0, ""USDJPY"": -1.0}","{""EURUSD"": 0.3333333333333333, ""GBPUSD"": 0.3333333333333333, ""USDJPY"": -0.3333333333333333}","{""EUR_USD"": 11400, ""GBP_USD"": 9930, ""USD_JPY"": -13341}","{""EUR_USD"": 11400, ""GBP_USD"": 9930, ""USD_JPY"": -13341}",{}
2026-04-09 15:41:00+00:00,100063.65044388505,0.9996073196557316,False,"{""EURUSD"": 1.0, ""GBPUSD"": 1.0, ""USDJPY"": -1.0}","{""EURUSD"": 0.3333333333333333, ""GBPUSD"": 0.3333333333333333, ""USDJPY"": -0.3333333333333333}","{""EUR_USD"": 11400, ""GBP_USD"": 9930, ""USD_JPY"": -13341}","{""EUR_USD"": 11401, ""GBP_USD"": 9928, ""USD_JPY"": -13341}","{""EUR_USD"": 1, ""GBP_USD"": -2}"
2026-04-09 15:42:00+00:00,100058.02632762677,0.9996976571868397,False,"{""EURUSD"": 1.0, ""GBPUSD"": 1.0, ""USDJPY"": -1.0}","{""EURUSD"": 0.3333333333333333, ""GBPUSD"": 0.3333333333333333, ""USDJPY"": -0.3333333333333333}","{""EUR_USD"": 11401, ""GBP_USD"": 9928, ""USD_JPY"": -13341}","{""EUR_USD"": 11402, ""GBP_USD"": 9929, ""USD_JPY"": -13341}","{""EUR_USD"": 1, ""GBP_USD"": 1}"
2026-04-09 15:43:00+00:00,100052.09895210901,0.9997753635621244,False,"{""EURUSD"": 1.0, ""GBPUSD"": 1.0, ""USDJPY"": -1.0}","{""EURUSD"": 0.3333333333333333, ""GBPUSD"": 0.3333333333333333, ""USDJPY"": -0.3333333333333333}","{""EUR_USD"": 11402, ""GBP_USD"": 9929, ""USD_JPY"": -13341}","{""EUR_USD"": 11404, ""GBP_USD"": 9930, ""USD_JPY"": -13340}","{""EUR_USD"": 2, ""GBP_USD"": 1, ""USD_JPY"": 1}"
2026-04-09 15:44:00+00:00,100056.25813614477,0.9997340646359772,False,"{""EURUSD"": 1.0, ""GBPUSD"": 1.0, ""USDJPY"": -1.0}","{""EURUSD"": 0.3333333333333333, ""GBPUSD"": 0.3333333333333333, ""USDJPY"": -0.3333333333333333}","{""EUR_USD"": 11404, ""GBP_USD"": 9930, ""USD_JPY"": -13340}","{""EUR_USD"": 11402, ""GBP_USD"": 9930, ""USD_JPY"": -13340}","{""EUR_USD"": -2}"
2026-04-09 15:45:00+00:00,100053.18443798025,0.999775920818999,False,"{""EURUSD"": 1.0, ""GBPUSD"": 1.0, ""USDJPY"": -1.0}","{""EURUSD"": 0.3333333333333333, ""GBPUSD"": 0.3333333333333333, ""USDJPY"": -0.3333333333333333}","{""EUR_USD"": 11402, ""GBP_USD"": 9930, ""USD_JPY"": -13340}","{""EUR_USD"": 11402, ""GBP_USD"": 9931, ""USD_JPY"": -13340}","{""GBP_USD"": 1}"
2026-04-09 15:46:00+00:00,100049.49448783632,0.9998673728638564,False,"{""EURUSD"": 1.0, ""GBPUSD"": 1.0, ""USDJPY"": -1.0}","{""EURUSD"": 0.3333333333333333, ""GBPUSD"": 0.3333333333333333, ""USDJPY"": -0.3333333333333333}","{""EUR_USD"": 11402, ""GBP_USD"": 9931, ""USD_JPY"": -13340}","{""EUR_USD"": 11403, ""GBP_USD"": 9931, ""USD_JPY"": -13339}","{""EUR_USD"": 1, ""USD_JPY"": 1}"
2026-04-09 15:47:00+00:00,100059.91678453994,0.9996862643796267,False,"{""EURUSD"": 1.0, ""GBPUSD"": 1.0, ""USDJPY"": -1.0}","{""EURUSD"": 0.3333333333333333, ""GBPUSD"": 0.3333333333333333, ""USDJPY"": -0.3333333333333333}","{""EUR_USD"": 11403, ""GBP_USD"": 9931, ""USD_JPY"": -13339}","{""EUR_USD"": 11401, ""GBP_USD"": 9929, ""USD_JPY"": -13341}","{""EUR_USD"": -2, ""GBP_USD"": -2, ""USD_JPY"": -2}"
2026-04-09 15:48:00+00:00,100069.38168395164,0.9994234868045596,False,"{""EURUSD"": 1.0, ""GBPUSD"": 1.0, ""USDJPY"": -1.0}","{""EURUSD"": 0.3333333333333333, ""GBPUSD"": 0.3333333333333333, ""USDJPY"": -0.3333333333333333}","{""EUR_USD"": 11401, ""GBP_USD"": 9929, ""USD_JPY"": -13341}","{""EUR_USD"": 11400, ""GBP_USD"": 9927, ""USD_JPY"": -13342}","{""EUR_USD"": -1, ""GBP_USD"": -2, ""USD_JPY"": -1}"
2026-04-09 15:49:00+00:00,100063.24334914805,0.9994449102355145,False,"{""EURUSD"": 1.0, ""GBPUSD"": 1.0, ""USDJPY"": -1.0}","{""EURUSD"": 0.3333333333333333, ""GBPUSD"": 0.3333333333333333, ""USDJPY"": -0.3333333333333333}","{""EUR_USD"": 11400, ""GBP_USD"": 9927, ""USD_JPY"": -13342}","{""EUR_USD"": 11403, ""GBP_USD"": 9928, ""USD_JPY"": -13341}","{""EUR_USD"": 3, ""GBP_USD"": 1, ""USD_JPY"": 1}"
2026-04-09 15:50:00+00:00,100063.62063168007,0.999463795051819,False,"{""EURUSD"": 1.0, ""GBPUSD"": 1.0, ""USDJPY"": -1.0}","{""EURUSD"": 0.3333333333333333, ""GBPUSD"": 0.3333333333333333, ""USDJPY"": -0.3333333333333333}","{""EUR_USD"": 11403, ""GBP_USD"": 9928, ""USD_JPY"": -13341}","{""EUR_USD"": 11402, ""GBP_USD"": 9929, ""USD_JPY"": -13341}","{""EUR_USD"": -1, ""GBP_USD"": 1}"
2026-04-09 15:51:00+00:00,100069.14628790764,0.9993733956032802,False,"{""EURUSD"": 1.0, ""GBPUSD"": 1.0, ""USDJPY"": -1.0}","{""EURUSD"": 0.3333333333333333, ""GBPUSD"": 0.3333333333333333, ""USDJPY"": -0.3333333333333333}","{""EUR_USD"": 11402, ""GBP_USD"": 9929, ""USD_JPY"": -13341}","{""EUR_USD"": 11400, ""GBP_USD"": 9928, ""USD_JPY"": -13342}","{""EUR_USD"": -2, ""GBP_USD"": -1, ""USD_JPY"": -1}"
2026-04-09 15:52:00+00:00,100071.76096452039,0.9993000234481308,False,"{""EURUSD"": 1.0, ""GBPUSD"": 1.0, ""USDJPY"": -1.0}","{""EURUSD"": 0.3333333333333333, ""GBPUSD"": 0.3333333333333333, ""USDJPY"": -0.3333333333333333}","{""EUR_USD"": 11400, ""GBP_USD"": 9928, ""USD_JPY"": -13342}","{""EUR_USD"": 11400, ""GBP_USD"": 9927, ""USD_JPY"": -13342}","{""GBP_USD"": -1}"
2026-04-09 15:53:00+00:00,100076.06841012415,0.9993213230442249,False,"{""EURUSD"": 1.0, ""GBPUSD"": 1.0, ""USDJPY"": -1.0}","{""EURUSD"": 0.3333333333333333, ""GBPUSD"": 0.3333333333333333, ""USDJPY"": -0.3333333333333333}","{""EUR_USD"": 11400, ""GBP_USD"": 9927, ""USD_JPY"": -13342}","{""EUR_USD"": 11399, ""GBP_USD"": 9926, ""USD_JPY"": -13343}","{""EUR_USD"": -1, ""GBP_USD"": -1, ""USD_JPY"": -1}"
2026-04-09 15:54:00+00:00,100076.16980277635,0.9992652258521866,False,"{""EURUSD"": 1.0, ""GBPUSD"": 1.0, ""USDJPY"": -1.0}","{""EURUSD"": 0.3333333333333333, ""GBPUSD"": 0.3333333333333333, ""USDJPY"": -0.3333333333333333}","{""EUR_USD"": 11399, ""GBP_USD"": 9926, ""USD_JPY"": -13343}","{""EUR_USD"": 11400, ""GBP_USD"": 9926, ""USD_JPY"": -13343}","{""EUR_USD"": 1}"
2026-04-09 15:55:00+00:00,100078.0204331904,0.9992787857694673,False,"{""EURUSD"": 1.0, ""GBPUSD"": 1.0, ""USDJPY"": -1.0}","{""EURUSD"": 0.3333333333333333, ""GBPUSD"": 0.3333333333333333, ""USDJPY"": -0.3333333333333333}","{""EUR_USD"": 11400, ""GBP_USD"": 9926, ""USD_JPY"": -13343}","{""EUR_USD"": 11399, ""GBP_USD"": 9925, ""USD_JPY"": -13343}","{""EUR_USD"": -1, ""GBP_USD"": -1}"
2026-04-09 15:56:00+00:00,100078.87943247626,0.9993042338334052,False,"{""EURUSD"": 1.0, ""GBPUSD"": 1.0, ""USDJPY"": -1.0}","{""EURUSD"": 0.3333333333333333, ""GBPUSD"": 0.3333333333333333, ""USDJPY"": -0.3333333333333333}","{""EUR_USD"": 11399, ""GBP_USD"": 9925, ""USD_JPY"": -13343}","{""EUR_USD"": 11398, ""GBP_USD"": 9925, ""USD_JPY"": -13343}","{""EUR_USD"": -1}"
2026-04-09 15:57:00+00:00,100070.68743968982,0.999405530749713,False,"{""EURUSD"": 1.0, ""GBPUSD"": 1.0, ""USDJPY"": -1.0}","{""EURUSD"": 0.3333333333333333, ""GBPUSD"": 0.3333333333333333, ""USDJPY"": -0.3333333333333333}","{""EUR_USD"": 11398, ""GBP_USD"": 9925, ""USD_JPY"": -13343}","{""EUR_USD"": 11400, ""GBP_USD"": 9927, ""USD_JPY"": -13342}","{""EUR_USD"": 2, ""GBP_USD"": 2, ""USD_JPY"": 1}"
2026-04-09 15:58:00+00:00,100074.8046768723,0.9993205800350589,False,"{""EURUSD"": 1.0, ""GBPUSD"": 1.0, ""USDJPY"": -1.0}","{""EURUSD"": 0.3333333333333333, ""GBPUSD"": 0.3333333333333333, ""USDJPY"": -0.3333333333333333}","{""EUR_USD"": 11400, ""GBP_USD"": 9927, ""USD_JPY"": -13342}","{""EUR_USD"": 11399, ""GBP_USD"": 9926, ""USD_JPY"": -13343}","{""EUR_USD"": -1, ""GBP_USD"": -1, ""USD_JPY"": -1}"
2026-04-09 15:59:00+00:00,100076.85370285518,0.9992530900358074,False,"{""EURUSD"": 1.0, ""GBPUSD"": 1.0, ""USDJPY"": -1.0}","{""EURUSD"": 0.3333333333333333, ""GBPUSD"": 0.3333333333333333, ""USDJPY"": -0.3333333333333333}","{""EUR_USD"": 11399, ""GBP_USD"": 9926, ""USD_JPY"": -13343}","{""EUR_USD"": 11399, ""GBP_USD"": 9926, ""USD_JPY"": -13343}",{}
2026-04-09 16:00:00+00:00,100077.9931624932,0.9991289455876431,False,"{""EURUSD"": 1.0, ""GBPUSD"": 1.0, ""USDJPY"": -1.0}","{""EURUSD"": 0.3333333333333333, ""GBPUSD"": 0.3333333333333333, ""USDJPY"": -0.3333333333333333}","{""EUR_USD"": 11399, ""GBP_USD"": 9926, ""USD_JPY"": -13343}","{""EUR_USD"": 11399, ""GBP_USD"": 9926, ""USD_JPY"": -13343}",{}
2026-04-09 16:01:00+00:00,100080.02171370956,0.9990365028638979,False,"{""EURUSD"": 1.0, ""GBPUSD"": 1.0, ""USDJPY"": -1.0}","{""EURUSD"": 0.3333333333333333, ""GBPUSD"": 0.3333333333333333, ""USDJPY"": -0.3333333333333333}","{""EUR_USD"": 11399, ""GBP_USD"": 9926, ""USD_JPY"": -13343}","{""EUR_USD"": 11399, ""GBP_USD"": 9926, ""USD_JPY"": -13344}","{""USD_JPY"": -1}"
2026-04-09 16:02:00+00:00,100081.16852133161,0.9989498184611897,False,"{""EURUSD"": 1.0, ""GBPUSD"": 1.0, ""USDJPY"": -1.0}","{""EURUSD"": 0.3333333333333333, ""GBPUSD"": 0.3333333333333333, ""USDJPY"": -0.3333333333333333}","{""EUR_USD"": 11399, ""GBP_USD"": 9926, ""USD_JPY"": -13344}","{""EUR_USD"": 11399, ""GBP_USD"": 9926, ""USD_JPY"": -13344}",{}
2026-04-09 16:03:00+00:00,100082.13398344044,0.998931614736621,False,"{""EURUSD"": 1.0, ""GBPUSD"": 1.0, ""USDJPY"": -1.0}","{""EURUSD"": 0.3333333333333333, ""GBPUSD"": 0.3333333333333333, ""USDJPY"": -0.3333333333333333}","{""EUR_USD"": 11399, ""GBP_USD"": 9926, ""USD_JPY"": -13344}","{""EUR_USD"": 11399, ""GBP_USD"": 9927, ""USD_JPY"": -13344}","{""GBP_USD"": 1}"
2026-04-09 16:04:00+00:00,100084.0669869625,0.9989202219294077,False,"{""EURUSD"": 1.0, ""GBPUSD"": 1.0, ""USDJPY"": -1.0}","{""EURUSD"": 0.3333333333333333, ""GBPUSD"": 0.3333333333333333, ""USDJPY"": -0.3333333333333333}","{""EUR_USD"": 11399, ""GBP_USD"": 9927, ""USD_JPY"": -13344}","{""EUR_USD"": 11398, ""GBP_USD"": 9927, ""USD_JPY"": -13344}","{""EUR_USD"": -1}"
2026-04-09 16:05:00+00:00,100083.71126428398,0.9988451160862042,False,"{""EURUSD"": 1.0, ""GBPUSD"": 1.0, ""USDJPY"": -1.0}","{""EURUSD"": 0.3333333333333333, ""GBPUSD"": 0.3333333333333333, ""USDJPY"": -0.3333333333333333}","{""EUR_USD"": 11398, ""GBP_USD"": 9927, ""USD_JPY"": -13344}","{""EUR_USD"": 11398, ""GBP_USD"": 9927, ""USD_JPY"": -13344}",{}
2026-04-09 16:06:00+00:00,100081.2543831516,0.9989185501587841,False,"{""EURUSD"": 1.0, ""GBPUSD"": 1.0, ""USDJPY"": -1.0}","{""EURUSD"": 0.3333333333333333, ""GBPUSD"": 0.3333333333333333, ""USDJPY"": -0.3333333333333333}","{""EUR_USD"": 11398, ""GBP_USD"": 9927, ""USD_JPY"": -13344}","{""EUR_USD"": 11398, ""GBP_USD"": 9928, ""USD_JPY"": -13344}","{""GBP_USD"": 1}"
2026-04-09 16:07:00+00:00,100091.42858008559,0.998618684042844,False,"{""EURUSD"": 1.0, ""GBPUSD"": 1.0, ""USDJPY"": -1.0}","{""EURUSD"": 0.3333333333333333, ""GBPUSD"": 0.3333333333333333, ""USDJPY"": -0.3333333333333333}","{""EUR_USD"": 11398, ""GBP_USD"": 9928, ""USD_JPY"": -13344}","{""EUR_USD"": 11397, ""GBP_USD"": 9926, ""USD_JPY"": -13345}","{""EUR_USD"": -1, ""GBP_USD"": -2, ""USD_JPY"": -1}"
2026-04-09 16:08:00+00:00,100094.58217086169,0.9984707633013655,False,"{""EURUSD"": 1.0, ""GBPUSD"": 1.0, ""USDJPY"": -1.0}","{""EURUSD"": 0.3333333333333333, ""GBPUSD"": 0.3333333333333333, ""USDJPY"": -0.3333333333333333}","{""EUR_USD"": 11397, ""GBP_USD"": 9926, ""USD_JPY"": -13345}","{""EUR_USD"": 11397, ""GBP_USD"": 9926, ""USD_JPY"": -13345}",{}
2026-04-09 16:09:00+00:00,100086.85173082622,0.9987034490052066,False,"{""EURUSD"": 1.0, ""GBPUSD"": 1.0, ""USDJPY"": -1.0}","{""EURUSD"": 0.3333333333333333, ""GBPUSD"": 0.3333333333333333, ""USDJPY"": -0.3333333333333333}","{""EUR_USD"": 11397, ""GBP_USD"": 9926, ""USD_JPY"": -13345}","{""EUR_USD"": 11398, ""GBP_USD"": 9927, ""USD_JPY"": -13344}","{""EUR_USD"": 1, ""GBP_USD"": 1, ""USD_JPY"": 1}"
2026-04-09 16:10:00+00:00,100091.45662797493,0.9986375069417178,False,"{""EURUSD"": 1.0, ""GBPUSD"": 1.0, ""USDJPY"": -1.0}","{""EURUSD"": 0.3333333333333333, ""GBPUSD"": 0.3333333333333333, ""USDJPY"": -0.3333333333333333}","{""EUR_USD"": 11398, ""GBP_USD"": 9927, ""USD_JPY"": -13344}","{""EUR_USD"": 11398, ""GBP_USD"": 9926, ""USD_JPY"": -13345}","{""GBP_USD"": -1, ""USD_JPY"": -1}"
2026-04-09 16:11:00+00:00,100088.74115688285,0.9986983098584746,False,"{""EURUSD"": 1.0, ""GBPUSD"": 1.0, ""USDJPY"": -1.0}","{""EURUSD"": 0.3333333333333333, ""GBPUSD"": 0.3333333333333333, ""USDJPY"": -0.3333333333333333}","{""EUR_USD"": 11398, ""GBP_USD"": 9926, ""USD_JPY"": -13345}","{""EUR_USD"": 11398, ""GBP_USD"": 9926, ""USD_JPY"": -13345}",{}
2026-04-09 16:12:00+00:00,100096.02637637114,0.9985902020248113,False,"{""EURUSD"": 1.0, ""GBPUSD"": 1.0, ""USDJPY"": -1.0}","{""EURUSD"": 0.3333333333333333, ""GBPUSD"": 0.3333333333333333, ""USDJPY"": -0.3333333333333333}","{""EUR_USD"": 11398, ""GBP_USD"": 9926, ""USD_JPY"": -13345}","{""EUR_USD"": 11396, ""GBP_USD"": 9925, ""USD_JPY"": -13346}","{""EUR_USD"": -2, ""GBP_USD"": -1, ""USD_JPY"": -1}"
2026-04-09 16:13:00+00:00,100088.56174447674,0.9987855515180574,False,"{""EURUSD"": 1.0, ""GBPUSD"": 1.0, ""USDJPY"": -1.0}","{""EURUSD"": 0.3333333333333333, ""GBPUSD"": 0.3333333333333333, ""USDJPY"": -0.3333333333333333}","{""EUR_USD"": 11396, ""GBP_USD"": 9925, ""USD_JPY"": -13346}","{""EUR_USD"": 11397, ""GBP_USD"": 9926, ""USD_JPY"": -13345}","{""EUR_USD"": 1, ""GBP_USD"": 1, ""USD_JPY"": 1}"
2026-04-09 16:14:00+00:00,100088.51985439613,0.9987231387481074,False,"{""EURUSD"": 1.0, ""GBPUSD"": 1.0, ""USDJPY"": -1.0}","{""EURUSD"": 0.3333333333333333, ""GBPUSD"": 0.3333333333333333, ""USDJPY"": -0.3333333333333333}","{""EUR_USD"": 11397, ""GBP_USD"": 9926, ""USD_JPY"": -13345}","{""EUR_USD"": 11398, ""GBP_USD"": 9926, ""USD_JPY"": -13345}","{""EUR_USD"": 1}"
2026-04-09 16:15:00+00:00,100089.74468993349,0.9987300735003242,False,"{""EURUSD"": 1.0, ""GBPUSD"": 1.0, ""USDJPY"": -1.0}","{""EURUSD"": 0.3333333333333333, ""GBPUSD"": 0.3333333333333333, ""USDJPY"": -0.3333333333333333}","{""EUR_USD"": 11398, ""GBP_USD"": 9926, ""USD_JPY"": -13345}","{""EUR_USD"": 11397, ""GBP_USD"": 9926, ""USD_JPY"": -13345}","{""EUR_USD"": -1}"
2026-04-09 16:16:00+00:00,100099.21948992959,0.9985608531627517,False,"{""EURUSD"": 1.0, ""GBPUSD"": 1.0, ""USDJPY"": -1.0}","{""EURUSD"": 0.3333333333333333, ""GBPUSD"": 0.3333333333333333, ""USDJPY"": -0.3333333333333333}","{""EUR_USD"": 11397, ""GBP_USD"": 9926, ""USD_JPY"": -13345}","{""EUR_USD"": 11395, ""GBP_USD"": 9924, ""USD_JPY"": -13346}","{""EUR_USD"": -2, ""GBP_USD"": -2, ""USD_JPY"": -1}"
2026-04-09 16:17:00+00:00,100101.5759628513,0.9984685961912977,False,"{""EURUSD"": 1.0, ""GBPUSD"": 1.0, ""USDJPY"": -1.0}","{""EURUSD"": 0.3333333333333333, ""GBPUSD"": 0.3333333333333333, ""USDJPY"": -0.3333333333333333}","{""EUR_USD"": 11395, ""GBP_USD"": 9924, ""USD_JPY"": -13346}","{""EUR_USD"": 11395, ""GBP_USD"": 9924, ""USD_JPY"": -13346}",{}
2026-04-09 16:18:00+00:00,100105.90859109815,0.9984087839534291,False,"{""EURUSD"": 1.0, ""GBPUSD"": 1.0, ""USDJPY"": -1.0}","{""EURUSD"": 0.3333333333333333, ""GBPUSD"": 0.3333333333333333, ""USDJPY"": -0.3333333333333333}","{""EUR_USD"": 11395, ""GBP_USD"": 9924, ""USD_JPY"": -13346}","{""EUR_USD"": 11394, ""GBP_USD"": 9923, ""USD_JPY"": -13347}","{""EUR_USD"": -1, ""GBP_USD"": -1, ""USD_JPY"": -1}"
2026-04-09 16:19:00+00:00,100107.1629292321,0.9982659404412519,False,"{""EURUSD"": 1.0, ""GBPUSD"": 1.0, ""USDJPY"": -1.0}","{""EURUSD"": 0.3333333333333333, ""GBPUSD"": 0.3333333333333333, ""USDJPY"": -0.3333333333333333}","{""EUR_USD"": 11394, ""GBP_USD"": 9923, ""USD_JPY"": -13347}","{""EUR_USD"": 11394, ""GBP_USD"": 9924, ""USD_JPY"": -13347}","{""GBP_USD"": 1}"
2026-04-09 16:20:00+00:00,100106.44768903046,0.9982343006342637,False,"{""EURUSD"": 1.0, ""GBPUSD"": 1.0, ""USDJPY"": -1.0}","{""EURUSD"": 0.3333333333333333, ""GBPUSD"": 0.3333333333333333, ""USDJPY"": -0.3333333333333333}","{""EUR_USD"": 11394, ""GBP_USD"": 9924, ""USD_JPY"": -13347}","{""EUR_USD"": 11395, ""GBP_USD"": 9924, ""USD_JPY"": -13347}","{""EUR_USD"": 1}"
2026-04-09 16:21:00+00:00,100106.73454262425,0.9981845809375672,False,"{""EURUSD"": 1.0, ""GBPUSD"": 1.0, ""USDJPY"": -1.0}","{""EURUSD"": 0.3333333333333333, ""GBPUSD"": 0.3333333333333333, ""USDJPY"": -0.3333333333333333}","{""EUR_USD"": 11395, ""GBP_USD"": 9924, ""USD_JPY"": -13347}","{""EUR_USD"": 11395, ""GBP_USD"": 9924, ""USD_JPY"": -13347}",{}
2026-04-09 16:22:00+00:00,100104.4543967115,0.9983206135323885,False,"{""EURUSD"": 1.0, ""GBPUSD"": 1.0, ""USDJPY"": -1.0}","{""EURUSD"": 0.3333333333333333, ""GBPUSD"": 0.3333333333333333, ""USDJPY"": -0.3333333333333333}","{""EUR_USD"": 11395, ""GBP_USD"": 9924, ""USD_JPY"": -13347}","{""EUR_USD"": 11396, ""GBP_USD"": 9923, ""USD_JPY"": -13347}","{""EUR_USD"": 1, ""GBP_USD"": -1}"
2026-04-09 16:23:00+00:00,100106.27294511208,0.9982593152761878,False,"{""EURUSD"": 1.0, ""GBPUSD"": 1.0, ""USDJPY"": -1.0}","{""EURUSD"": 0.3333333333333333, ""GBPUSD"": 0.3333333333333333, ""USDJPY"": -0.3333333333333333}","{""EUR_USD"": 11396, ""GBP_USD"": 9923, ""USD_JPY"": -13347}","{""EUR_USD"": 11396, ""GBP_USD"": 9923, ""USD_JPY"": -13347}",{}
2026-04-09 16:24:00+00:00,100109.76566194955,0.9981677393964699,False,"{""EURUSD"": 1.0, ""GBPUSD"": 1.0, ""USDJPY"": -1.0}","{""EURUSD"": 0.3333333333333333, ""GBPUSD"": 0.3333333333333333, ""USDJPY"": -0.3333333333333333}","{""EUR_USD"": 11396, ""GBP_USD"": 9923, ""USD_JPY"": -13347}","{""EUR_USD"": 11396, ""GBP_USD"": 9922, ""USD_JPY"": -13347}","{""GBP_USD"": -1}"
2026-04-09 16:25:00+00:00,100110.53198678444,0.9980870609845206,False,"{""EURUSD"": 1.0, ""GBPUSD"": 1.0, ""USDJPY"": -1.0}","{""EURUSD"": 0.3333333333333333, ""GBPUSD"": 0.3333333333333333, ""USDJPY"": -0.3333333333333333}","{""EUR_USD"": 11396, ""GBP_USD"": 9922, ""USD_JPY"": -13347}","{""EUR_USD"": 11396, ""GBP_USD"": 9922, ""USD_JPY"": -13348}","{""USD_JPY"": -1}"
2026-04-09 16:26:00+00:00,100106.67722212659,0.9981534983874533,False,"{""EURUSD"": 1.0, ""GBPUSD"": 1.0, ""USDJPY"": -1.0}","{""EURUSD"": 0.3333333333333333, ""GBPUSD"": 0.3333333333333333, ""USDJPY"": -0.3333333333333333}","{""EUR_USD"": 11396, ""GBP_USD"": 9922, ""USD_JPY"": -13348}","{""EUR_USD"": 11397, ""GBP_USD"": 9923, ""USD_JPY"": -13347}","{""EUR_USD"": 1, ""GBP_USD"": 1, ""USD_JPY"": 1}"
2026-04-09 16:27:00+00:00,100113.7895271522,0.9980453286363595,False,"{""EURUSD"": 1.0, ""GBPUSD"": 1.0, ""USDJPY"": -1.0}","{""EURUSD"": 0.3333333333333333, ""GBPUSD"": 0.3333333333333333, ""USDJPY"": -0.3333333333333333}","{""EUR_USD"": 11397, ""GBP_USD"": 9923, ""USD_JPY"": -13347}","{""EUR_USD"": 11396, ""GBP_USD"": 9921, ""USD_JPY"": -13348}","{""EUR_USD"": -1, ""GBP_USD"": -2, ""USD_JPY"": -1}"
2026-04-09 16:28:00+00:00,100117.84578020927,0.9978542514458183,False,"{""EURUSD"": 1.0, ""GBPUSD"": 1.0, ""USDJPY"": -1.0}","{""EURUSD"": 0.3333333333333333, ""GBPUSD"": 0.3333333333333333, ""USDJPY"": -0.3333333333333333}","{""EUR_USD"": 11396, ""GBP_USD"": 9921, ""USD_JPY"": -13348}","{""EUR_USD"": 11396, ""GBP_USD"": 9921, ""USD_JPY"": -13349}","{""USD_JPY"": -1}"
2026-04-09 16:29:00+00:00,100118.47054020928,0.9978546229504014,False,"{""EURUSD"": 1.0, ""GBPUSD"": 1.0, ""USDJPY"": -1.0}","{""EURUSD"": 0.3333333333333333, ""GBPUSD"": 0.3333333333333333, ""USDJPY"": -0.3333333333333333}","{""EUR_USD"": 11396, ""GBP_USD"": 9921, ""USD_JPY"": -13349}","{""EUR_USD"": 11396, ""GBP_USD"": 9921, ""USD_JPY"": -13349}",{}
2026-04-09 16:30:00+00:00,100117.16202020927,0.9978538799412352,False,"{""EURUSD"": 1.0, ""GBPUSD"": 1.0, ""USDJPY"": -1.0}","{""EURUSD"": 0.3333333333333333, ""GBPUSD"": 0.3333333333333333, ""USDJPY"": -0.3333333333333333}","{""EUR_USD"": 11396, ""GBP_USD"": 9921, ""USD_JPY"": -13349}","{""EUR_USD"": 11396, ""GBP_USD"": 9921, ""USD_JPY"": -13348}","{""USD_JPY"": 1}"
2026-04-09 16:31:00+00:00,100113.18618406898,0.9978640343998383,False,"{""EURUSD"": 1.0, ""GBPUSD"": 1.0, ""USDJPY"": -1.0}","{""EURUSD"": 0.3333333333333333, ""GBPUSD"": 0.3333333333333333, ""USDJPY"": -0.3333333333333333}","{""EUR_USD"": 11396, ""GBP_USD"": 9921, ""USD_JPY"": -13348}","{""EUR_USD"": 11397, ""GBP_USD"": 9922, ""USD_JPY"": -13348}","{""EUR_USD"": 1, ""GBP_USD"": 1}"
2026-04-09 16:32:00+00:00,100105.32754264622,0.9980715816268941,False,"{""EURUSD"": 1.0, ""GBPUSD"": 1.0, ""USDJPY"": -1.0}","{""EURUSD"": 0.3333333333333333, ""GBPUSD"": 0.3333333333333333, ""USDJPY"": -0.3333333333333333}","{""EUR_USD"": 11397, ""GBP_USD"": 9922, ""USD_JPY"": -13348}","{""EUR_USD"": 11398, ""GBP_USD"": 9923, ""USD_JPY"": -13347}","{""EUR_USD"": 1, ""GBP_USD"": 1, ""USD_JPY"": 1}"
2026-04-09 16:33:00+00:00,100106.35423459778,0.9980410563336547,False,"{""EURUSD"": 1.0, ""GBPUSD"": 1.0, ""USDJPY"": -1.0}","{""EURUSD"": 0.3333333333333333, ""GBPUSD"": 0.3333333333333333, ""USDJPY"": -0.3333333333333333}","{""EUR_USD"": 11398, ""GBP_USD"": 9923, ""USD_JPY"": -13347}","{""EUR_USD"": 11399, ""GBP_USD"": 9922, ""USD_JPY"": -13347}","{""EUR_USD"": 1, ""GBP_USD"": -1}"
2026-04-09 16:34:00+00:00,100111.05995873759,0.9980500343610781,False,"{""EURUSD"": 1.0, ""GBPUSD"": 1.0, ""USDJPY"": -1.0}","{""EURUSD"": 0.3333333333333333, ""GBPUSD"": 0.3333333333333333, ""USDJPY"": -0.3333333333333333}","{""EUR_USD"": 11399, ""GBP_USD"": 9922, ""USD_JPY"": -13347}","{""EUR_USD"": 11397, ""GBP_USD"": 9921, ""USD_JPY"": -13348}","{""EUR_USD"": -2, ""GBP_USD"": -1, ""USD_JPY"": -1}"
2026-04-09 16:35:00+00:00,100109.136784848,0.9980863179753545,False,"{""EURUSD"": 1.0, ""GBPUSD"": 1.0, ""USDJPY"": -1.0}","{""EURUSD"": 0.3333333333333333, ""GBPUSD"": 0.3333333333333333, ""USDJPY"": -0.3333333333333333}","{""EUR_USD"": 11397, ""GBP_USD"": 9921, ""USD_JPY"": -13348}","{""EUR_USD"": 11397, ""GBP_USD"": 9922, ""USD_JPY"": -13347}","{""GBP_USD"": 1, ""USD_JPY"": 1}"
2026-04-09 16:36:00+00:00,100107.7089226106,0.9981104038558212,False,"{""EURUSD"": 1.0, ""GBPUSD"": 1.0, ""USDJPY"": -1.0}","{""EURUSD"": 0.3333333333333333, ""GBPUSD"": 0.3333333333333333, ""USDJPY"": -0.3333333333333333}","{""EUR_USD"": 11397, ""GBP_USD"": 9922, ""USD_JPY"": -13347}","{""EUR_USD"": 11397, ""GBP_USD"": 9923, ""USD_JPY"": -13347}","{""GBP_USD"": 1}"
2026-04-09 16:37:00+00:00,100109.6575825813,0.9981177720300516,False,"{""EURUSD"": 1.0, ""GBPUSD"": 1.0, ""USDJPY"": -1.0}","{""EURUSD"": 0.3333333333333333, ""GBPUSD"": 0.3333333333333333, ""USDJPY"": -0.3333333333333333}","{""EUR_USD"": 11397, ""GBP_USD"": 9923, ""USD_JPY"": -13347}","{""EUR_USD"": 11396, ""GBP_USD"": 9922, ""USD_JPY"": -13347}","{""EUR_USD"": -1, ""GBP_USD"": -1}"
2026-04-09 16:38:00+00:00,100106.9554871372,0.9982660023586825,False,"{""EURUSD"": 1.0, ""GBPUSD"": 1.0, ""USDJPY"": -1.0}","{""EURUSD"": 0.3333333333333333, ""GBPUSD"": 0.3333333333333333, ""USDJPY"": -0.3333333333333333}","{""EUR_USD"": 11396, ""GBP_USD"": 9922, ""USD_JPY"": -13347}","{""EUR_USD"": 11396, ""GBP_USD"": 9922, ""USD_JPY"": -13347}",{}
2026-04-09 16:39:00+00:00,100107.3969703569,0.9982725036888858,False,"{""EURUSD"": 1.0, ""GBPUSD"": 1.0, ""USDJPY"": -1.0}","{""EURUSD"": 0.3333333333333333, ""GBPUSD"": 0.3333333333333333, ""USDJPY"": -0.3333333333333333}","{""EUR_USD"": 11396, ""GBP_USD"": 9922, ""USD_JPY"": -13347}","{""EUR_USD"": 11396, ""GBP_USD"": 9922, ""USD_JPY"": -13347}",{}
2026-04-09 16:40:00+00:00,100099.3150619706,0.9984237679716116,False,"{""EURUSD"": 1.0, ""GBPUSD"": 1.0, ""USDJPY"": -1.0}","{""EURUSD"": 0.3333333333333333, ""GBPUSD"": 0.3333333333333333, ""USDJPY"": -0.3333333333333333}","{""EUR_USD"": 11396, ""GBP_USD"": 9922, ""USD_JPY"": -13347}","{""EUR_USD"": 11397, ""GBP_USD"": 9923, ""USD_JPY"": -13346}","{""EUR_USD"": 1, ""GBP_USD"": 1, ""USD_JPY"": 1}"
2026-04-09 16:41:00+00:00,100095.66642257787,0.9984839517140632,False,"{""EURUSD"": 1.0, ""GBPUSD"": 1.0, ""USDJPY"": -1.0}","{""EURUSD"": 0.3333333333333333, ""GBPUSD"": 0.3333333333333333, ""USDJPY"": -0.3333333333333333}","{""EUR_USD"": 11397, ""GBP_USD"": 9923, ""USD_JPY"": -13346}","{""EUR_USD"": 11397, ""GBP_USD"": 9925, ""USD_JPY"": -13346}","{""GBP_USD"": 2}"
2026-04-09 16:42:00+00:00,100098.66459799637,0.998417080889117,False,"{""EURUSD"": 1.0, ""GBPUSD"": 1.0, ""USDJPY"": -1.0}","{""EURUSD"": 0.3333333333333333, ""GBPUSD"": 0.3333333333333333, ""USDJPY"": -0.3333333333333333}","{""EUR_USD"": 11397, ""GBP_USD"": 9925, ""USD_JPY"": -13346}","{""EUR_USD"": 11397, ""GBP_USD"": 9924, ""USD_JPY"": -13346}","{""GBP_USD"": -1}"
2026-04-09 16:43:00+00:00,100103.80017898527,0.9982203692123996,False,"{""EURUSD"": 1.0, ""GBPUSD"": 1.0, ""USDJPY"": -1.0}","{""EURUSD"": 0.3333333333333333, ""GBPUSD"": 0.3333333333333333, ""USDJPY"": -0.3333333333333333}","{""EUR_USD"": 11397, ""GBP_USD"": 9924, ""USD_JPY"": -13346}","{""EUR_USD"": 11397, ""GBP_USD"": 9924, ""USD_JPY"": -13347}","{""USD_JPY"": -1}"
2026-04-09 16:44:00+00:00,100104.24975418061,0.9981831568366657,False,"{""EURUSD"": 1.0, ""GBPUSD"": 1.0, ""USDJPY"": -1.0}","{""EURUSD"": 0.3333333333333333, ""GBPUSD"": 0.3333333333333333, ""USDJPY"": -0.3333333333333333}","{""EUR_USD"": 11397, ""GBP_USD"": 9924, ""USD_JPY"": -13347}","{""EUR_USD"": 11396, ""GBP_USD"": 9924, ""USD_JPY"": -13347}","{""EUR_USD"": -1}"
2026-04-09 16:45:00+00:00,100096.57392210895,0.9984657479894946,False,"{""EURUSD"": 1.0, ""GBPUSD"": 1.0, ""USDJPY"": -1.0}","{""EURUSD"": 0.3333333333333333, ""GBPUSD"": 0.3333333333333333, ""USDJPY"": -0.3333333333333333}","{""EUR_USD"": 11396, ""GBP_USD"": 9924, ""USD_JPY"": -13347}","{""EUR_USD"": 11397, ""GBP_USD"": 9925, ""USD_JPY"": -13346}","{""EUR_USD"": 1, ""GBP_USD"": 1, ""USD_JPY"": 1}"
2026-04-09 16:46:00+00:00,100099.57211500712,0.9983988771645481,False,"{""EURUSD"": 1.0, ""GBPUSD"": 1.0, ""USDJPY"": -1.0}","{""EURUSD"": 0.3333333333333333, ""GBPUSD"": 0.3333333333333333, ""USDJPY"": -0.3333333333333333}","{""EUR_USD"": 11397, ""GBP_USD"": 9925, ""USD_JPY"": -13346}","{""EUR_USD"": 11397, ""GBP_USD"": 9924, ""USD_JPY"": -13346}","{""GBP_USD"": -1}"
2026-04-09 16:47:00+00:00,100102.60888451592,0.998307053615108,False,"{""EURUSD"": 1.0, ""GBPUSD"": 1.0, ""USDJPY"": -1.0}","{""EURUSD"": 0.3333333333333333, ""GBPUSD"": 0.3333333333333333, ""USDJPY"": -0.3333333333333333}","{""EUR_USD"": 11397, ""GBP_USD"": 9924, ""USD_JPY"": -13346}","{""EUR_USD"": 11396, ""GBP_USD"": 9924, ""USD_JPY"": -13347}","{""EUR_USD"": -1, ""USD_JPY"": -1}"
2026-04-09 16:48:00+00:00,100101.15143858851,0.9983311394955747,False,"{""EURUSD"": 1.0, ""GBPUSD"": 1.0, ""USDJPY"": -1.0}","{""EURUSD"": 0.3333333333333333, ""GBPUSD"": 0.3333333333333333, ""USDJPY"": -0.3333333333333333}","{""EUR_USD"": 11396, ""GBP_USD"": 9924, ""USD_JPY"": -13347}","{""EUR_USD"": 11397, ""GBP_USD"": 9924, ""USD_JPY"": -13346}","{""EUR_USD"": 1, ""USD_JPY"": 1}"
2026-04-09 16:49:00+00:00,100094.4748984832,0.9985518751353283,False,"{""EURUSD"": 1.0, ""GBPUSD"": 1.0, ""USDJPY"": -1.0}","{""EURUSD"": 0.3333333333333333, ""GBPUSD"": 0.3333333333333333, ""USDJPY"": -0.3333333333333333}","{""EUR_USD"": 11397, ""GBP_USD"": 9924, ""USD_JPY"": -13346}","{""EUR_USD"": 11397, ""GBP_USD"": 9925, ""USD_JPY"": -13345}","{""GBP_USD"": 1, ""USD_JPY"": 1}"
2026-04-09 16:50:00+00:00,100097.40313052169,0.9984849423929513,False,"{""EURUSD"": 1.0, ""GBPUSD"": 1.0, ""USDJPY"": -1.0}","{""EURUSD"": 0.3333333333333333, ""GBPUSD"": 0.3333333333333333, ""USDJPY"": -0.3333333333333333}","{""EUR_USD"": 11397, ""GBP_USD"": 9925, ""USD_JPY"": -13345}","{""EUR_USD"": 11396, ""GBP_USD"": 9925, ""USD_JPY"": -13346}","{""EUR_USD"": -1, ""USD_JPY"": -1}"
2026-04-09 16:51:00+00:00,100100.57404594019,0.9984181334854355,False,"{""EURUSD"": 1.0, ""GBPUSD"": 1.0, ""USDJPY"": -1.0}","{""EURUSD"": 0.3333333333333333, ""GBPUSD"": 0.3333333333333333, ""USDJPY"": -0.3333333333333333}","{""EUR_USD"": 11396, ""GBP_USD"": 9925, ""USD_JPY"": -13346}","{""EUR_USD"": 11396, ""GBP_USD"": 9924, ""USD_JPY"": -13346}","{""GBP_USD"": -1}"
2026-04-09 16:52:00+00:00,100104.51018595883,0.9982581388450082,False,"{""EURUSD"": 1.0, ""GBPUSD"": 1.0, ""USDJPY"": -1.0}","{""EURUSD"": 0.3333333333333333, ""GBPUSD"": 0.3333333333333333, ""USDJPY"": -0.3333333333333333}","{""EUR_USD"": 11396, ""GBP_USD"": 9924, ""USD_JPY"": -13346}","{""EUR_USD"": 11395, ""GBP_USD"": 9924, ""USD_JPY"": -13347}","{""EUR_USD"": -1, ""USD_JPY"": -1}"
2026-04-09 16:53:00+00:00,100102.96317864866,0.9982634637440317,False,"{""EURUSD"": 1.0, ""GBPUSD"": 1.0, ""USDJPY"": -1.0}","{""EURUSD"": 0.3333333333333333, ""GBPUSD"": 0.3333333333333333, ""USDJPY"": -0.3333333333333333}","{""EUR_USD"": 11395, ""GBP_USD"": 9924, ""USD_JPY"": -13347}","{""EUR_USD"": 11395, ""GBP_USD"": 9925, ""USD_JPY"": -13347}","{""GBP_USD"": 1}"
2026-04-09 16:54:00+00:00,100097.08132078257,0.998403520971836,False,"{""EURUSD"": 1.0, ""GBPUSD"": 1.0, ""USDJPY"": -1.0}","{""EURUSD"": 0.3333333333333333, ""GBPUSD"": 0.3333333333333333, ""USDJPY"": -0.3333333333333333}","{""EUR_USD"": 11395, ""GBP_USD"": 9925, ""USD_JPY"": -13347}","{""EUR_USD"": 11396, ""GBP_USD"": 9926, ""USD_JPY"": -13346}","{""EUR_USD"": 1, ""GBP_USD"": 1, ""USD_JPY"": 1}"
2026-04-09 16:55:00+00:00,100093.54933382706,0.9985075422550859,False,"{""EURUSD"": 1.0, ""GBPUSD"": 1.0, ""USDJPY"": -1.0}","{""EURUSD"": 0.3333333333333333, ""GBPUSD"": 0.3333333333333333, ""USDJPY"": -0.3333333333333333}","{""EUR_USD"": 11396, ""GBP_USD"": 9926, ""USD_JPY"": -13346}","{""EUR_USD"": 11396, ""GBP_USD"": 9927, ""USD_JPY"": -13345}","{""GBP_USD"": 1, ""USD_JPY"": 1}"
2026-04-09 16:56:00+00:00,100094.11402915796,0.9984891527782258,False,"{""EURUSD"": 1.0, ""GBPUSD"": 1.0, ""USDJPY"": -1.0}","{""EURUSD"": 0.3333333333333333, ""GBPUSD"": 0.3333333333333333, ""USDJPY"": -0.3333333333333333}","{""EUR_USD"": 11396, ""GBP_USD"": 9927, ""USD_JPY"": -13345}","{""EUR_USD"": 11396, ""GBP_USD"": 9927, ""USD_JPY"": -13345}",{}
2026-04-09 16:57:00+00:00,100092.57906701665,0.9985568904471993,False,"{""EURUSD"": 1.0, ""GBPUSD"": -1.0, ""USDJPY"": -1.0}","{""EURUSD"": 0.3333333333333333, ""GBPUSD"": -0.3333333333333333, ""USDJPY"": -0.3333333333333333}","{""EUR_USD"": 11396, ""GBP_USD"": 9927, ""USD_JPY"": -13345}","{""EUR_USD"": 11396, ""GBP_USD"": -9927, ""USD_JPY"": -13345}","{""GBP_USD"": -19854}"
2026-04-09 16:58:00+00:00,100092.51273701664,0.9985581287958092,False,"{""EURUSD"": 1.0, ""GBPUSD"": -1.0, ""USDJPY"": -1.0}","{""EURUSD"": 0.3333333333333333, ""GBPUSD"": -0.3333333333333333, ""USDJPY"": -0.3333333333333333}","{""EUR_USD"": 11396, ""GBP_USD"": -9927, ""USD_JPY"": -13345}","{""EUR_USD"": 11395, ""GBP_USD"": -9926, ""USD_JPY"": -13345}","{""EUR_USD"": -1, ""GBP_USD"": 1}"
