timestamp_utc,event_type,instrument,units,nav,regime_bull,signal_json,target_position_json,current_positions_json,target_units_json,order_deltas_json,response_json
2026-04-09 12:18:00+00:00,HISTORICAL_REPLAY_FILL,EUR_USD,11410,100000.0,False,"{""EURUSD"": 1.0, ""GBPUSD"": 1.0, ""USDJPY"": 1.0}","{""EURUSD"": 0.3333333333333333, ""GBPUSD"": 0.3333333333333333, ""USDJPY"": 0.3333333333333333}","{""EUR_USD"": 0, ""GBP_USD"": 0, ""USD_JPY"": 0}","{""EUR_USD"": 11410, ""GBP_USD"": 9936, ""USD_JPY"": 13333}","{""EUR_USD"": 11410, ""GBP_USD"": 9936, ""USD_JPY"": 13333}","{""mode"": ""historical_replay"", ""filled"": true, ""instrument"": ""EUR_USD"", ""units"": 11410, ""timestamp_utc"": ""2026-04-09 12:18:00+00:00""}"
2026-04-09 12:18:00+00:00,HISTORICAL_REPLAY_FILL,GBP_USD,9936,100000.0,False,"{""EURUSD"": 1.0, ""GBPUSD"": 1.0, ""USDJPY"": 1.0}","{""EURUSD"": 0.3333333333333333, ""GBPUSD"": 0.3333333333333333, ""USDJPY"": 0.3333333333333333}","{""EUR_USD"": 11410, ""GBP_USD"": 0, ""USD_JPY"": 0}","{""EUR_USD"": 11410, ""GBP_USD"": 9936, ""USD_JPY"": 13333}","{""EUR_USD"": 11410, ""GBP_USD"": 9936, ""USD_JPY"": 13333}","{""mode"": ""historical_replay"", ""filled"": true, ""instrument"": ""GBP_USD"", ""units"": 9936, ""timestamp_utc"": ""2026-04-09 12:18:00+00:00""}"
2026-04-09 12:18:00+00:00,HISTORICAL_REPLAY_FILL,USD_JPY,13333,100000.0,False,"{""EURUSD"": 1.0, ""GBPUSD"": 1.0, ""USDJPY"": 1.0}","{""EURUSD"": 0.3333333333333333, ""GBPUSD"": 0.3333333333333333, ""USDJPY"": 0.3333333333333333}","{""EUR_USD"": 11410, ""GBP_USD"": 9936, ""USD_JPY"": 0}","{""EUR_USD"": 11410, ""GBP_USD"": 9936, ""USD_JPY"": 13333}","{""EUR_USD"": 11410, ""GBP_USD"": 9936, ""USD_JPY"": 13333}","{""mode"": ""historical_replay"", ""filled"": true, ""instrument"": ""USD_JPY"", ""units"": 13333, ""timestamp_utc"": ""2026-04-09 12:18:00+00:00""}"
2026-04-09 12:19:00+00:00,HISTORICAL_REPLAY_FILL,EUR_USD,1,99998.42918465084,False,"{""EURUSD"": 1.0, ""GBPUSD"": 1.0, ""USDJPY"": 1.0}","{""EURUSD"": 0.3333333333333333, ""GBPUSD"": 0.3333333333333333, ""USDJPY"": 0.3333333333333333}","{""EUR_USD"": 11410, ""GBP_USD"": 9936, ""USD_JPY"": 13333}","{""EUR_USD"": 11411, ""GBP_USD"": 9937, ""USD_JPY"": 13333}","{""EUR_USD"": 1, ""GBP_USD"": 1}","{""mode"": ""historical_replay"", ""filled"": true, ""instrument"": ""EUR_USD"", ""units"": 1, ""timestamp_utc"": ""2026-04-09 12:19:00+00:00""}"
2026-04-09 12:19:00+00:00,HISTORICAL_REPLAY_FILL,GBP_USD,1,99998.42918465084,False,"{""EURUSD"": 1.0, ""GBPUSD"": 1.0, ""USDJPY"": 1.0}","{""EURUSD"": 0.3333333333333333, ""GBPUSD"": 0.3333333333333333, ""USDJPY"": 0.3333333333333333}","{""EUR_USD"": 11411, ""GBP_USD"": 9936, ""USD_JPY"": 13333}","{""EUR_USD"": 11411, ""GBP_USD"": 9937, ""USD_JPY"": 13333}","{""EUR_USD"": 1, ""GBP_USD"": 1}","{""mode"": ""historical_replay"", ""filled"": true, ""instrument"": ""GBP_USD"", ""units"": 1, ""timestamp_utc"": ""2026-04-09 12:19:00+00:00""}"
2026-04-09 12:20:00+00:00,HISTORICAL_REPLAY_FILL,EUR_USD,1,99997.00927752959,False,"{""EURUSD"": 1.0, ""GBPUSD"": 1.0, ""USDJPY"": 1.0}","{""EURUSD"": 0.3333333333333333, ""GBPUSD"": 0.3333333333333333, ""USDJPY"": 0.3333333333333333}","{""EUR_USD"": 11411, ""GBP_USD"": 9937, ""USD_JPY"": 13333}","{""EUR_USD"": 11412, ""GBP_USD"": 9938, ""USD_JPY"": 13332}","{""EUR_USD"": 1, ""GBP_USD"": 1, ""USD_JPY"": -1}","{""mode"": ""historical_replay"", ""filled"": true, ""instrument"": ""EUR_USD"", ""units"": 1, ""timestamp_utc"": ""2026-04-09 12:20:00+00:00""}"
2026-04-09 12:20:00+00:00,HISTORICAL_REPLAY_FILL,GBP_USD,1,99997.00927752959,False,"{""EURUSD"": 1.0, ""GBPUSD"": 1.0, ""USDJPY"": 1.0}","{""EURUSD"": 0.3333333333333333, ""GBPUSD"": 0.3333333333333333, ""USDJPY"": 0.3333333333333333}","{""EUR_USD"": 11412, ""GBP_USD"": 9937, ""USD_JPY"": 13333}","{""EUR_USD"": 11412, ""GBP_USD"": 9938, ""USD_JPY"": 13332}","{""EUR_USD"": 1, ""GBP_USD"": 1, ""USD_JPY"": -1}","{""mode"": ""historical_replay"", ""filled"": true, ""instrument"": ""GBP_USD"", ""units"": 1, ""timestamp_utc"": ""2026-04-09 12:20:00+00:00""}"
2026-04-09 12:20:00+00:00,HISTORICAL_REPLAY_FILL,USD_JPY,-1,99997.00927752959,False,"{""EURUSD"": 1.0, ""GBPUSD"": 1.0, ""USDJPY"": 1.0}","{""EURUSD"": 0.3333333333333333, ""GBPUSD"": 0.3333333333333333, ""USDJPY"": 0.3333333333333333}","{""EUR_USD"": 11412, ""GBP_USD"": 9938, ""USD_JPY"": 13333}","{""EUR_USD"": 11412, ""GBP_USD"": 9938, ""USD_JPY"": 13332}","{""EUR_USD"": 1, ""GBP_USD"": 1, ""USD_JPY"": -1}","{""mode"": ""historical_replay"", ""filled"": true, ""instrument"": ""USD_JPY"", ""units"": -1, ""timestamp_utc"": ""2026-04-09 12:20:00+00:00""}"
2026-04-09 12:21:00+00:00,HISTORICAL_REPLAY_FILL,EUR_USD,1,99993.51307283876,False,"{""EURUSD"": 1.0, ""GBPUSD"": 1.0, ""USDJPY"": 1.0}","{""EURUSD"": 0.3333333333333333, ""GBPUSD"": 0.3333333333333333, ""USDJPY"": 0.3333333333333333}","{""EUR_USD"": 11412, ""GBP_USD"": 9938, ""USD_JPY"": 13332}","{""EUR_USD"": 11413, ""GBP_USD"": 9939, ""USD_JPY"": 13332}","{""EUR_USD"": 1, ""GBP_USD"": 1}","{""mode"": ""historical_replay"", ""filled"": true, ""instrument"": ""EUR_USD"", ""units"": 1, ""timestamp_utc"": ""2026-04-09 12:21:00+00:00""}"
2026-04-09 12:21:00+00:00,HISTORICAL_REPLAY_FILL,GBP_USD,1,99993.51307283876,False,"{""EURUSD"": 1.0, ""GBPUSD"": 1.0, ""USDJPY"": 1.0}","{""EURUSD"": 0.3333333333333333, ""GBPUSD"": 0.3333333333333333, ""USDJPY"": 0.3333333333333333}","{""EUR_USD"": 11413, ""GBP_USD"": 9938, ""USD_JPY"": 13332}","{""EUR_USD"": 11413, ""GBP_USD"": 9939, ""USD_JPY"": 13332}","{""EUR_USD"": 1, ""GBP_USD"": 1}","{""mode"": ""historical_replay"", ""filled"": true, ""instrument"": ""GBP_USD"", ""units"": 1, ""timestamp_utc"": ""2026-04-09 12:21:00+00:00""}"
2026-04-09 12:22:00+00:00,HISTORICAL_REPLAY_FILL,EUR_USD,-22825,99996.83426273211,False,"{""EURUSD"": -1.0, ""GBPUSD"": 1.0, ""USDJPY"": 1.0}","{""EURUSD"": -0.3333333333333333, ""GBPUSD"": 0.3333333333333333, ""USDJPY"": 0.3333333333333333}","{""EUR_USD"": 11413, ""GBP_USD"": 9939, ""USD_JPY"": 13332}","{""EUR_USD"": -11412, ""GBP_USD"": 9938, ""USD_JPY"": 13332}","{""EUR_USD"": -22825, ""GBP_USD"": -1}","{""mode"": ""historical_replay"", ""filled"": true, ""instrument"": ""EUR_USD"", ""units"": -22825, ""timestamp_utc"": ""2026-04-09 12:22:00+00:00""}"
2026-04-09 12:22:00+00:00,HISTORICAL_REPLAY_FILL,GBP_USD,-1,99996.83426273211,False,"{""EURUSD"": -1.0, ""GBPUSD"": 1.0, ""USDJPY"": 1.0}","{""EURUSD"": -0.3333333333333333, ""GBPUSD"": 0.3333333333333333, ""USDJPY"": 0.3333333333333333}","{""EUR_USD"": -11412, ""GBP_USD"": 9939, ""USD_JPY"": 13332}","{""EUR_USD"": -11412, ""GBP_USD"": 9938, ""USD_JPY"": 13332}","{""EUR_USD"": -22825, ""GBP_USD"": -1}","{""mode"": ""historical_replay"", ""filled"": true, ""instrument"": ""GBP_USD"", ""units"": -1, ""timestamp_utc"": ""2026-04-09 12:22:00+00:00""}"
2026-04-09 12:23:00+00:00,HISTORICAL_REPLAY_FILL,GBP_USD,-19875,99998.64474102002,False,"{""EURUSD"": -1.0, ""GBPUSD"": -1.0, ""USDJPY"": 1.0}","{""EURUSD"": -0.3333333333333333, ""GBPUSD"": -0.3333333333333333, ""USDJPY"": 0.3333333333333333}","{""EUR_USD"": -11412, ""GBP_USD"": 9938, ""USD_JPY"": 13332}","{""EUR_USD"": -11412, ""GBP_USD"": -9937, ""USD_JPY"": 13333}","{""GBP_USD"": -19875, ""USD_JPY"": 1}","{""mode"": ""historical_replay"", ""filled"": true, ""instrument"": ""GBP_USD"", ""units"": -19875, ""timestamp_utc"": ""2026-04-09 12:23:00+00:00""}"
2026-04-09 12:23:00+00:00,HISTORICAL_REPLAY_FILL,USD_JPY,1,99998.64474102002,False,"{""EURUSD"": -1.0, ""GBPUSD"": -1.0, ""USDJPY"": 1.0}","{""EURUSD"": -0.3333333333333333, ""GBPUSD"": -0.3333333333333333, ""USDJPY"": 0.3333333333333333}","{""EUR_USD"": -11412, ""GBP_USD"": -9937, ""USD_JPY"": 13332}","{""EUR_USD"": -11412, ""GBP_USD"": -9937, ""USD_JPY"": 13333}","{""GBP_USD"": -19875, ""USD_JPY"": 1}","{""mode"": ""historical_replay"", ""filled"": true, ""instrument"": ""USD_JPY"", ""units"": 1, ""timestamp_utc"": ""2026-04-09 12:23:00+00:00""}"
2026-04-09 12:24:00+00:00,HISTORICAL_REPLAY_FILL,GBP_USD,1,99996.41666975434,False,"{""EURUSD"": -1.0, ""GBPUSD"": -1.0, ""USDJPY"": 1.0}","{""EURUSD"": -0.3333333333333333, ""GBPUSD"": -0.3333333333333333, ""USDJPY"": 0.3333333333333333}","{""EUR_USD"": -11412, ""GBP_USD"": -9937, ""USD_JPY"": 13333}","{""EUR_USD"": -11412, ""GBP_USD"": -9936, ""USD_JPY"": 13332}","{""GBP_USD"": 1, ""USD_JPY"": -1}","{""mode"": ""historical_replay"", ""filled"": true, ""instrument"": ""GBP_USD"", ""units"": 1, ""timestamp_utc"": ""2026-04-09 12:24:00+00:00""}"
2026-04-09 12:24:00+00:00,HISTORICAL_REPLAY_FILL,USD_JPY,-1,99996.41666975434,False,"{""EURUSD"": -1.0, ""GBPUSD"": -1.0, ""USDJPY"": 1.0}","{""EURUSD"": -0.3333333333333333, ""GBPUSD"": -0.3333333333333333, ""USDJPY"": 0.3333333333333333}","{""EUR_USD"": -11412, ""GBP_USD"": -9936, ""USD_JPY"": 13333}","{""EUR_USD"": -11412, ""GBP_USD"": -9936, ""USD_JPY"": 13332}","{""GBP_USD"": 1, ""USD_JPY"": -1}","{""mode"": ""historical_replay"", ""filled"": true, ""instrument"": ""USD_JPY"", ""units"": -1, ""timestamp_utc"": ""2026-04-09 12:24:00+00:00""}"
2026-04-09 12:25:00+00:00,HISTORICAL_REPLAY_FILL,GBP_USD,-1,99996.82337803411,False,"{""EURUSD"": -1.0, ""GBPUSD"": -1.0, ""USDJPY"": 1.0}","{""EURUSD"": -0.3333333333333333, ""GBPUSD"": -0.3333333333333333, ""USDJPY"": 0.3333333333333333}","{""EUR_USD"": -11412, ""GBP_USD"": -9936, ""USD_JPY"": 13332}","{""EUR_USD"": -11412, ""GBP_USD"": -9937, ""USD_JPY"": 13332}","{""GBP_USD"": -1}","{""mode"": ""historical_replay"", ""filled"": true, ""instrument"": ""GBP_USD"", ""units"": -1, ""timestamp_utc"": ""2026-04-09 12:25:00+00:00""}"
2026-04-09 12:26:00+00:00,HISTORICAL_REPLAY_FILL,GBP_USD,-1,99998.64998220626,False,"{""EURUSD"": -1.0, ""GBPUSD"": -1.0, ""USDJPY"": 1.0}","{""EURUSD"": -0.3333333333333333, ""GBPUSD"": -0.3333333333333333, ""USDJPY"": 0.3333333333333333}","{""EUR_USD"": -11412, ""GBP_USD"": -9937, ""USD_JPY"": 13332}","{""EUR_USD"": -11412, ""GBP_USD"": -9938, ""USD_JPY"": 13333}","{""GBP_USD"": -1, ""USD_JPY"": 1}","{""mode"": ""historical_replay"", ""filled"": true, ""instrument"": ""GBP_USD"", ""units"": -1, ""timestamp_utc"": ""2026-04-09 12:26:00+00:00""}"
2026-04-09 12:26:00+00:00,HISTORICAL_REPLAY_FILL,USD_JPY,1,99998.64998220626,False,"{""EURUSD"": -1.0, ""GBPUSD"": -1.0, ""USDJPY"": 1.0}","{""EURUSD"": -0.3333333333333333, ""GBPUSD"": -0.3333333333333333, ""USDJPY"": 0.3333333333333333}","{""EUR_USD"": -11412, ""GBP_USD"": -9938, ""USD_JPY"": 13332}","{""EUR_USD"": -11412, ""GBP_USD"": -9938, ""USD_JPY"": 13333}","{""GBP_USD"": -1, ""USD_JPY"": 1}","{""mode"": ""historical_replay"", ""filled"": true, ""instrument"": ""USD_JPY"", ""units"": 1, ""timestamp_utc"": ""2026-04-09 12:26:00+00:00""}"
2026-04-09 12:27:00+00:00,HISTORICAL_REPLAY_FILL,EUR_USD,1,99996.81233537484,False,"{""EURUSD"": -1.0, ""GBPUSD"": -1.0, ""USDJPY"": 1.0}","{""EURUSD"": -0.3333333333333333, ""GBPUSD"": -0.3333333333333333, ""USDJPY"": 0.3333333333333333}","{""EUR_USD"": -11412, ""GBP_USD"": -9938, ""USD_JPY"": 13333}","{""EUR_USD"": -11411, ""GBP_USD"": -9937, ""USD_JPY"": 13332}","{""EUR_USD"": 1, ""GBP_USD"": 1, ""USD_JPY"": -1}","{""mode"": ""historical_replay"", ""filled"": true, ""instrument"": ""EUR_USD"", ""units"": 1, ""timestamp_utc"": ""2026-04-09 12:27:00+00:00""}"
2026-04-09 12:27:00+00:00,HISTORICAL_REPLAY_FILL,GBP_USD,1,99996.81233537484,False,"{""EURUSD"": -1.0, ""GBPUSD"": -1.0, ""USDJPY"": 1.0}","{""EURUSD"": -0.3333333333333333, ""GBPUSD"": -0.3333333333333333, ""USDJPY"": 0.3333333333333333}","{""EUR_USD"": -11411, ""GBP_USD"": -9938, ""USD_JPY"": 13333}","{""EUR_USD"": -11411, ""GBP_USD"": -9937, ""USD_JPY"": 13332}","{""EUR_USD"": 1, ""GBP_USD"": 1, ""USD_JPY"": -1}","{""mode"": ""historical_replay"", ""filled"": true, ""instrument"": ""GBP_USD"", ""units"": 1, ""timestamp_utc"": ""2026-04-09 12:27:00+00:00""}"
2026-04-09 12:27:00+00:00,HISTORICAL_REPLAY_FILL,USD_JPY,-1,99996.81233537484,False,"{""EURUSD"": -1.0, ""GBPUSD"": -1.0, ""USDJPY"": 1.0}","{""EURUSD"": -0.3333333333333333, ""GBPUSD"": -0.3333333333333333, ""USDJPY"": 0.3333333333333333}","{""EUR_USD"": -11411, ""GBP_USD"": -9937, ""USD_JPY"": 13333}","{""EUR_USD"": -11411, ""GBP_USD"": -9937, ""USD_JPY"": 13332}","{""EUR_USD"": 1, ""GBP_USD"": 1, ""USD_JPY"": -1}","{""mode"": ""historical_replay"", ""filled"": true, ""instrument"": ""USD_JPY"", ""units"": -1, ""timestamp_utc"": ""2026-04-09 12:27:00+00:00""}"
2026-04-09 12:28:00+00:00,HISTORICAL_REPLAY_FILL,EUR_USD,1,99998.26393346203,False,"{""EURUSD"": -1.0, ""GBPUSD"": -1.0, ""USDJPY"": 1.0}","{""EURUSD"": -0.3333333333333333, ""GBPUSD"": -0.3333333333333333, ""USDJPY"": 0.3333333333333333}","{""EUR_USD"": -11411, ""GBP_USD"": -9937, ""USD_JPY"": 13332}","{""EUR_USD"": -11410, ""GBP_USD"": -9938, ""USD_JPY"": 13333}","{""EUR_USD"": 1, ""GBP_USD"": -1, ""USD_JPY"": 1}","{""mode"": ""historical_replay"", ""filled"": true, ""instrument"": ""EUR_USD"", ""units"": 1, ""timestamp_utc"": ""2026-04-09 12:28:00+00:00""}"
2026-04-09 12:28:00+00:00,HISTORICAL_REPLAY_FILL,GBP_USD,-1,99998.26393346203,False,"{""EURUSD"": -1.0, ""GBPUSD"": -1.0, ""USDJPY"": 1.0}","{""EURUSD"": -0.3333333333333333, ""GBPUSD"": -0.3333333333333333, ""USDJPY"": 0.3333333333333333}","{""EUR_USD"": -11410, ""GBP_USD"": -9937, ""USD_JPY"": 13332}","{""EUR_USD"": -11410, ""GBP_USD"": -9938, ""USD_JPY"": 13333}","{""EUR_USD"": 1, ""GBP_USD"": -1, ""USD_JPY"": 1}","{""mode"": ""historical_replay"", ""filled"": true, ""instrument"": ""GBP_USD"", ""units"": -1, ""timestamp_utc"": ""2026-04-09 12:28:00+00:00""}"
2026-04-09 12:28:00+00:00,HISTORICAL_REPLAY_FILL,USD_JPY,1,99998.26393346203,False,"{""EURUSD"": -1.0, ""GBPUSD"": -1.0, ""USDJPY"": 1.0}","{""EURUSD"": -0.3333333333333333, ""GBPUSD"": -0.3333333333333333, ""USDJPY"": 0.3333333333333333}","{""EUR_USD"": -11410, ""GBP_USD"": -9938, ""USD_JPY"": 13332}","{""EUR_USD"": -11410, ""GBP_USD"": -9938, ""USD_JPY"": 13333}","{""EUR_USD"": 1, ""GBP_USD"": -1, ""USD_JPY"": 1}","{""mode"": ""historical_replay"", ""filled"": true, ""instrument"": ""USD_JPY"", ""units"": 1, ""timestamp_utc"": ""2026-04-09 12:28:00+00:00""}"
2026-04-09 12:29:00+00:00,HISTORICAL_REPLAY_FILL,EUR_USD,1,99994.21211218227,False,"{""EURUSD"": -1.0, ""GBPUSD"": -1.0, ""USDJPY"": 1.0}","{""EURUSD"": -0.3333333333333333, ""GBPUSD"": -0.3333333333333333, ""USDJPY"": 0.3333333333333333}","{""EUR_USD"": -11410, ""GBP_USD"": -9938, ""USD_JPY"": 13333}","{""EUR_USD"": -11409, ""GBP_USD"": -9936, ""USD_JPY"": 13332}","{""EUR_USD"": 1, ""GBP_USD"": 2, ""USD_JPY"": -1}","{""mode"": ""historical_replay"", ""filled"": true, ""instrument"": ""EUR_USD"", ""units"": 1, ""timestamp_utc"": ""2026-04-09 12:29:00+00:00""}"
2026-04-09 12:29:00+00:00,HISTORICAL_REPLAY_FILL,GBP_USD,2,99994.21211218227,False,"{""EURUSD"": -1.0, ""GBPUSD"": -1.0, ""USDJPY"": 1.0}","{""EURUSD"": -0.3333333333333333, ""GBPUSD"": -0.3333333333333333, ""USDJPY"": 0.3333333333333333}","{""EUR_USD"": -11409, ""GBP_USD"": -9938, ""USD_JPY"": 13333}","{""EUR_USD"": -11409, ""GBP_USD"": -9936, ""USD_JPY"": 13332}","{""EUR_USD"": 1, ""GBP_USD"": 2, ""USD_JPY"": -1}","{""mode"": ""historical_replay"", ""filled"": true, ""instrument"": ""GBP_USD"", ""units"": 2, ""timestamp_utc"": ""2026-04-09 12:29:00+00:00""}"
2026-04-09 12:29:00+00:00,HISTORICAL_REPLAY_FILL,USD_JPY,-1,99994.21211218227,False,"{""EURUSD"": -1.0, ""GBPUSD"": -1.0, ""USDJPY"": 1.0}","{""EURUSD"": -0.3333333333333333, ""GBPUSD"": -0.3333333333333333, ""USDJPY"": 0.3333333333333333}","{""EUR_USD"": -11409, ""GBP_USD"": -9936, ""USD_JPY"": 13333}","{""EUR_USD"": -11409, ""GBP_USD"": -9936, ""USD_JPY"": 13332}","{""EUR_USD"": 1, ""GBP_USD"": 2, ""USD_JPY"": -1}","{""mode"": ""historical_replay"", ""filled"": true, ""instrument"": ""USD_JPY"", ""units"": -1, ""timestamp_utc"": ""2026-04-09 12:29:00+00:00""}"
2026-04-09 12:31:00+00:00,HISTORICAL_REPLAY_FILL,EUR_USD,-2,99998.7714385676,False,"{""EURUSD"": -1.0, ""GBPUSD"": -1.0, ""USDJPY"": 1.0}","{""EURUSD"": -0.3333333333333333, ""GBPUSD"": -0.3333333333333333, ""USDJPY"": 0.3333333333333333}","{""EUR_USD"": -11409, ""GBP_USD"": -9936, ""USD_JPY"": 13332}","{""EUR_USD"": -11411, ""GBP_USD"": -9938, ""USD_JPY"": 13333}","{""EUR_USD"": -2, ""GBP_USD"": -2, ""USD_JPY"": 1}","{""mode"": ""historical_replay"", ""filled"": true, ""instrument"": ""EUR_USD"", ""units"": -2, ""timestamp_utc"": ""2026-04-09 12:31:00+00:00""}"
2026-04-09 12:31:00+00:00,HISTORICAL_REPLAY_FILL,GBP_USD,-2,99998.7714385676,False,"{""EURUSD"": -1.0, ""GBPUSD"": -1.0, ""USDJPY"": 1.0}","{""EURUSD"": -0.3333333333333333, ""GBPUSD"": -0.3333333333333333, ""USDJPY"": 0.3333333333333333}","{""EUR_USD"": -11411, ""GBP_USD"": -9936, ""USD_JPY"": 13332}","{""EUR_USD"": -11411, ""GBP_USD"": -9938, ""USD_JPY"": 13333}","{""EUR_USD"": -2, ""GBP_USD"": -2, ""USD_JPY"": 1}","{""mode"": ""historical_replay"", ""filled"": true, ""instrument"": ""GBP_USD"", ""units"": -2, ""timestamp_utc"": ""2026-04-09 12:31:00+00:00""}"
2026-04-09 12:31:00+00:00,HISTORICAL_REPLAY_FILL,USD_JPY,1,99998.7714385676,False,"{""EURUSD"": -1.0, ""GBPUSD"": -1.0, ""USDJPY"": 1.0}","{""EURUSD"": -0.3333333333333333, ""GBPUSD"": -0.3333333333333333, ""USDJPY"": 0.3333333333333333}","{""EUR_USD"": -11411, ""GBP_USD"": -9938, ""USD_JPY"": 13332}","{""EUR_USD"": -11411, ""GBP_USD"": -9938, ""USD_JPY"": 13333}","{""EUR_USD"": -2, ""GBP_USD"": -2, ""USD_JPY"": 1}","{""mode"": ""historical_replay"", ""filled"": true, ""instrument"": ""USD_JPY"", ""units"": 1, ""timestamp_utc"": ""2026-04-09 12:31:00+00:00""}"
2026-04-09 12:32:00+00:00,HISTORICAL_REPLAY_FILL,EUR_USD,-5713,100010.17599194954,True,"{""EURUSD"": -1.0, ""GBPUSD"": -1.0, ""USDJPY"": 1.0}","{""EURUSD"": -0.3333333333333333, ""GBPUSD"": -0.3333333333333333, ""USDJPY"": 0.3333333333333333}","{""EUR_USD"": -11411, ""GBP_USD"": -9938, ""USD_JPY"": 13333}","{""EUR_USD"": -17124, ""GBP_USD"": -14913, ""USD_JPY"": 20002}","{""EUR_USD"": -5713, ""GBP_USD"": -4975, ""USD_JPY"": 6669}","{""mode"": ""historical_replay"", ""filled"": true, ""instrument"": ""EUR_USD"", ""units"": -5713, ""timestamp_utc"": ""2026-04-09 12:32:00+00:00""}"
2026-04-09 12:32:00+00:00,HISTORICAL_REPLAY_FILL,GBP_USD,-4975,100010.17599194954,True,"{""EURUSD"": -1.0, ""GBPUSD"": -1.0, ""USDJPY"": 1.0}","{""EURUSD"": -0.3333333333333333, ""GBPUSD"": -0.3333333333333333, ""USDJPY"": 0.3333333333333333}","{""EUR_USD"": -17124, ""GBP_USD"": -9938, ""USD_JPY"": 13333}","{""EUR_USD"": -17124, ""GBP_USD"": -14913, ""USD_JPY"": 20002}","{""EUR_USD"": -5713, ""GBP_USD"": -4975, ""USD_JPY"": 6669}","{""mode"": ""historical_replay"", ""filled"": true, ""instrument"": ""GBP_USD"", ""units"": -4975, ""timestamp_utc"": ""2026-04-09 12:32:00+00:00""}"
2026-04-09 12:32:00+00:00,HISTORICAL_REPLAY_FILL,USD_JPY,6669,100010.17599194954,True,"{""EURUSD"": -1.0, ""GBPUSD"": -1.0, ""USDJPY"": 1.0}","{""EURUSD"": -0.3333333333333333, ""GBPUSD"": -0.3333333333333333, ""USDJPY"": 0.3333333333333333}","{""EUR_USD"": -17124, ""GBP_USD"": -14913, ""USD_JPY"": 13333}","{""EUR_USD"": -17124, ""GBP_USD"": -14913, ""USD_JPY"": 20002}","{""EUR_USD"": -5713, ""GBP_USD"": -4975, ""USD_JPY"": 6669}","{""mode"": ""historical_replay"", ""filled"": true, ""instrument"": ""USD_JPY"", ""units"": 6669, ""timestamp_utc"": ""2026-04-09 12:32:00+00:00""}"
2026-04-09 12:33:00+00:00,HISTORICAL_REPLAY_FILL,GBP_USD,-2,100011.29391062034,True,"{""EURUSD"": -1.0, ""GBPUSD"": -1.0, ""USDJPY"": 1.0}","{""EURUSD"": -0.3333333333333333, ""GBPUSD"": -0.3333333333333333, ""USDJPY"": 0.3333333333333333}","{""EUR_USD"": -17124, ""GBP_USD"": -14913, ""USD_JPY"": 20002}","{""EUR_USD"": -17124, ""GBP_USD"": -14915, ""USD_JPY"": 20002}","{""GBP_USD"": -2}","{""mode"": ""historical_replay"", ""filled"": true, ""instrument"": ""GBP_USD"", ""units"": -2, ""timestamp_utc"": ""2026-04-09 12:33:00+00:00""}"
2026-04-09 12:35:00+00:00,HISTORICAL_REPLAY_FILL,GBP_USD,1,100010.95815846283,True,"{""EURUSD"": -1.0, ""GBPUSD"": -1.0, ""USDJPY"": 1.0}","{""EURUSD"": -0.3333333333333333, ""GBPUSD"": -0.3333333333333333, ""USDJPY"": 0.3333333333333333}","{""EUR_USD"": -17124, ""GBP_USD"": -14915, ""USD_JPY"": 20002}","{""EUR_USD"": -17124, ""GBP_USD"": -14914, ""USD_JPY"": 20002}","{""GBP_USD"": 1}","{""mode"": ""historical_replay"", ""filled"": true, ""instrument"": ""GBP_USD"", ""units"": 1, ""timestamp_utc"": ""2026-04-09 12:35:00+00:00""}"
2026-04-09 12:36:00+00:00,HISTORICAL_REPLAY_FILL,EUR_USD,1,100009.33285868437,True,"{""EURUSD"": -1.0, ""GBPUSD"": -1.0, ""USDJPY"": 1.0}","{""EURUSD"": -0.3333333333333333, ""GBPUSD"": -0.3333333333333333, ""USDJPY"": 0.3333333333333333}","{""EUR_USD"": -17124, ""GBP_USD"": -14914, ""USD_JPY"": 20002}","{""EUR_USD"": -17123, ""GBP_USD"": -14913, ""USD_JPY"": 20001}","{""EUR_USD"": 1, ""GBP_USD"": 1, ""USD_JPY"": -1}","{""mode"": ""historical_replay"", ""filled"": true, ""instrument"": ""EUR_USD"", ""units"": 1, ""timestamp_utc"": ""2026-04-09 12:36:00+00:00""}"
2026-04-09 12:36:00+00:00,HISTORICAL_REPLAY_FILL,GBP_USD,1,100009.33285868437,True,"{""EURUSD"": -1.0, ""GBPUSD"": -1.0, ""USDJPY"": 1.0}","{""EURUSD"": -0.3333333333333333, ""GBPUSD"": -0.3333333333333333, ""USDJPY"": 0.3333333333333333}","{""EUR_USD"": -17123, ""GBP_USD"": -14914, ""USD_JPY"": 20002}","{""EUR_USD"": -17123, ""GBP_USD"": -14913, ""USD_JPY"": 20001}","{""EUR_USD"": 1, ""GBP_USD"": 1, ""USD_JPY"": -1}","{""mode"": ""historical_replay"", ""filled"": true, ""instrument"": ""GBP_USD"", ""units"": 1, ""timestamp_utc"": ""2026-04-09 12:36:00+00:00""}"
2026-04-09 12:36:00+00:00,HISTORICAL_REPLAY_FILL,USD_JPY,-1,100009.33285868437,True,"{""EURUSD"": -1.0, ""GBPUSD"": -1.0, ""USDJPY"": 1.0}","{""EURUSD"": -0.3333333333333333, ""GBPUSD"": -0.3333333333333333, ""USDJPY"": 0.3333333333333333}","{""EUR_USD"": -17123, ""GBP_USD"": -14913, ""USD_JPY"": 20002}","{""EUR_USD"": -17123, ""GBP_USD"": -14913, ""USD_JPY"": 20001}","{""EUR_USD"": 1, ""GBP_USD"": 1, ""USD_JPY"": -1}","{""mode"": ""historical_replay"", ""filled"": true, ""instrument"": ""USD_JPY"", ""units"": -1, ""timestamp_utc"": ""2026-04-09 12:36:00+00:00""}"
2026-04-09 12:37:00+00:00,HISTORICAL_REPLAY_FILL,EUR_USD,5710,100002.02010393694,False,"{""EURUSD"": -1.0, ""GBPUSD"": -1.0, ""USDJPY"": 1.0}","{""EURUSD"": -0.3333333333333333, ""GBPUSD"": -0.3333333333333333, ""USDJPY"": 0.3333333333333333}","{""EUR_USD"": -17123, ""GBP_USD"": -14913, ""USD_JPY"": 20001}","{""EUR_USD"": -11413, ""GBP_USD"": -9940, ""USD_JPY"": 13333}","{""EUR_USD"": 5710, ""GBP_USD"": 4973, ""USD_JPY"": -6668}","{""mode"": ""historical_replay"", ""filled"": true, ""instrument"": ""EUR_USD"", ""units"": 5710, ""timestamp_utc"": ""2026-04-09 12:37:00+00:00""}"
2026-04-09 12:37:00+00:00,HISTORICAL_REPLAY_FILL,GBP_USD,4973,100002.02010393694,False,"{""EURUSD"": -1.0, ""GBPUSD"": -1.0, ""USDJPY"": 1.0}","{""EURUSD"": -0.3333333333333333, ""GBPUSD"": -0.3333333333333333, ""USDJPY"": 0.3333333333333333}","{""EUR_USD"": -11413, ""GBP_USD"": -14913, ""USD_JPY"": 20001}","{""EUR_USD"": -11413, ""GBP_USD"": -9940, ""USD_JPY"": 13333}","{""EUR_USD"": 5710, ""GBP_USD"": 4973, ""USD_JPY"": -6668}","{""mode"": ""historical_replay"", ""filled"": true, ""instrument"": ""GBP_USD"", ""units"": 4973, ""timestamp_utc"": ""2026-04-09 12:37:00+00:00""}"
2026-04-09 12:37:00+00:00,HISTORICAL_REPLAY_FILL,USD_JPY,-6668,100002.02010393694,False,"{""EURUSD"": -1.0, ""GBPUSD"": -1.0, ""USDJPY"": 1.0}","{""EURUSD"": -0.3333333333333333, ""GBPUSD"": -0.3333333333333333, ""USDJPY"": 0.3333333333333333}","{""EUR_USD"": -11413, ""GBP_USD"": -9940, ""USD_JPY"": 20001}","{""EUR_USD"": -11413, ""GBP_USD"": -9940, ""USD_JPY"": 13333}","{""EUR_USD"": 5710, ""GBP_USD"": 4973, ""USD_JPY"": -6668}","{""mode"": ""historical_replay"", ""filled"": true, ""instrument"": ""USD_JPY"", ""units"": -6668, ""timestamp_utc"": ""2026-04-09 12:37:00+00:00""}"
2026-04-09 12:38:00+00:00,HISTORICAL_REPLAY_FILL,EUR_USD,-5709,100006.57769631859,True,"{""EURUSD"": -1.0, ""GBPUSD"": -1.0, ""USDJPY"": 1.0}","{""EURUSD"": -0.3333333333333333, ""GBPUSD"": -0.3333333333333333, ""USDJPY"": 0.3333333333333333}","{""EUR_USD"": -11413, ""GBP_USD"": -9940, ""USD_JPY"": 13333}","{""EUR_USD"": -17122, ""GBP_USD"": -14913, ""USD_JPY"": 20001}","{""EUR_USD"": -5709, ""GBP_USD"": -4973, ""USD_JPY"": 6668}","{""mode"": ""historical_replay"", ""filled"": true, ""instrument"": ""EUR_USD"", ""units"": -5709, ""timestamp_utc"": ""2026-04-09 12:38:00+00:00""}"
2026-04-09 12:38:00+00:00,HISTORICAL_REPLAY_FILL,GBP_USD,-4973,100006.57769631859,True,"{""EURUSD"": -1.0, ""GBPUSD"": -1.0, ""USDJPY"": 1.0}","{""EURUSD"": -0.3333333333333333, ""GBPUSD"": -0.3333333333333333, ""USDJPY"": 0.3333333333333333}","{""EUR_USD"": -17122, ""GBP_USD"": -9940, ""USD_JPY"": 13333}","{""EUR_USD"": -17122, ""GBP_USD"": -14913, ""USD_JPY"": 20001}","{""EUR_USD"": -5709, ""GBP_USD"": -4973, ""USD_JPY"": 6668}","{""mode"": ""historical_replay"", ""filled"": true, ""instrument"": ""GBP_USD"", ""units"": -4973, ""timestamp_utc"": ""2026-04-09 12:38:00+00:00""}"
2026-04-09 12:38:00+00:00,HISTORICAL_REPLAY_FILL,USD_JPY,6668,100006.57769631859,True,"{""EURUSD"": -1.0, ""GBPUSD"": -1.0, ""USDJPY"": 1.0}","{""EURUSD"": -0.3333333333333333, ""GBPUSD"": -0.3333333333333333, ""USDJPY"": 0.3333333333333333}","{""EUR_USD"": -17122, ""GBP_USD"": -14913, ""USD_JPY"": 13333}","{""EUR_USD"": -17122, ""GBP_USD"": -14913, ""USD_JPY"": 20001}","{""EUR_USD"": -5709, ""GBP_USD"": -4973, ""USD_JPY"": 6668}","{""mode"": ""historical_replay"", ""filled"": true, ""instrument"": ""USD_JPY"", ""units"": 6668, ""timestamp_utc"": ""2026-04-09 12:38:00+00:00""}"
2026-04-09 12:39:00+00:00,HISTORICAL_REPLAY_FILL,EUR_USD,3,100001.2681973993,True,"{""EURUSD"": -1.0, ""GBPUSD"": -1.0, ""USDJPY"": 1.0}","{""EURUSD"": -0.3333333333333333, ""GBPUSD"": -0.3333333333333333, ""USDJPY"": 0.3333333333333333}","{""EUR_USD"": -17122, ""GBP_USD"": -14913, ""USD_JPY"": 20001}","{""EUR_USD"": -17119, ""GBP_USD"": -14911, ""USD_JPY"": 20000}","{""EUR_USD"": 3, ""GBP_USD"": 2, ""USD_JPY"": -1}","{""mode"": ""historical_replay"", ""filled"": true, ""instrument"": ""EUR_USD"", ""units"": 3, ""timestamp_utc"": ""2026-04-09 12:39:00+00:00""}"
2026-04-09 12:39:00+00:00,HISTORICAL_REPLAY_FILL,GBP_USD,2,100001.2681973993,True,"{""EURUSD"": -1.0, ""GBPUSD"": -1.0, ""USDJPY"": 1.0}","{""EURUSD"": -0.3333333333333333, ""GBPUSD"": -0.3333333333333333, ""USDJPY"": 0.3333333333333333}","{""EUR_USD"": -17119, ""GBP_USD"": -14913, ""USD_JPY"": 20001}","{""EUR_USD"": -17119, ""GBP_USD"": -14911, ""USD_JPY"": 20000}","{""EUR_USD"": 3, ""GBP_USD"": 2, ""USD_JPY"": -1}","{""mode"": ""historical_replay"", ""filled"": true, ""instrument"": ""GBP_USD"", ""units"": 2, ""timestamp_utc"": ""2026-04-09 12:39:00+00:00""}"
2026-04-09 12:39:00+00:00,HISTORICAL_REPLAY_FILL,USD_JPY,-1,100001.2681973993,True,"{""EURUSD"": -1.0, ""GBPUSD"": -1.0, ""USDJPY"": 1.0}","{""EURUSD"": -0.3333333333333333, ""GBPUSD"": -0.3333333333333333, ""USDJPY"": 0.3333333333333333}","{""EUR_USD"": -17119, ""GBP_USD"": -14911, ""USD_JPY"": 20001}","{""EUR_USD"": -17119, ""GBP_USD"": -14911, ""USD_JPY"": 20000}","{""EUR_USD"": 3, ""GBP_USD"": 2, ""USD_JPY"": -1}","{""mode"": ""historical_replay"", ""filled"": true, ""instrument"": ""USD_JPY"", ""units"": -1, ""timestamp_utc"": ""2026-04-09 12:39:00+00:00""}"
2026-04-09 12:40:00+00:00,HISTORICAL_REPLAY_FILL,EUR_USD,5708,99998.86941852841,False,"{""EURUSD"": -1.0, ""GBPUSD"": -1.0, ""USDJPY"": 1.0}","{""EURUSD"": -0.3333333333333333, ""GBPUSD"": -0.3333333333333333, ""USDJPY"": 0.3333333333333333}","{""EUR_USD"": -17119, ""GBP_USD"": -14911, ""USD_JPY"": 20000}","{""EUR_USD"": -11411, ""GBP_USD"": -9940, ""USD_JPY"": 13333}","{""EUR_USD"": 5708, ""GBP_USD"": 4971, ""USD_JPY"": -6667}","{""mode"": ""historical_replay"", ""filled"": true, ""instrument"": ""EUR_USD"", ""units"": 5708, ""timestamp_utc"": ""2026-04-09 12:40:00+00:00""}"
2026-04-09 12:40:00+00:00,HISTORICAL_REPLAY_FILL,GBP_USD,4971,99998.86941852841,False,"{""EURUSD"": -1.0, ""GBPUSD"": -1.0, ""USDJPY"": 1.0}","{""EURUSD"": -0.3333333333333333, ""GBPUSD"": -0.3333333333333333, ""USDJPY"": 0.3333333333333333}","{""EUR_USD"": -11411, ""GBP_USD"": -14911, ""USD_JPY"": 20000}","{""EUR_USD"": -11411, ""GBP_USD"": -9940, ""USD_JPY"": 13333}","{""EUR_USD"": 5708, ""GBP_USD"": 4971, ""USD_JPY"": -6667}","{""mode"": ""historical_replay"", ""filled"": true, ""instrument"": ""GBP_USD"", ""units"": 4971, ""timestamp_utc"": ""2026-04-09 12:40:00+00:00""}"
2026-04-09 12:40:00+00:00,HISTORICAL_REPLAY_FILL,USD_JPY,-6667,99998.86941852841,False,"{""EURUSD"": -1.0, ""GBPUSD"": -1.0, ""USDJPY"": 1.0}","{""EURUSD"": -0.3333333333333333, ""GBPUSD"": -0.3333333333333333, ""USDJPY"": 0.3333333333333333}","{""EUR_USD"": -11411, ""GBP_USD"": -9940, ""USD_JPY"": 20000}","{""EUR_USD"": -11411, ""GBP_USD"": -9940, ""USD_JPY"": 13333}","{""EUR_USD"": 5708, ""GBP_USD"": 4971, ""USD_JPY"": -6667}","{""mode"": ""historical_replay"", ""filled"": true, ""instrument"": ""USD_JPY"", ""units"": -6667, ""timestamp_utc"": ""2026-04-09 12:40:00+00:00""}"
2026-04-09 12:41:00+00:00,HISTORICAL_REPLAY_FILL,EUR_USD,1,99995.03604896182,False,"{""EURUSD"": -1.0, ""GBPUSD"": -1.0, ""USDJPY"": 1.0}","{""EURUSD"": -0.3333333333333333, ""GBPUSD"": -0.3333333333333333, ""USDJPY"": 0.3333333333333333}","{""EUR_USD"": -11411, ""GBP_USD"": -9940, ""USD_JPY"": 13333}","{""EUR_USD"": -11410, ""GBP_USD"": -9939, ""USD_JPY"": 13332}","{""EUR_USD"": 1, ""GBP_USD"": 1, ""USD_JPY"": -1}","{""mode"": ""historical_replay"", ""filled"": true, ""instrument"": ""EUR_USD"", ""units"": 1, ""timestamp_utc"": ""2026-04-09 12:41:00+00:00""}"
2026-04-09 12:41:00+00:00,HISTORICAL_REPLAY_FILL,GBP_USD,1,99995.03604896182,False,"{""EURUSD"": -1.0, ""GBPUSD"": -1.0, ""USDJPY"": 1.0}","{""EURUSD"": -0.3333333333333333, ""GBPUSD"": -0.3333333333333333, ""USDJPY"": 0.3333333333333333}","{""EUR_USD"": -11410, ""GBP_USD"": -9940, ""USD_JPY"": 13333}","{""EUR_USD"": -11410, ""GBP_USD"": -9939, ""USD_JPY"": 13332}","{""EUR_USD"": 1, ""GBP_USD"": 1, ""USD_JPY"": -1}","{""mode"": ""historical_replay"", ""filled"": true, ""instrument"": ""GBP_USD"", ""units"": 1, ""timestamp_utc"": ""2026-04-09 12:41:00+00:00""}"
2026-04-09 12:41:00+00:00,HISTORICAL_REPLAY_FILL,USD_JPY,-1,99995.03604896182,False,"{""EURUSD"": -1.0, ""GBPUSD"": -1.0, ""USDJPY"": 1.0}","{""EURUSD"": -0.3333333333333333, ""GBPUSD"": -0.3333333333333333, ""USDJPY"": 0.3333333333333333}","{""EUR_USD"": -11410, ""GBP_USD"": -9939, ""USD_JPY"": 13333}","{""EUR_USD"": -11410, ""GBP_USD"": -9939, ""USD_JPY"": 13332}","{""EUR_USD"": 1, ""GBP_USD"": 1, ""USD_JPY"": -1}","{""mode"": ""historical_replay"", ""filled"": true, ""instrument"": ""USD_JPY"", ""units"": -1, ""timestamp_utc"": ""2026-04-09 12:41:00+00:00""}"
2026-04-09 12:42:00+00:00,HISTORICAL_REPLAY_FILL,EUR_USD,-1,99999.25279780032,False,"{""EURUSD"": -1.0, ""GBPUSD"": -1.0, ""USDJPY"": 1.0}","{""EURUSD"": -0.3333333333333333, ""GBPUSD"": -0.3333333333333333, ""USDJPY"": 0.3333333333333333}","{""EUR_USD"": -11410, ""GBP_USD"": -9939, ""USD_JPY"": 13332}","{""EUR_USD"": -11411, ""GBP_USD"": -9941, ""USD_JPY"": 13333}","{""EUR_USD"": -1, ""GBP_USD"": -2, ""USD_JPY"": 1}","{""mode"": ""historical_replay"", ""filled"": true, ""instrument"": ""EUR_USD"", ""units"": -1, ""timestamp_utc"": ""2026-04-09 12:42:00+00:00""}"
2026-04-09 12:42:00+00:00,HISTORICAL_REPLAY_FILL,GBP_USD,-2,99999.25279780032,False,"{""EURUSD"": -1.0, ""GBPUSD"": -1.0, ""USDJPY"": 1.0}","{""EURUSD"": -0.3333333333333333, ""GBPUSD"": -0.3333333333333333, ""USDJPY"": 0.3333333333333333}","{""EUR_USD"": -11411, ""GBP_USD"": -9939, ""USD_JPY"": 13332}","{""EUR_USD"": -11411, ""GBP_USD"": -9941, ""USD_JPY"": 13333}","{""EUR_USD"": -1, ""GBP_USD"": -2, ""USD_JPY"": 1}","{""mode"": ""historical_replay"", ""filled"": true, ""instrument"": ""GBP_USD"", ""units"": -2, ""timestamp_utc"": ""2026-04-09 12:42:00+00:00""}"
2026-04-09 12:42:00+00:00,HISTORICAL_REPLAY_FILL,USD_JPY,1,99999.25279780032,False,"{""EURUSD"": -1.0, ""GBPUSD"": -1.0, ""USDJPY"": 1.0}","{""EURUSD"": -0.3333333333333333, ""GBPUSD"": -0.3333333333333333, ""USDJPY"": 0.3333333333333333}","{""EUR_USD"": -11411, ""GBP_USD"": -9941, ""USD_JPY"": 13332}","{""EUR_USD"": -11411, ""GBP_USD"": -9941, ""USD_JPY"": 13333}","{""EUR_USD"": -1, ""GBP_USD"": -2, ""USD_JPY"": 1}","{""mode"": ""historical_replay"", ""filled"": true, ""instrument"": ""USD_JPY"", ""units"": 1, ""timestamp_utc"": ""2026-04-09 12:42:00+00:00""}"
2026-04-09 12:43:00+00:00,HISTORICAL_REPLAY_FILL,EUR_USD,-5709,100006.06130972518,True,"{""EURUSD"": -1.0, ""GBPUSD"": -1.0, ""USDJPY"": 1.0}","{""EURUSD"": -0.3333333333333333, ""GBPUSD"": -0.3333333333333333, ""USDJPY"": 0.3333333333333333}","{""EUR_USD"": -11411, ""GBP_USD"": -9941, ""USD_JPY"": 13333}","{""EUR_USD"": -17120, ""GBP_USD"": -14914, ""USD_JPY"": 20001}","{""EUR_USD"": -5709, ""GBP_USD"": -4973, ""USD_JPY"": 6668}","{""mode"": ""historical_replay"", ""filled"": true, ""instrument"": ""EUR_USD"", ""units"": -5709, ""timestamp_utc"": ""2026-04-09 12:43:00+00:00""}"
2026-04-09 12:43:00+00:00,HISTORICAL_REPLAY_FILL,GBP_USD,-4973,100006.06130972518,True,"{""EURUSD"": -1.0, ""GBPUSD"": -1.0, ""USDJPY"": 1.0}","{""EURUSD"": -0.3333333333333333, ""GBPUSD"": -0.3333333333333333, ""USDJPY"": 0.3333333333333333}","{""EUR_USD"": -17120, ""GBP_USD"": -9941, ""USD_JPY"": 13333}","{""EUR_USD"": -17120, ""GBP_USD"": -14914, ""USD_JPY"": 20001}","{""EUR_USD"": -5709, ""GBP_USD"": -4973, ""USD_JPY"": 6668}","{""mode"": ""historical_replay"", ""filled"": true, ""instrument"": ""GBP_USD"", ""units"": -4973, ""timestamp_utc"": ""2026-04-09 12:43:00+00:00""}"
2026-04-09 12:43:00+00:00,HISTORICAL_REPLAY_FILL,USD_JPY,6668,100006.06130972518,True,"{""EURUSD"": -1.0, ""GBPUSD"": -1.0, ""USDJPY"": 1.0}","{""EURUSD"": -0.3333333333333333, ""GBPUSD"": -0.3333333333333333, ""USDJPY"": 0.3333333333333333}","{""EUR_USD"": -17120, ""GBP_USD"": -14914, ""USD_JPY"": 13333}","{""EUR_USD"": -17120, ""GBP_USD"": -14914, ""USD_JPY"": 20001}","{""EUR_USD"": -5709, ""GBP_USD"": -4973, ""USD_JPY"": 6668}","{""mode"": ""historical_replay"", ""filled"": true, ""instrument"": ""USD_JPY"", ""units"": 6668, ""timestamp_utc"": ""2026-04-09 12:43:00+00:00""}"
2026-04-09 12:44:00+00:00,HISTORICAL_REPLAY_FILL,EUR_USD,-1,100006.84917388568,True,"{""EURUSD"": -1.0, ""GBPUSD"": -1.0, ""USDJPY"": 1.0}","{""EURUSD"": -0.3333333333333333, ""GBPUSD"": -0.3333333333333333, ""USDJPY"": 0.3333333333333333}","{""EUR_USD"": -17120, ""GBP_USD"": -14914, ""USD_JPY"": 20001}","{""EUR_USD"": -17121, ""GBP_USD"": -14915, ""USD_JPY"": 20001}","{""EUR_USD"": -1, ""GBP_USD"": -1}","{""mode"": ""historical_replay"", ""filled"": true, ""instrument"": ""EUR_USD"", ""units"": -1, ""timestamp_utc"": ""2026-04-09 12:44:00+00:00""}"
2026-04-09 12:44:00+00:00,HISTORICAL_REPLAY_FILL,GBP_USD,-1,100006.84917388568,True,"{""EURUSD"": -1.0, ""GBPUSD"": -1.0, ""USDJPY"": 1.0}","{""EURUSD"": -0.3333333333333333, ""GBPUSD"": -0.3333333333333333, ""USDJPY"": 0.3333333333333333}","{""EUR_USD"": -17121, ""GBP_USD"": -14914, ""USD_JPY"": 20001}","{""EUR_USD"": -17121, ""GBP_USD"": -14915, ""USD_JPY"": 20001}","{""EUR_USD"": -1, ""GBP_USD"": -1}","{""mode"": ""historical_replay"", ""filled"": true, ""instrument"": ""GBP_USD"", ""units"": -1, ""timestamp_utc"": ""2026-04-09 12:44:00+00:00""}"
2026-04-09 12:45:00+00:00,HISTORICAL_REPLAY_FILL,EUR_USD,-1,100007.74485093993,True,"{""EURUSD"": -1.0, ""GBPUSD"": -1.0, ""USDJPY"": 1.0}","{""EURUSD"": -0.3333333333333333, ""GBPUSD"": -0.3333333333333333, ""USDJPY"": 0.3333333333333333}","{""EUR_USD"": -17121, ""GBP_USD"": -14915, ""USD_JPY"": 20001}","{""EUR_USD"": -17122, ""GBP_USD"": -14916, ""USD_JPY"": 20001}","{""EUR_USD"": -1, ""GBP_USD"": -1}","{""mode"": ""historical_replay"", ""filled"": true, ""instrument"": ""EUR_USD"", ""units"": -1, ""timestamp_utc"": ""2026-04-09 12:45:00+00:00""}"
2026-04-09 12:45:00+00:00,HISTORICAL_REPLAY_FILL,GBP_USD,-1,100007.74485093993,True,"{""EURUSD"": -1.0, ""GBPUSD"": -1.0, ""USDJPY"": 1.0}","{""EURUSD"": -0.3333333333333333, ""GBPUSD"": -0.3333333333333333, ""USDJPY"": 0.3333333333333333}","{""EUR_USD"": -17122, ""GBP_USD"": -14915, ""USD_JPY"": 20001}","{""EUR_USD"": -17122, ""GBP_USD"": -14916, ""USD_JPY"": 20001}","{""EUR_USD"": -1, ""GBP_USD"": -1}","{""mode"": ""historical_replay"", ""filled"": true, ""instrument"": ""GBP_USD"", ""units"": -1, ""timestamp_utc"": ""2026-04-09 12:45:00+00:00""}"
2026-04-09 12:46:00+00:00,HISTORICAL_REPLAY_FILL,EUR_USD,1,100005.27083397769,True,"{""EURUSD"": -1.0, ""GBPUSD"": -1.0, ""USDJPY"": 1.0}","{""EURUSD"": -0.3333333333333333, ""GBPUSD"": -0.3333333333333333, ""USDJPY"": 0.3333333333333333}","{""EUR_USD"": -17122, ""GBP_USD"": -14916, ""USD_JPY"": 20001}","{""EUR_USD"": -17121, ""GBP_USD"": -14915, ""USD_JPY"": 20001}","{""EUR_USD"": 1, ""GBP_USD"": 1}","{""mode"": ""historical_replay"", ""filled"": true, ""instrument"": ""EUR_USD"", ""units"": 1, ""timestamp_utc"": ""2026-04-09 12:46:00+00:00""}"
2026-04-09 12:46:00+00:00,HISTORICAL_REPLAY_FILL,GBP_USD,1,100005.27083397769,True,"{""EURUSD"": -1.0, ""GBPUSD"": -1.0, ""USDJPY"": 1.0}","{""EURUSD"": -0.3333333333333333, ""GBPUSD"": -0.3333333333333333, ""USDJPY"": 0.3333333333333333}","{""EUR_USD"": -17121, ""GBP_USD"": -14916, ""USD_JPY"": 20001}","{""EUR_USD"": -17121, ""GBP_USD"": -14915, ""USD_JPY"": 20001}","{""EUR_USD"": 1, ""GBP_USD"": 1}","{""mode"": ""historical_replay"", ""filled"": true, ""instrument"": ""GBP_USD"", ""units"": 1, ""timestamp_utc"": ""2026-04-09 12:46:00+00:00""}"
2026-04-09 12:47:00+00:00,HISTORICAL_REPLAY_FILL,GBP_USD,1,100003.7151471997,True,"{""EURUSD"": -1.0, ""GBPUSD"": -1.0, ""USDJPY"": 1.0}","{""EURUSD"": -0.3333333333333333, ""GBPUSD"": -0.3333333333333333, ""USDJPY"": 0.3333333333333333}","{""EUR_USD"": -17121, ""GBP_USD"": -14915, ""USD_JPY"": 20001}","{""EUR_USD"": -17121, ""GBP_USD"": -14914, ""USD_JPY"": 20000}","{""GBP_USD"": 1, ""USD_JPY"": -1}","{""mode"": ""historical_replay"", ""filled"": true, ""instrument"": ""GBP_USD"", ""units"": 1, ""timestamp_utc"": ""2026-04-09 12:47:00+00:00""}"
2026-04-09 12:47:00+00:00,HISTORICAL_REPLAY_FILL,USD_JPY,-1,100003.7151471997,True,"{""EURUSD"": -1.0, ""GBPUSD"": -1.0, ""USDJPY"": 1.0}","{""EURUSD"": -0.3333333333333333, ""GBPUSD"": -0.3333333333333333, ""USDJPY"": 0.3333333333333333}","{""EUR_USD"": -17121, ""GBP_USD"": -14914, ""USD_JPY"": 20001}","{""EUR_USD"": -17121, ""GBP_USD"": -14914, ""USD_JPY"": 20000}","{""GBP_USD"": 1, ""USD_JPY"": -1}","{""mode"": ""historical_replay"", ""filled"": true, ""instrument"": ""USD_JPY"", ""units"": -1, ""timestamp_utc"": ""2026-04-09 12:47:00+00:00""}"
2026-04-09 12:48:00+00:00,HISTORICAL_REPLAY_FILL,EUR_USD,1,100003.10204303698,True,"{""EURUSD"": -1.0, ""GBPUSD"": -1.0, ""USDJPY"": 1.0}","{""EURUSD"": -0.3333333333333333, ""GBPUSD"": -0.3333333333333333, ""USDJPY"": 0.3333333333333333}","{""EUR_USD"": -17121, ""GBP_USD"": -14914, ""USD_JPY"": 20000}","{""EUR_USD"": -17120, ""GBP_USD"": -14912, ""USD_JPY"": 20000}","{""EUR_USD"": 1, ""GBP_USD"": 2}","{""mode"": ""historical_replay"", ""filled"": true, ""instrument"": ""EUR_USD"", ""units"": 1, ""timestamp_utc"": ""2026-04-09 12:48:00+00:00""}"
2026-04-09 12:48:00+00:00,HISTORICAL_REPLAY_FILL,GBP_USD,2,100003.10204303698,True,"{""EURUSD"": -1.0, ""GBPUSD"": -1.0, ""USDJPY"": 1.0}","{""EURUSD"": -0.3333333333333333, ""GBPUSD"": -0.3333333333333333, ""USDJPY"": 0.3333333333333333}","{""EUR_USD"": -17120, ""GBP_USD"": -14914, ""USD_JPY"": 20000}","{""EUR_USD"": -17120, ""GBP_USD"": -14912, ""USD_JPY"": 20000}","{""EUR_USD"": 1, ""GBP_USD"": 2}","{""mode"": ""historical_replay"", ""filled"": true, ""instrument"": ""GBP_USD"", ""units"": 2, ""timestamp_utc"": ""2026-04-09 12:48:00+00:00""}"
2026-04-09 12:49:00+00:00,HISTORICAL_REPLAY_FILL,EUR_USD,5710,99992.12225985112,False,"{""EURUSD"": -1.0, ""GBPUSD"": -1.0, ""USDJPY"": 1.0}","{""EURUSD"": -0.3333333333333333, ""GBPUSD"": -0.3333333333333333, ""USDJPY"": 0.3333333333333333}","{""EUR_USD"": -17120, ""GBP_USD"": -14912, ""USD_JPY"": 20000}","{""EUR_USD"": -11410, ""GBP_USD"": -9939, ""USD_JPY"": 13332}","{""EUR_USD"": 5710, ""GBP_USD"": 4973, ""USD_JPY"": -6668}","{""mode"": ""historical_replay"", ""filled"": true, ""instrument"": ""EUR_USD"", ""units"": 5710, ""timestamp_utc"": ""2026-04-09 12:49:00+00:00""}"
2026-04-09 12:49:00+00:00,HISTORICAL_REPLAY_FILL,GBP_USD,4973,99992.12225985112,False,"{""EURUSD"": -1.0, ""GBPUSD"": -1.0, ""USDJPY"": 1.0}","{""EURUSD"": -0.3333333333333333, ""GBPUSD"": -0.3333333333333333, ""USDJPY"": 0.3333333333333333}","{""EUR_USD"": -11410, ""GBP_USD"": -14912, ""USD_JPY"": 20000}","{""EUR_USD"": -11410, ""GBP_USD"": -9939, ""USD_JPY"": 13332}","{""EUR_USD"": 5710, ""GBP_USD"": 4973, ""USD_JPY"": -6668}","{""mode"": ""historical_replay"", ""filled"": true, ""instrument"": ""GBP_USD"", ""units"": 4973, ""timestamp_utc"": ""2026-04-09 12:49:00+00:00""}"
2026-04-09 12:49:00+00:00,HISTORICAL_REPLAY_FILL,USD_JPY,-6668,99992.12225985112,False,"{""EURUSD"": -1.0, ""GBPUSD"": -1.0, ""USDJPY"": 1.0}","{""EURUSD"": -0.3333333333333333, ""GBPUSD"": -0.3333333333333333, ""USDJPY"": 0.3333333333333333}","{""EUR_USD"": -11410, ""GBP_USD"": -9939, ""USD_JPY"": 20000}","{""EUR_USD"": -11410, ""GBP_USD"": -9939, ""USD_JPY"": 13332}","{""EUR_USD"": 5710, ""GBP_USD"": 4973, ""USD_JPY"": -6668}","{""mode"": ""historical_replay"", ""filled"": true, ""instrument"": ""USD_JPY"", ""units"": -6668, ""timestamp_utc"": ""2026-04-09 12:49:00+00:00""}"
2026-04-09 12:51:00+00:00,HISTORICAL_REPLAY_FILL,EUR_USD,-2,99993.66880729092,False,"{""EURUSD"": -1.0, ""GBPUSD"": -1.0, ""USDJPY"": 1.0}","{""EURUSD"": -0.3333333333333333, ""GBPUSD"": -0.3333333333333333, ""USDJPY"": 0.3333333333333333}","{""EUR_USD"": -11410, ""GBP_USD"": -9939, ""USD_JPY"": 13332}","{""EUR_USD"": -11412, ""GBP_USD"": -9939, ""USD_JPY"": 13332}","{""EUR_USD"": -2}","{""mode"": ""historical_replay"", ""filled"": true, ""instrument"": ""EUR_USD"", ""units"": -2, ""timestamp_utc"": ""2026-04-09 12:51:00+00:00""}"
2026-04-09 12:52:00+00:00,HISTORICAL_REPLAY_FILL,EUR_USD,1,99992.66267654998,False,"{""EURUSD"": -1.0, ""GBPUSD"": -1.0, ""USDJPY"": 1.0}","{""EURUSD"": -0.3333333333333333, ""GBPUSD"": -0.3333333333333333, ""USDJPY"": 0.3333333333333333}","{""EUR_USD"": -11412, ""GBP_USD"": -9939, ""USD_JPY"": 13332}","{""EUR_USD"": -11411, ""GBP_USD"": -9939, ""USD_JPY"": 13332}","{""EUR_USD"": 1}","{""mode"": ""historical_replay"", ""filled"": true, ""instrument"": ""EUR_USD"", ""units"": 1, ""timestamp_utc"": ""2026-04-09 12:52:00+00:00""}"
2026-04-09 12:53:00+00:00,HISTORICAL_REPLAY_FILL,EUR_USD,1,99992.07740654999,False,"{""EURUSD"": -1.0, ""GBPUSD"": -1.0, ""USDJPY"": 1.0}","{""EURUSD"": -0.3333333333333333, ""GBPUSD"": -0.3333333333333333, ""USDJPY"": 0.3333333333333333}","{""EUR_USD"": -11411, ""GBP_USD"": -9939, ""USD_JPY"": 13332}","{""EUR_USD"": -11410, ""GBP_USD"": -9939, ""USD_JPY"": 13332}","{""EUR_USD"": 1}","{""mode"": ""historical_replay"", ""filled"": true, ""instrument"": ""EUR_USD"", ""units"": 1, ""timestamp_utc"": ""2026-04-09 12:53:00+00:00""}"
2026-04-09 12:54:00+00:00,HISTORICAL_REPLAY_FILL,EUR_USD,-1,99994.92515905791,False,"{""EURUSD"": -1.0, ""GBPUSD"": -1.0, ""USDJPY"": 1.0}","{""EURUSD"": -0.3333333333333333, ""GBPUSD"": -0.3333333333333333, ""USDJPY"": 0.3333333333333333}","{""EUR_USD"": -11410, ""GBP_USD"": -9939, ""USD_JPY"": 13332}","{""EUR_USD"": -11411, ""GBP_USD"": -9941, ""USD_JPY"": 13332}","{""EUR_USD"": -1, ""GBP_USD"": -2}","{""mode"": ""historical_replay"", ""filled"": true, ""instrument"": ""EUR_USD"", ""units"": -1, ""timestamp_utc"": ""2026-04-09 12:54:00+00:00""}"
2026-04-09 12:54:00+00:00,HISTORICAL_REPLAY_FILL,GBP_USD,-2,99994.92515905791,False,"{""EURUSD"": -1.0, ""GBPUSD"": -1.0, ""USDJPY"": 1.0}","{""EURUSD"": -0.3333333333333333, ""GBPUSD"": -0.3333333333333333, ""USDJPY"": 0.3333333333333333}","{""EUR_USD"": -11411, ""GBP_USD"": -9939, ""USD_JPY"": 13332}","{""EUR_USD"": -11411, ""GBP_USD"": -9941, ""USD_JPY"": 13332}","{""EUR_USD"": -1, ""GBP_USD"": -2}","{""mode"": ""historical_replay"", ""filled"": true, ""instrument"": ""GBP_USD"", ""units"": -2, ""timestamp_utc"": ""2026-04-09 12:54:00+00:00""}"
2026-04-09 12:55:00+00:00,HISTORICAL_REPLAY_FILL,GBP_USD,1,99994.54809259331,False,"{""EURUSD"": -1.0, ""GBPUSD"": -1.0, ""USDJPY"": 1.0}","{""EURUSD"": -0.3333333333333333, ""GBPUSD"": -0.3333333333333333, ""USDJPY"": 0.3333333333333333}","{""EUR_USD"": -11411, ""GBP_USD"": -9941, ""USD_JPY"": 13332}","{""EUR_USD"": -11411, ""GBP_USD"": -9940, ""USD_JPY"": 13332}","{""GBP_USD"": 1}","{""mode"": ""historical_replay"", ""filled"": true, ""instrument"": ""GBP_USD"", ""units"": 1, ""timestamp_utc"": ""2026-04-09 12:55:00+00:00""}"
2026-04-09 12:57:00+00:00,HISTORICAL_REPLAY_FILL,EUR_USD,2,99988.23310895872,False,"{""EURUSD"": -1.0, ""GBPUSD"": -1.0, ""USDJPY"": 1.0}","{""EURUSD"": -0.3333333333333333, ""GBPUSD"": -0.3333333333333333, ""USDJPY"": 0.3333333333333333}","{""EUR_USD"": -11411, ""GBP_USD"": -9940, ""USD_JPY"": 13332}","{""EUR_USD"": -11409, ""GBP_USD"": -9937, ""USD_JPY"": 13331}","{""EUR_USD"": 2, ""GBP_USD"": 3, ""USD_JPY"": -1}","{""mode"": ""historical_replay"", ""filled"": true, ""instrument"": ""EUR_USD"", ""units"": 2, ""timestamp_utc"": ""2026-04-09 12:57:00+00:00""}"
2026-04-09 12:57:00+00:00,HISTORICAL_REPLAY_FILL,GBP_USD,3,99988.23310895872,False,"{""EURUSD"": -1.0, ""GBPUSD"": -1.0, ""USDJPY"": 1.0}","{""EURUSD"": -0.3333333333333333, ""GBPUSD"": -0.3333333333333333, ""USDJPY"": 0.3333333333333333}","{""EUR_USD"": -11409, ""GBP_USD"": -9940, ""USD_JPY"": 13332}","{""EUR_USD"": -11409, ""GBP_USD"": -9937, ""USD_JPY"": 13331}","{""EUR_USD"": 2, ""GBP_USD"": 3, ""USD_JPY"": -1}","{""mode"": ""historical_replay"", ""filled"": true, ""instrument"": ""GBP_USD"", ""units"": 3, ""timestamp_utc"": ""2026-04-09 12:57:00+00:00""}"
2026-04-09 12:57:00+00:00,HISTORICAL_REPLAY_FILL,USD_JPY,-1,99988.23310895872,False,"{""EURUSD"": -1.0, ""GBPUSD"": -1.0, ""USDJPY"": 1.0}","{""EURUSD"": -0.3333333333333333, ""GBPUSD"": -0.3333333333333333, ""USDJPY"": 0.3333333333333333}","{""EUR_USD"": -11409, ""GBP_USD"": -9937, ""USD_JPY"": 13332}","{""EUR_USD"": -11409, ""GBP_USD"": -9937, ""USD_JPY"": 13331}","{""EUR_USD"": 2, ""GBP_USD"": 3, ""USD_JPY"": -1}","{""mode"": ""historical_replay"", ""filled"": true, ""instrument"": ""USD_JPY"", ""units"": -1, ""timestamp_utc"": ""2026-04-09 12:57:00+00:00""}"
2026-04-09 12:58:00+00:00,HISTORICAL_REPLAY_FILL,EUR_USD,1,99985.51693099826,False,"{""EURUSD"": -1.0, ""GBPUSD"": -1.0, ""USDJPY"": 1.0}","{""EURUSD"": -0.3333333333333333, ""GBPUSD"": -0.3333333333333333, ""USDJPY"": 0.3333333333333333}","{""EUR_USD"": -11409, ""GBP_USD"": -9937, ""USD_JPY"": 13331}","{""EUR_USD"": -11408, ""GBP_USD"": -9936, ""USD_JPY"": 13331}","{""EUR_USD"": 1, ""GBP_USD"": 1}","{""mode"": ""historical_replay"", ""filled"": true, ""instrument"": ""EUR_USD"", ""units"": 1, ""timestamp_utc"": ""2026-04-09 12:58:00+00:00""}"
2026-04-09 12:58:00+00:00,HISTORICAL_REPLAY_FILL,GBP_USD,1,99985.51693099826,False,"{""EURUSD"": -1.0, ""GBPUSD"": -1.0, ""USDJPY"": 1.0}","{""EURUSD"": -0.3333333333333333, ""GBPUSD"": -0.3333333333333333, ""USDJPY"": 0.3333333333333333}","{""EUR_USD"": -11408, ""GBP_USD"": -9937, ""USD_JPY"": 13331}","{""EUR_USD"": -11408, ""GBP_USD"": -9936, ""USD_JPY"": 13331}","{""EUR_USD"": 1, ""GBP_USD"": 1}","{""mode"": ""historical_replay"", ""filled"": true, ""instrument"": ""GBP_USD"", ""units"": 1, ""timestamp_utc"": ""2026-04-09 12:58:00+00:00""}"
2026-04-09 12:59:00+00:00,HISTORICAL_REPLAY_FILL,EUR_USD,1,99983.2317870207,False,"{""EURUSD"": -1.0, ""GBPUSD"": -1.0, ""USDJPY"": 1.0}","{""EURUSD"": -0.3333333333333333, ""GBPUSD"": -0.3333333333333333, ""USDJPY"": 0.3333333333333333}","{""EUR_USD"": -11408, ""GBP_USD"": -9936, ""USD_JPY"": 13331}","{""EUR_USD"": -11407, ""GBP_USD"": -9936, ""USD_JPY"": 13331}","{""EUR_USD"": 1}","{""mode"": ""historical_replay"", ""filled"": true, ""instrument"": ""EUR_USD"", ""units"": 1, ""timestamp_utc"": ""2026-04-09 12:59:00+00:00""}"
2026-04-09 13:00:00+00:00,HISTORICAL_REPLAY_FILL,EUR_USD,-2,99986.15456376298,False,"{""EURUSD"": -1.0, ""GBPUSD"": -1.0, ""USDJPY"": 1.0}","{""EURUSD"": -0.3333333333333333, ""GBPUSD"": -0.3333333333333333, ""USDJPY"": 0.3333333333333333}","{""EUR_USD"": -11407, ""GBP_USD"": -9936, ""USD_JPY"": 13331}","{""EUR_USD"": -11409, ""GBP_USD"": -9936, ""USD_JPY"": 13331}","{""EUR_USD"": -2}","{""mode"": ""historical_replay"", ""filled"": true, ""instrument"": ""EUR_USD"", ""units"": -2, ""timestamp_utc"": ""2026-04-09 13:00:00+00:00""}"
2026-04-09 13:01:00+00:00,HISTORICAL_REPLAY_FILL,EUR_USD,2,99981.29087972394,False,"{""EURUSD"": -1.0, ""GBPUSD"": -1.0, ""USDJPY"": 1.0}","{""EURUSD"": -0.3333333333333333, ""GBPUSD"": -0.3333333333333333, ""USDJPY"": 0.3333333333333333}","{""EUR_USD"": -11409, ""GBP_USD"": -9936, ""USD_JPY"": 13331}","{""EUR_USD"": -11407, ""GBP_USD"": -9934, ""USD_JPY"": 13330}","{""EUR_USD"": 2, ""GBP_USD"": 2, ""USD_JPY"": -1}","{""mode"": ""historical_replay"", ""filled"": true, ""instrument"": ""EUR_USD"", ""units"": 2, ""timestamp_utc"": ""2026-04-09 13:01:00+00:00""}"
2026-04-09 13:01:00+00:00,HISTORICAL_REPLAY_FILL,GBP_USD,2,99981.29087972394,False,"{""EURUSD"": -1.0, ""GBPUSD"": -1.0, ""USDJPY"": 1.0}","{""EURUSD"": -0.3333333333333333, ""GBPUSD"": -0.3333333333333333, ""USDJPY"": 0.3333333333333333}","{""EUR_USD"": -11407, ""GBP_USD"": -9936, ""USD_JPY"": 13331}","{""EUR_USD"": -11407, ""GBP_USD"": -9934, ""USD_JPY"": 13330}","{""EUR_USD"": 2, ""GBP_USD"": 2, ""USD_JPY"": -1}","{""mode"": ""historical_replay"", ""filled"": true, ""instrument"": ""GBP_USD"", ""units"": 2, ""timestamp_utc"": ""2026-04-09 13:01:00+00:00""}"
2026-04-09 13:01:00+00:00,HISTORICAL_REPLAY_FILL,USD_JPY,-1,99981.29087972394,False,"{""EURUSD"": -1.0, ""GBPUSD"": -1.0, ""USDJPY"": 1.0}","{""EURUSD"": -0.3333333333333333, ""GBPUSD"": -0.3333333333333333, ""USDJPY"": 0.3333333333333333}","{""EUR_USD"": -11407, ""GBP_USD"": -9934, ""USD_JPY"": 13331}","{""EUR_USD"": -11407, ""GBP_USD"": -9934, ""USD_JPY"": 13330}","{""EUR_USD"": 2, ""GBP_USD"": 2, ""USD_JPY"": -1}","{""mode"": ""historical_replay"", ""filled"": true, ""instrument"": ""USD_JPY"", ""units"": -1, ""timestamp_utc"": ""2026-04-09 13:01:00+00:00""}"
2026-04-09 13:02:00+00:00,HISTORICAL_REPLAY_FILL,GBP_USD,-2,99983.72471971136,False,"{""EURUSD"": -1.0, ""GBPUSD"": -1.0, ""USDJPY"": 1.0}","{""EURUSD"": -0.3333333333333333, ""GBPUSD"": -0.3333333333333333, ""USDJPY"": 0.3333333333333333}","{""EUR_USD"": -11407, ""GBP_USD"": -9934, ""USD_JPY"": 13330}","{""EUR_USD"": -11407, ""GBP_USD"": -9936, ""USD_JPY"": 13331}","{""GBP_USD"": -2, ""USD_JPY"": 1}","{""mode"": ""historical_replay"", ""filled"": true, ""instrument"": ""GBP_USD"", ""units"": -2, ""timestamp_utc"": ""2026-04-09 13:02:00+00:00""}"
2026-04-09 13:02:00+00:00,HISTORICAL_REPLAY_FILL,USD_JPY,1,99983.72471971136,False,"{""EURUSD"": -1.0, ""GBPUSD"": -1.0, ""USDJPY"": 1.0}","{""EURUSD"": -0.3333333333333333, ""GBPUSD"": -0.3333333333333333, ""USDJPY"": 0.3333333333333333}","{""EUR_USD"": -11407, ""GBP_USD"": -9936, ""USD_JPY"": 13330}","{""EUR_USD"": -11407, ""GBP_USD"": -9936, ""USD_JPY"": 13331}","{""GBP_USD"": -2, ""USD_JPY"": 1}","{""mode"": ""historical_replay"", ""filled"": true, ""instrument"": ""USD_JPY"", ""units"": 1, ""timestamp_utc"": ""2026-04-09 13:02:00+00:00""}"
2026-04-09 13:03:00+00:00,HISTORICAL_REPLAY_FILL,EUR_USD,22817,99989.4138907346,False,"{""EURUSD"": 1.0, ""GBPUSD"": -1.0, ""USDJPY"": 1.0}","{""EURUSD"": 0.3333333333333333, ""GBPUSD"": -0.3333333333333333, ""USDJPY"": 0.3333333333333333}","{""EUR_USD"": -11407, ""GBP_USD"": -9936, ""USD_JPY"": 13331}","{""EUR_USD"": 11410, ""GBP_USD"": -9938, ""USD_JPY"": 13331}","{""EUR_USD"": 22817, ""GBP_USD"": -2}","{""mode"": ""historical_replay"", ""filled"": true, ""instrument"": ""EUR_USD"", ""units"": 22817, ""timestamp_utc"": ""2026-04-09 13:03:00+00:00""}"
2026-04-09 13:03:00+00:00,HISTORICAL_REPLAY_FILL,GBP_USD,-2,99989.4138907346,False,"{""EURUSD"": 1.0, ""GBPUSD"": -1.0, ""USDJPY"": 1.0}","{""EURUSD"": 0.3333333333333333, ""GBPUSD"": -0.3333333333333333, ""USDJPY"": 0.3333333333333333}","{""EUR_USD"": 11410, ""GBP_USD"": -9936, ""USD_JPY"": 13331}","{""EUR_USD"": 11410, ""GBP_USD"": -9938, ""USD_JPY"": 13331}","{""EUR_USD"": 22817, ""GBP_USD"": -2}","{""mode"": ""historical_replay"", ""filled"": true, ""instrument"": ""GBP_USD"", ""units"": -2, ""timestamp_utc"": ""2026-04-09 13:03:00+00:00""}"
2026-04-09 13:04:00+00:00,HISTORICAL_REPLAY_FILL,GBP_USD,1,99986.9870934544,False,"{""EURUSD"": 1.0, ""GBPUSD"": -1.0, ""USDJPY"": 1.0}","{""EURUSD"": 0.3333333333333333, ""GBPUSD"": -0.3333333333333333, ""USDJPY"": 0.3333333333333333}","{""EUR_USD"": 11410, ""GBP_USD"": -9938, ""USD_JPY"": 13331}","{""EUR_USD"": 11410, ""GBP_USD"": -9937, ""USD_JPY"": 13331}","{""GBP_USD"": 1}","{""mode"": ""historical_replay"", ""filled"": true, ""instrument"": ""GBP_USD"", ""units"": 1, ""timestamp_utc"": ""2026-04-09 13:04:00+00:00""}"
2026-04-09 13:05:00+00:00,HISTORICAL_REPLAY_FILL,EUR_USD,-2,99983.37802488165,False,"{""EURUSD"": 1.0, ""GBPUSD"": -1.0, ""USDJPY"": 1.0}","{""EURUSD"": 0.3333333333333333, ""GBPUSD"": -0.3333333333333333, ""USDJPY"": 0.3333333333333333}","{""EUR_USD"": 11410, ""GBP_USD"": -9937, ""USD_JPY"": 13331}","{""EUR_USD"": 11408, ""GBP_USD"": -9935, ""USD_JPY"": 13331}","{""EUR_USD"": -2, ""GBP_USD"": 2}","{""mode"": ""historical_replay"", ""filled"": true, ""instrument"": ""EUR_USD"", ""units"": -2, ""timestamp_utc"": ""2026-04-09 13:05:00+00:00""}"
2026-04-09 13:05:00+00:00,HISTORICAL_REPLAY_FILL,GBP_USD,2,99983.37802488165,False,"{""EURUSD"": 1.0, ""GBPUSD"": -1.0, ""USDJPY"": 1.0}","{""EURUSD"": 0.3333333333333333, ""GBPUSD"": -0.3333333333333333, ""USDJPY"": 0.3333333333333333}","{""EUR_USD"": 11408, ""GBP_USD"": -9937, ""USD_JPY"": 13331}","{""EUR_USD"": 11408, ""GBP_USD"": -9935, ""USD_JPY"": 13331}","{""EUR_USD"": -2, ""GBP_USD"": 2}","{""mode"": ""historical_replay"", ""filled"": true, ""instrument"": ""GBP_USD"", ""units"": 2, ""timestamp_utc"": ""2026-04-09 13:05:00+00:00""}"
2026-04-09 13:06:00+00:00,HISTORICAL_REPLAY_FILL,EUR_USD,1,99984.8019826858,False,"{""EURUSD"": 1.0, ""GBPUSD"": -1.0, ""USDJPY"": 1.0}","{""EURUSD"": 0.3333333333333333, ""GBPUSD"": -0.3333333333333333, ""USDJPY"": 0.3333333333333333}","{""EUR_USD"": 11408, ""GBP_USD"": -9935, ""USD_JPY"": 13331}","{""EUR_USD"": 11409, ""GBP_USD"": -9936, ""USD_JPY"": 13331}","{""EUR_USD"": 1, ""GBP_USD"": -1}","{""mode"": ""historical_replay"", ""filled"": true, ""instrument"": ""EUR_USD"", ""units"": 1, ""timestamp_utc"": ""2026-04-09 13:06:00+00:00""}"
2026-04-09 13:06:00+00:00,HISTORICAL_REPLAY_FILL,GBP_USD,-1,99984.8019826858,False,"{""EURUSD"": 1.0, ""GBPUSD"": -1.0, ""USDJPY"": 1.0}","{""EURUSD"": 0.3333333333333333, ""GBPUSD"": -0.3333333333333333, ""USDJPY"": 0.3333333333333333}","{""EUR_USD"": 11409, ""GBP_USD"": -9935, ""USD_JPY"": 13331}","{""EUR_USD"": 11409, ""GBP_USD"": -9936, ""USD_JPY"": 13331}","{""EUR_USD"": 1, ""GBP_USD"": -1}","{""mode"": ""historical_replay"", ""filled"": true, ""instrument"": ""GBP_USD"", ""units"": -1, ""timestamp_utc"": ""2026-04-09 13:06:00+00:00""}"
2026-04-09 13:08:00+00:00,HISTORICAL_REPLAY_FILL,EUR_USD,-2,99981.98685416684,False,"{""EURUSD"": 1.0, ""GBPUSD"": -1.0, ""USDJPY"": -1.0}","{""EURUSD"": 0.3333333333333333, ""GBPUSD"": -0.3333333333333333, ""USDJPY"": -0.3333333333333333}","{""EUR_USD"": 11409, ""GBP_USD"": -9936, ""USD_JPY"": 13331}","{""EUR_USD"": 11407, ""GBP_USD"": -9934, ""USD_JPY"": -13330}","{""EUR_USD"": -2, ""GBP_USD"": 2, ""USD_JPY"": -26661}","{""mode"": ""historical_replay"", ""filled"": true, ""instrument"": ""EUR_USD"", ""units"": -2, ""timestamp_utc"": ""2026-04-09 13:08:00+00:00""}"
2026-04-09 13:08:00+00:00,HISTORICAL_REPLAY_FILL,GBP_USD,2,99981.98685416684,False,"{""EURUSD"": 1.0, ""GBPUSD"": -1.0, ""USDJPY"": -1.0}","{""EURUSD"": 0.3333333333333333, ""GBPUSD"": -0.3333333333333333, ""USDJPY"": -0.3333333333333333}","{""EUR_USD"": 11407, ""GBP_USD"": -9936, ""USD_JPY"": 13331}","{""EUR_USD"": 11407, ""GBP_USD"": -9934, ""USD_JPY"": -13330}","{""EUR_USD"": -2, ""GBP_USD"": 2, ""USD_JPY"": -26661}","{""mode"": ""historical_replay"", ""filled"": true, ""instrument"": ""GBP_USD"", ""units"": 2, ""timestamp_utc"": ""2026-04-09 13:08:00+00:00""}"
2026-04-09 13:08:00+00:00,HISTORICAL_REPLAY_FILL,USD_JPY,-26661,99981.98685416684,False,"{""EURUSD"": 1.0, ""GBPUSD"": -1.0, ""USDJPY"": -1.0}","{""EURUSD"": 0.3333333333333333, ""GBPUSD"": -0.3333333333333333, ""USDJPY"": -0.3333333333333333}","{""EUR_USD"": 11407, ""GBP_USD"": -9934, ""USD_JPY"": 13331}","{""EUR_USD"": 11407, ""GBP_USD"": -9934, ""USD_JPY"": -13330}","{""EUR_USD"": -2, ""GBP_USD"": 2, ""USD_JPY"": -26661}","{""mode"": ""historical_replay"", ""filled"": true, ""instrument"": ""USD_JPY"", ""units"": -26661, ""timestamp_utc"": ""2026-04-09 13:08:00+00:00""}"
2026-04-09 13:09:00+00:00,HISTORICAL_REPLAY_FILL,EUR_USD,2,99980.94059165112,False,"{""EURUSD"": 1.0, ""GBPUSD"": 1.0, ""USDJPY"": -1.0}","{""EURUSD"": 0.3333333333333333, ""GBPUSD"": 0.3333333333333333, ""USDJPY"": -0.3333333333333333}","{""EUR_USD"": 11407, ""GBP_USD"": -9934, ""USD_JPY"": -13330}","{""EUR_USD"": 11409, ""GBP_USD"": 9936, ""USD_JPY"": -13330}","{""EUR_USD"": 2, ""GBP_USD"": 19870}","{""mode"": ""historical_replay"", ""filled"": true, ""instrument"": ""EUR_USD"", ""units"": 2, ""timestamp_utc"": ""2026-04-09 13:09:00+00:00""}"
2026-04-09 13:09:00+00:00,HISTORICAL_REPLAY_FILL,GBP_USD,19870,99980.94059165112,False,"{""EURUSD"": 1.0, ""GBPUSD"": 1.0, ""USDJPY"": -1.0}","{""EURUSD"": 0.3333333333333333, ""GBPUSD"": 0.3333333333333333, ""USDJPY"": -0.3333333333333333}","{""EUR_USD"": 11409, ""GBP_USD"": -9934, ""USD_JPY"": -13330}","{""EUR_USD"": 11409, ""GBP_USD"": 9936, ""USD_JPY"": -13330}","{""EUR_USD"": 2, ""GBP_USD"": 19870}","{""mode"": ""historical_replay"", ""filled"": true, ""instrument"": ""GBP_USD"", ""units"": 19870, ""timestamp_utc"": ""2026-04-09 13:09:00+00:00""}"
2026-04-09 13:10:00+00:00,HISTORICAL_REPLAY_FILL,GBP_USD,1,99980.88476916165,False,"{""EURUSD"": 1.0, ""GBPUSD"": 1.0, ""USDJPY"": -1.0}","{""EURUSD"": 0.3333333333333333, ""GBPUSD"": 0.3333333333333333, ""USDJPY"": -0.3333333333333333}","{""EUR_USD"": 11409, ""GBP_USD"": 9936, ""USD_JPY"": -13330}","{""EUR_USD"": 11409, ""GBP_USD"": 9937, ""USD_JPY"": -13330}","{""GBP_USD"": 1}","{""mode"": ""historical_replay"", ""filled"": true, ""instrument"": ""GBP_USD"", ""units"": 1, ""timestamp_utc"": ""2026-04-09 13:10:00+00:00""}"
2026-04-09 13:11:00+00:00,HISTORICAL_REPLAY_FILL,EUR_USD,-1,99985.98638105305,False,"{""EURUSD"": 1.0, ""GBPUSD"": 1.0, ""USDJPY"": -1.0}","{""EURUSD"": 0.3333333333333333, ""GBPUSD"": 0.3333333333333333, ""USDJPY"": -0.3333333333333333}","{""EUR_USD"": 11409, ""GBP_USD"": 9937, ""USD_JPY"": -13330}","{""EUR_USD"": 11408, ""GBP_USD"": 9935, ""USD_JPY"": -13331}","{""EUR_USD"": -1, ""GBP_USD"": -2, ""USD_JPY"": -1}","{""mode"": ""historical_replay"", ""filled"": true, ""instrument"": ""EUR_USD"", ""units"": -1, ""timestamp_utc"": ""2026-04-09 13:11:00+00:00""}"
2026-04-09 13:11:00+00:00,HISTORICAL_REPLAY_FILL,GBP_USD,-2,99985.98638105305,False,"{""EURUSD"": 1.0, ""GBPUSD"": 1.0, ""USDJPY"": -1.0}","{""EURUSD"": 0.3333333333333333, ""GBPUSD"": 0.3333333333333333, ""USDJPY"": -0.3333333333333333}","{""EUR_USD"": 11408, ""GBP_USD"": 9937, ""USD_JPY"": -13330}","{""EUR_USD"": 11408, ""GBP_USD"": 9935, ""USD_JPY"": -13331}","{""EUR_USD"": -1, ""GBP_USD"": -2, ""USD_JPY"": -1}","{""mode"": ""historical_replay"", ""filled"": true, ""instrument"": ""GBP_USD"", ""units"": -2, ""timestamp_utc"": ""2026-04-09 13:11:00+00:00""}"
2026-04-09 13:11:00+00:00,HISTORICAL_REPLAY_FILL,USD_JPY,-1,99985.98638105305,False,"{""EURUSD"": 1.0, ""GBPUSD"": 1.0, ""USDJPY"": -1.0}","{""EURUSD"": 0.3333333333333333, ""GBPUSD"": 0.3333333333333333, ""USDJPY"": -0.3333333333333333}","{""EUR_USD"": 11408, ""GBP_USD"": 9935, ""USD_JPY"": -13330}","{""EUR_USD"": 11408, ""GBP_USD"": 9935, ""USD_JPY"": -13331}","{""EUR_USD"": -1, ""GBP_USD"": -2, ""USD_JPY"": -1}","{""mode"": ""historical_replay"", ""filled"": true, ""instrument"": ""USD_JPY"", ""units"": -1, ""timestamp_utc"": ""2026-04-09 13:11:00+00:00""}"
2026-04-09 13:12:00+00:00,HISTORICAL_REPLAY_FILL,EUR_USD,-1,99989.23060653835,False,"{""EURUSD"": 1.0, ""GBPUSD"": 1.0, ""USDJPY"": -1.0}","{""EURUSD"": 0.3333333333333333, ""GBPUSD"": 0.3333333333333333, ""USDJPY"": -0.3333333333333333}","{""EUR_USD"": 11408, ""GBP_USD"": 9935, ""USD_JPY"": -13331}","{""EUR_USD"": 11407, ""GBP_USD"": 9936, ""USD_JPY"": -13331}","{""EUR_USD"": -1, ""GBP_USD"": 1}","{""mode"": ""historical_replay"", ""filled"": true, ""instrument"": ""EUR_USD"", ""units"": -1, ""timestamp_utc"": ""2026-04-09 13:12:00+00:00""}"
2026-04-09 13:12:00+00:00,HISTORICAL_REPLAY_FILL,GBP_USD,1,99989.23060653835,False,"{""EURUSD"": 1.0, ""GBPUSD"": 1.0, ""USDJPY"": -1.0}","{""EURUSD"": 0.3333333333333333, ""GBPUSD"": 0.3333333333333333, ""USDJPY"": -0.3333333333333333}","{""EUR_USD"": 11407, ""GBP_USD"": 9935, ""USD_JPY"": -13331}","{""EUR_USD"": 11407, ""GBP_USD"": 9936, ""USD_JPY"": -13331}","{""EUR_USD"": -1, ""GBP_USD"": 1}","{""mode"": ""historical_replay"", ""filled"": true, ""instrument"": ""GBP_USD"", ""units"": 1, ""timestamp_utc"": ""2026-04-09 13:12:00+00:00""}"
2026-04-09 13:14:00+00:00,HISTORICAL_REPLAY_FILL,EUR_USD,1,99989.44450355839,False,"{""EURUSD"": 1.0, ""GBPUSD"": 1.0, ""USDJPY"": -1.0}","{""EURUSD"": 0.3333333333333333, ""GBPUSD"": 0.3333333333333333, ""USDJPY"": -0.3333333333333333}","{""EUR_USD"": 11407, ""GBP_USD"": 9936, ""USD_JPY"": -13331}","{""EUR_USD"": 11408, ""GBP_USD"": 9936, ""USD_JPY"": -13331}","{""EUR_USD"": 1}","{""mode"": ""historical_replay"", ""filled"": true, ""instrument"": ""EUR_USD"", ""units"": 1, ""timestamp_utc"": ""2026-04-09 13:14:00+00:00""}"
2026-04-09 13:15:00+00:00,HISTORICAL_REPLAY_FILL,GBP_USD,-2,99994.20766312427,False,"{""EURUSD"": 1.0, ""GBPUSD"": 1.0, ""USDJPY"": -1.0}","{""EURUSD"": 0.3333333333333333, ""GBPUSD"": 0.3333333333333333, ""USDJPY"": -0.3333333333333333}","{""EUR_USD"": 11408, ""GBP_USD"": 9936, ""USD_JPY"": -13331}","{""EUR_USD"": 11408, ""GBP_USD"": 9934, ""USD_JPY"": -13332}","{""GBP_USD"": -2, ""USD_JPY"": -1}","{""mode"": ""historical_replay"", ""filled"": true, ""instrument"": ""GBP_USD"", ""units"": -2, ""timestamp_utc"": ""2026-04-09 13:15:00+00:00""}"
2026-04-09 13:15:00+00:00,HISTORICAL_REPLAY_FILL,USD_JPY,-1,99994.20766312427,False,"{""EURUSD"": 1.0, ""GBPUSD"": 1.0, ""USDJPY"": -1.0}","{""EURUSD"": 0.3333333333333333, ""GBPUSD"": 0.3333333333333333, ""USDJPY"": -0.3333333333333333}","{""EUR_USD"": 11408, ""GBP_USD"": 9934, ""USD_JPY"": -13331}","{""EUR_USD"": 11408, ""GBP_USD"": 9934, ""USD_JPY"": -13332}","{""GBP_USD"": -2, ""USD_JPY"": -1}","{""mode"": ""historical_replay"", ""filled"": true, ""instrument"": ""USD_JPY"", ""units"": -1, ""timestamp_utc"": ""2026-04-09 13:15:00+00:00""}"
2026-04-09 13:17:00+00:00,HISTORICAL_REPLAY_FILL,EUR_USD,-1,99997.70108773922,False,"{""EURUSD"": 1.0, ""GBPUSD"": 1.0, ""USDJPY"": -1.0}","{""EURUSD"": 0.3333333333333333, ""GBPUSD"": 0.3333333333333333, ""USDJPY"": -0.3333333333333333}","{""EUR_USD"": 11408, ""GBP_USD"": 9934, ""USD_JPY"": -13332}","{""EUR_USD"": 11407, ""GBP_USD"": 9933, ""USD_JPY"": -13333}","{""EUR_USD"": -1, ""GBP_USD"": -1, ""USD_JPY"": -1}","{""mode"": ""historical_replay"", ""filled"": true, ""instrument"": ""EUR_USD"", ""units"": -1, ""timestamp_utc"": ""2026-04-09 13:17:00+00:00""}"
2026-04-09 13:17:00+00:00,HISTORICAL_REPLAY_FILL,GBP_USD,-1,99997.70108773922,False,"{""EURUSD"": 1.0, ""GBPUSD"": 1.0, ""USDJPY"": -1.0}","{""EURUSD"": 0.3333333333333333, ""GBPUSD"": 0.3333333333333333, ""USDJPY"": -0.3333333333333333}","{""EUR_USD"": 11407, ""GBP_USD"": 9934, ""USD_JPY"": -13332}","{""EUR_USD"": 11407, ""GBP_USD"": 9933, ""USD_JPY"": -13333}","{""EUR_USD"": -1, ""GBP_USD"": -1, ""USD_JPY"": -1}","{""mode"": ""historical_replay"", ""filled"": true, ""instrument"": ""GBP_USD"", ""units"": -1, ""timestamp_utc"": ""2026-04-09 13:17:00+00:00""}"
2026-04-09 13:17:00+00:00,HISTORICAL_REPLAY_FILL,USD_JPY,-1,99997.70108773922,False,"{""EURUSD"": 1.0, ""GBPUSD"": 1.0, ""USDJPY"": -1.0}","{""EURUSD"": 0.3333333333333333, ""GBPUSD"": 0.3333333333333333, ""USDJPY"": -0.3333333333333333}","{""EUR_USD"": 11407, ""GBP_USD"": 9933, ""USD_JPY"": -13332}","{""EUR_USD"": 11407, ""GBP_USD"": 9933, ""USD_JPY"": -13333}","{""EUR_USD"": -1, ""GBP_USD"": -1, ""USD_JPY"": -1}","{""mode"": ""historical_replay"", ""filled"": true, ""instrument"": ""USD_JPY"", ""units"": -1, ""timestamp_utc"": ""2026-04-09 13:17:00+00:00""}"
2026-04-09 13:18:00+00:00,HISTORICAL_REPLAY_FILL,EUR_USD,-1,100002.86863783261,False,"{""EURUSD"": 1.0, ""GBPUSD"": 1.0, ""USDJPY"": -1.0}","{""EURUSD"": 0.3333333333333333, ""GBPUSD"": 0.3333333333333333, ""USDJPY"": -0.3333333333333333}","{""EUR_USD"": 11407, ""GBP_USD"": 9933, ""USD_JPY"": -13333}","{""EUR_USD"": 11406, ""GBP_USD"": 9933, ""USD_JPY"": -13333}","{""EUR_USD"": -1}","{""mode"": ""historical_replay"", ""filled"": true, ""instrument"": ""EUR_USD"", ""units"": -1, ""timestamp_utc"": ""2026-04-09 13:18:00+00:00""}"
2026-04-09 13:19:00+00:00,HISTORICAL_REPLAY_FILL,EUR_USD,-1,100003.22680713037,False,"{""EURUSD"": 1.0, ""GBPUSD"": 1.0, ""USDJPY"": -1.0}","{""EURUSD"": 0.3333333333333333, ""GBPUSD"": 0.3333333333333333, ""USDJPY"": -0.3333333333333333}","{""EUR_USD"": 11406, ""GBP_USD"": 9933, ""USD_JPY"": -13333}","{""EUR_USD"": 11405, ""GBP_USD"": 9932, ""USD_JPY"": -13333}","{""EUR_USD"": -1, ""GBP_USD"": -1}","{""mode"": ""historical_replay"", ""filled"": true, ""instrument"": ""EUR_USD"", ""units"": -1, ""timestamp_utc"": ""2026-04-09 13:19:00+00:00""}"
2026-04-09 13:19:00+00:00,HISTORICAL_REPLAY_FILL,GBP_USD,-1,100003.22680713037,False,"{""EURUSD"": 1.0, ""GBPUSD"": 1.0, ""USDJPY"": -1.0}","{""EURUSD"": 0.3333333333333333, ""GBPUSD"": 0.3333333333333333, ""USDJPY"": -0.3333333333333333}","{""EUR_USD"": 11405, ""GBP_USD"": 9933, ""USD_JPY"": -13333}","{""EUR_USD"": 11405, ""GBP_USD"": 9932, ""USD_JPY"": -13333}","{""EUR_USD"": -1, ""GBP_USD"": -1}","{""mode"": ""historical_replay"", ""filled"": true, ""instrument"": ""GBP_USD"", ""units"": -1, ""timestamp_utc"": ""2026-04-09 13:19:00+00:00""}"
2026-04-09 13:23:00+00:00,HISTORICAL_REPLAY_FILL,GBP_USD,1,99994.60163055224,False,"{""EURUSD"": 1.0, ""GBPUSD"": 1.0, ""USDJPY"": -1.0}","{""EURUSD"": 0.3333333333333333, ""GBPUSD"": 0.3333333333333333, ""USDJPY"": -0.3333333333333333}","{""EUR_USD"": 11405, ""GBP_USD"": 9932, ""USD_JPY"": -13333}","{""EUR_USD"": 11405, ""GBP_USD"": 9933, ""USD_JPY"": -13332}","{""GBP_USD"": 1, ""USD_JPY"": 1}","{""mode"": ""historical_replay"", ""filled"": true, ""instrument"": ""GBP_USD"", ""units"": 1, ""timestamp_utc"": ""2026-04-09 13:23:00+00:00""}"
2026-04-09 13:23:00+00:00,HISTORICAL_REPLAY_FILL,USD_JPY,1,99994.60163055224,False,"{""EURUSD"": 1.0, ""GBPUSD"": 1.0, ""USDJPY"": -1.0}","{""EURUSD"": 0.3333333333333333, ""GBPUSD"": 0.3333333333333333, ""USDJPY"": -0.3333333333333333}","{""EUR_USD"": 11405, ""GBP_USD"": 9933, ""USD_JPY"": -13333}","{""EUR_USD"": 11405, ""GBP_USD"": 9933, ""USD_JPY"": -13332}","{""GBP_USD"": 1, ""USD_JPY"": 1}","{""mode"": ""historical_replay"", ""filled"": true, ""instrument"": ""USD_JPY"", ""units"": 1, ""timestamp_utc"": ""2026-04-09 13:23:00+00:00""}"
2026-04-09 13:24:00+00:00,HISTORICAL_REPLAY_FILL,GBP_USD,-1,99998.10164271234,False,"{""EURUSD"": 1.0, ""GBPUSD"": 1.0, ""USDJPY"": -1.0}","{""EURUSD"": 0.3333333333333333, ""GBPUSD"": 0.3333333333333333, ""USDJPY"": -0.3333333333333333}","{""EUR_USD"": 11405, ""GBP_USD"": 9933, ""USD_JPY"": -13332}","{""EUR_USD"": 11405, ""GBP_USD"": 9932, ""USD_JPY"": -13333}","{""GBP_USD"": -1, ""USD_JPY"": -1}","{""mode"": ""historical_replay"", ""filled"": true, ""instrument"": ""GBP_USD"", ""units"": -1, ""timestamp_utc"": ""2026-04-09 13:24:00+00:00""}"
2026-04-09 13:24:00+00:00,HISTORICAL_REPLAY_FILL,USD_JPY,-1,99998.10164271234,False,"{""EURUSD"": 1.0, ""GBPUSD"": 1.0, ""USDJPY"": -1.0}","{""EURUSD"": 0.3333333333333333, ""GBPUSD"": 0.3333333333333333, ""USDJPY"": -0.3333333333333333}","{""EUR_USD"": 11405, ""GBP_USD"": 9932, ""USD_JPY"": -13332}","{""EUR_USD"": 11405, ""GBP_USD"": 9932, ""USD_JPY"": -13333}","{""GBP_USD"": -1, ""USD_JPY"": -1}","{""mode"": ""historical_replay"", ""filled"": true, ""instrument"": ""USD_JPY"", ""units"": -1, ""timestamp_utc"": ""2026-04-09 13:24:00+00:00""}"
2026-04-09 13:25:00+00:00,HISTORICAL_REPLAY_FILL,USD_JPY,1,99996.10485734185,False,"{""EURUSD"": 1.0, ""GBPUSD"": 1.0, ""USDJPY"": -1.0}","{""EURUSD"": 0.3333333333333333, ""GBPUSD"": 0.3333333333333333, ""USDJPY"": -0.3333333333333333}","{""EUR_USD"": 11405, ""GBP_USD"": 9932, ""USD_JPY"": -13333}","{""EUR_USD"": 11405, ""GBP_USD"": 9932, ""USD_JPY"": -13332}","{""USD_JPY"": 1}","{""mode"": ""historical_replay"", ""filled"": true, ""instrument"": ""USD_JPY"", ""units"": 1, ""timestamp_utc"": ""2026-04-09 13:25:00+00:00""}"
2026-04-09 13:27:00+00:00,HISTORICAL_REPLAY_FILL,EUR_USD,1,99993.01058939345,False,"{""EURUSD"": 1.0, ""GBPUSD"": 1.0, ""USDJPY"": -1.0}","{""EURUSD"": 0.3333333333333333, ""GBPUSD"": 0.3333333333333333, ""USDJPY"": -0.3333333333333333}","{""EUR_USD"": 11405, ""GBP_USD"": 9932, ""USD_JPY"": -13332}","{""EUR_USD"": 11406, ""GBP_USD"": 9933, ""USD_JPY"": -13332}","{""EUR_USD"": 1, ""GBP_USD"": 1}","{""mode"": ""historical_replay"", ""filled"": true, ""instrument"": ""EUR_USD"", ""units"": 1, ""timestamp_utc"": ""2026-04-09 13:27:00+00:00""}"
2026-04-09 13:27:00+00:00,HISTORICAL_REPLAY_FILL,GBP_USD,1,99993.01058939345,False,"{""EURUSD"": 1.0, ""GBPUSD"": 1.0, ""USDJPY"": -1.0}","{""EURUSD"": 0.3333333333333333, ""GBPUSD"": 0.3333333333333333, ""USDJPY"": -0.3333333333333333}","{""EUR_USD"": 11406, ""GBP_USD"": 9932, ""USD_JPY"": -13332}","{""EUR_USD"": 11406, ""GBP_USD"": 9933, ""USD_JPY"": -13332}","{""EUR_USD"": 1, ""GBP_USD"": 1}","{""mode"": ""historical_replay"", ""filled"": true, ""instrument"": ""GBP_USD"", ""units"": 1, ""timestamp_utc"": ""2026-04-09 13:27:00+00:00""}"
2026-04-09 13:28:00+00:00,HISTORICAL_REPLAY_FILL,EUR_USD,-1,99996.84463386319,False,"{""EURUSD"": 1.0, ""GBPUSD"": 1.0, ""USDJPY"": -1.0}","{""EURUSD"": 0.3333333333333333, ""GBPUSD"": 0.3333333333333333, ""USDJPY"": -0.3333333333333333}","{""EUR_USD"": 11406, ""GBP_USD"": 9933, ""USD_JPY"": -13332}","{""EUR_USD"": 11405, ""GBP_USD"": 9932, ""USD_JPY"": -13332}","{""EUR_USD"": -1, ""GBP_USD"": -1}","{""mode"": ""historical_replay"", ""filled"": true, ""instrument"": ""EUR_USD"", ""units"": -1, ""timestamp_utc"": ""2026-04-09 13:28:00+00:00""}"
2026-04-09 13:28:00+00:00,HISTORICAL_REPLAY_FILL,GBP_USD,-1,99996.84463386319,False,"{""EURUSD"": 1.0, ""GBPUSD"": 1.0, ""USDJPY"": -1.0}","{""EURUSD"": 0.3333333333333333, ""GBPUSD"": 0.3333333333333333, ""USDJPY"": -0.3333333333333333}","{""EUR_USD"": 11405, ""GBP_USD"": 9933, ""USD_JPY"": -13332}","{""EUR_USD"": 11405, ""GBP_USD"": 9932, ""USD_JPY"": -13332}","{""EUR_USD"": -1, ""GBP_USD"": -1}","{""mode"": ""historical_replay"", ""filled"": true, ""instrument"": ""GBP_USD"", ""units"": -1, ""timestamp_utc"": ""2026-04-09 13:28:00+00:00""}"
2026-04-09 13:29:00+00:00,HISTORICAL_REPLAY_FILL,EUR_USD,1,99990.77676782112,False,"{""EURUSD"": 1.0, ""GBPUSD"": 1.0, ""USDJPY"": -1.0}","{""EURUSD"": 0.3333333333333333, ""GBPUSD"": 0.3333333333333333, ""USDJPY"": -0.3333333333333333}","{""EUR_USD"": 11405, ""GBP_USD"": 9932, ""USD_JPY"": -13332}","{""EUR_USD"": 11406, ""GBP_USD"": 9933, ""USD_JPY"": -13332}","{""EUR_USD"": 1, ""GBP_USD"": 1}","{""mode"": ""historical_replay"", ""filled"": true, ""instrument"": ""EUR_USD"", ""units"": 1, ""timestamp_utc"": ""2026-04-09 13:29:00+00:00""}"
2026-04-09 13:29:00+00:00,HISTORICAL_REPLAY_FILL,GBP_USD,1,99990.77676782112,False,"{""EURUSD"": 1.0, ""GBPUSD"": 1.0, ""USDJPY"": -1.0}","{""EURUSD"": 0.3333333333333333, ""GBPUSD"": 0.3333333333333333, ""USDJPY"": -0.3333333333333333}","{""EUR_USD"": 11406, ""GBP_USD"": 9932, ""USD_JPY"": -13332}","{""EUR_USD"": 11406, ""GBP_USD"": 9933, ""USD_JPY"": -13332}","{""EUR_USD"": 1, ""GBP_USD"": 1}","{""mode"": ""historical_replay"", ""filled"": true, ""instrument"": ""GBP_USD"", ""units"": 1, ""timestamp_utc"": ""2026-04-09 13:29:00+00:00""}"
2026-04-09 13:31:00+00:00,HISTORICAL_REPLAY_FILL,EUR_USD,-1,100000.22610213811,False,"{""EURUSD"": 1.0, ""GBPUSD"": 1.0, ""USDJPY"": -1.0}","{""EURUSD"": 0.3333333333333333, ""GBPUSD"": 0.3333333333333333, ""USDJPY"": -0.3333333333333333}","{""EUR_USD"": 11406, ""GBP_USD"": 9933, ""USD_JPY"": -13332}","{""EUR_USD"": 11405, ""GBP_USD"": 9931, ""USD_JPY"": -13333}","{""EUR_USD"": -1, ""GBP_USD"": -2, ""USD_JPY"": -1}","{""mode"": ""historical_replay"", ""filled"": true, ""instrument"": ""EUR_USD"", ""units"": -1, ""timestamp_utc"": ""2026-04-09 13:31:00+00:00""}"
2026-04-09 13:31:00+00:00,HISTORICAL_REPLAY_FILL,GBP_USD,-2,100000.22610213811,False,"{""EURUSD"": 1.0, ""GBPUSD"": 1.0, ""USDJPY"": -1.0}","{""EURUSD"": 0.3333333333333333, ""GBPUSD"": 0.3333333333333333, ""USDJPY"": -0.3333333333333333}","{""EUR_USD"": 11405, ""GBP_USD"": 9933, ""USD_JPY"": -13332}","{""EUR_USD"": 11405, ""GBP_USD"": 9931, ""USD_JPY"": -13333}","{""EUR_USD"": -1, ""GBP_USD"": -2, ""USD_JPY"": -1}","{""mode"": ""historical_replay"", ""filled"": true, ""instrument"": ""GBP_USD"", ""units"": -2, ""timestamp_utc"": ""2026-04-09 13:31:00+00:00""}"
2026-04-09 13:31:00+00:00,HISTORICAL_REPLAY_FILL,USD_JPY,-1,100000.22610213811,False,"{""EURUSD"": 1.0, ""GBPUSD"": 1.0, ""USDJPY"": -1.0}","{""EURUSD"": 0.3333333333333333, ""GBPUSD"": 0.3333333333333333, ""USDJPY"": -0.3333333333333333}","{""EUR_USD"": 11405, ""GBP_USD"": 9931, ""USD_JPY"": -13332}","{""EUR_USD"": 11405, ""GBP_USD"": 9931, ""USD_JPY"": -13333}","{""EUR_USD"": -1, ""GBP_USD"": -2, ""USD_JPY"": -1}","{""mode"": ""historical_replay"", ""filled"": true, ""instrument"": ""USD_JPY"", ""units"": -1, ""timestamp_utc"": ""2026-04-09 13:31:00+00:00""}"
2026-04-09 13:32:00+00:00,HISTORICAL_REPLAY_FILL,EUR_USD,1,99998.46026213812,False,"{""EURUSD"": 1.0, ""GBPUSD"": 1.0, ""USDJPY"": -1.0}","{""EURUSD"": 0.3333333333333333, ""GBPUSD"": 0.3333333333333333, ""USDJPY"": -0.3333333333333333}","{""EUR_USD"": 11405, ""GBP_USD"": 9931, ""USD_JPY"": -13333}","{""EUR_USD"": 11406, ""GBP_USD"": 9931, ""USD_JPY"": -13333}","{""EUR_USD"": 1}","{""mode"": ""historical_replay"", ""filled"": true, ""instrument"": ""EUR_USD"", ""units"": 1, ""timestamp_utc"": ""2026-04-09 13:32:00+00:00""}"
2026-04-09 13:33:00+00:00,HISTORICAL_REPLAY_FILL,EUR_USD,-1,100004.01602194435,False,"{""EURUSD"": 1.0, ""GBPUSD"": 1.0, ""USDJPY"": -1.0}","{""EURUSD"": 0.3333333333333333, ""GBPUSD"": 0.3333333333333333, ""USDJPY"": -0.3333333333333333}","{""EUR_USD"": 11406, ""GBP_USD"": 9931, ""USD_JPY"": -13333}","{""EUR_USD"": 11405, ""GBP_USD"": 9930, ""USD_JPY"": -13333}","{""EUR_USD"": -1, ""GBP_USD"": -1}","{""mode"": ""historical_replay"", ""filled"": true, ""instrument"": ""EUR_USD"", ""units"": -1, ""timestamp_utc"": ""2026-04-09 13:33:00+00:00""}"
2026-04-09 13:33:00+00:00,HISTORICAL_REPLAY_FILL,GBP_USD,-1,100004.01602194435,False,"{""EURUSD"": 1.0, ""GBPUSD"": 1.0, ""USDJPY"": -1.0}","{""EURUSD"": 0.3333333333333333, ""GBPUSD"": 0.3333333333333333, ""USDJPY"": -0.3333333333333333}","{""EUR_USD"": 11405, ""GBP_USD"": 9931, ""USD_JPY"": -13333}","{""EUR_USD"": 11405, ""GBP_USD"": 9930, ""USD_JPY"": -13333}","{""EUR_USD"": -1, ""GBP_USD"": -1}","{""mode"": ""historical_replay"", ""filled"": true, ""instrument"": ""GBP_USD"", ""units"": -1, ""timestamp_utc"": ""2026-04-09 13:33:00+00:00""}"
2026-04-09 13:34:00+00:00,HISTORICAL_REPLAY_FILL,EUR_USD,-1,100006.6576690483,False,"{""EURUSD"": 1.0, ""GBPUSD"": 1.0, ""USDJPY"": -1.0}","{""EURUSD"": 0.3333333333333333, ""GBPUSD"": 0.3333333333333333, ""USDJPY"": -0.3333333333333333}","{""EUR_USD"": 11405, ""GBP_USD"": 9930, ""USD_JPY"": -13333}","{""EUR_USD"": 11404, ""GBP_USD"": 9930, ""USD_JPY"": -13334}","{""EUR_USD"": -1, ""USD_JPY"": -1}","{""mode"": ""historical_replay"", ""filled"": true, ""instrument"": ""EUR_USD"", ""units"": -1, ""timestamp_utc"": ""2026-04-09 13:34:00+00:00""}"
2026-04-09 13:34:00+00:00,HISTORICAL_REPLAY_FILL,USD_JPY,-1,100006.6576690483,False,"{""EURUSD"": 1.0, ""GBPUSD"": 1.0, ""USDJPY"": -1.0}","{""EURUSD"": 0.3333333333333333, ""GBPUSD"": 0.3333333333333333, ""USDJPY"": -0.3333333333333333}","{""EUR_USD"": 11404, ""GBP_USD"": 9930, ""USD_JPY"": -13333}","{""EUR_USD"": 11404, ""GBP_USD"": 9930, ""USD_JPY"": -13334}","{""EUR_USD"": -1, ""USD_JPY"": -1}","{""mode"": ""historical_replay"", ""filled"": true, ""instrument"": ""USD_JPY"", ""units"": -1, ""timestamp_utc"": ""2026-04-09 13:34:00+00:00""}"
2026-04-09 13:35:00+00:00,HISTORICAL_REPLAY_FILL,EUR_USD,-1,100008.5804064323,False,"{""EURUSD"": 1.0, ""GBPUSD"": 1.0, ""USDJPY"": -1.0}","{""EURUSD"": 0.3333333333333333, ""GBPUSD"": 0.3333333333333333, ""USDJPY"": -0.3333333333333333}","{""EUR_USD"": 11404, ""GBP_USD"": 9930, ""USD_JPY"": -13334}","{""EUR_USD"": 11403, ""GBP_USD"": 9929, ""USD_JPY"": -13334}","{""EUR_USD"": -1, ""GBP_USD"": -1}","{""mode"": ""historical_replay"", ""filled"": true, ""instrument"": ""EUR_USD"", ""units"": -1, ""timestamp_utc"": ""2026-04-09 13:35:00+00:00""}"
2026-04-09 13:35:00+00:00,HISTORICAL_REPLAY_FILL,GBP_USD,-1,100008.5804064323,False,"{""EURUSD"": 1.0, ""GBPUSD"": 1.0, ""USDJPY"": -1.0}","{""EURUSD"": 0.3333333333333333, ""GBPUSD"": 0.3333333333333333, ""USDJPY"": -0.3333333333333333}","{""EUR_USD"": 11403, ""GBP_USD"": 9930, ""USD_JPY"": -13334}","{""EUR_USD"": 11403, ""GBP_USD"": 9929, ""USD_JPY"": -13334}","{""EUR_USD"": -1, ""GBP_USD"": -1}","{""mode"": ""historical_replay"", ""filled"": true, ""instrument"": ""GBP_USD"", ""units"": -1, ""timestamp_utc"": ""2026-04-09 13:35:00+00:00""}"
2026-04-09 13:36:00+00:00,HISTORICAL_REPLAY_FILL,EUR_USD,-1,100012.33409413925,False,"{""EURUSD"": 1.0, ""GBPUSD"": 1.0, ""USDJPY"": -1.0}","{""EURUSD"": 0.3333333333333333, ""GBPUSD"": 0.3333333333333333, ""USDJPY"": -0.3333333333333333}","{""EUR_USD"": 11403, ""GBP_USD"": 9929, ""USD_JPY"": -13334}","{""EUR_USD"": 11402, ""GBP_USD"": 9929, ""USD_JPY"": -13334}","{""EUR_USD"": -1}","{""mode"": ""historical_replay"", ""filled"": true, ""instrument"": ""EUR_USD"", ""units"": -1, ""timestamp_utc"": ""2026-04-09 13:36:00+00:00""}"
2026-04-09 13:38:00+00:00,HISTORICAL_REPLAY_FILL,EUR_USD,1,100007.69259685281,False,"{""EURUSD"": 1.0, ""GBPUSD"": 1.0, ""USDJPY"": -1.0}","{""EURUSD"": 0.3333333333333333, ""GBPUSD"": 0.3333333333333333, ""USDJPY"": -0.3333333333333333}","{""EUR_USD"": 11402, ""GBP_USD"": 9929, ""USD_JPY"": -13334}","{""EUR_USD"": 11403, ""GBP_USD"": 9930, ""USD_JPY"": -13334}","{""EUR_USD"": 1, ""GBP_USD"": 1}","{""mode"": ""historical_replay"", ""filled"": true, ""instrument"": ""EUR_USD"", ""units"": 1, ""timestamp_utc"": ""2026-04-09 13:38:00+00:00""}"
2026-04-09 13:38:00+00:00,HISTORICAL_REPLAY_FILL,GBP_USD,1,100007.69259685281,False,"{""EURUSD"": 1.0, ""GBPUSD"": 1.0, ""USDJPY"": -1.0}","{""EURUSD"": 0.3333333333333333, ""GBPUSD"": 0.3333333333333333, ""USDJPY"": -0.3333333333333333}","{""EUR_USD"": 11403, ""GBP_USD"": 9929, ""USD_JPY"": -13334}","{""EUR_USD"": 11403, ""GBP_USD"": 9930, ""USD_JPY"": -13334}","{""EUR_USD"": 1, ""GBP_USD"": 1}","{""mode"": ""historical_replay"", ""filled"": true, ""instrument"": ""GBP_USD"", ""units"": 1, ""timestamp_utc"": ""2026-04-09 13:38:00+00:00""}"
2026-04-09 13:40:00+00:00,HISTORICAL_REPLAY_FILL,EUR_USD,1,100005.94070781214,False,"{""EURUSD"": 1.0, ""GBPUSD"": 1.0, ""USDJPY"": -1.0}","{""EURUSD"": 0.3333333333333333, ""GBPUSD"": 0.3333333333333333, ""USDJPY"": -0.3333333333333333}","{""EUR_USD"": 11403, ""GBP_USD"": 9930, ""USD_JPY"": -13334}","{""EUR_USD"": 11404, ""GBP_USD"": 9931, ""USD_JPY"": -13334}","{""EUR_USD"": 1, ""GBP_USD"": 1}","{""mode"": ""historical_replay"", ""filled"": true, ""instrument"": ""EUR_USD"", ""units"": 1, ""timestamp_utc"": ""2026-04-09 13:40:00+00:00""}"
2026-04-09 13:40:00+00:00,HISTORICAL_REPLAY_FILL,GBP_USD,1,100005.94070781214,False,"{""EURUSD"": 1.0, ""GBPUSD"": 1.0, ""USDJPY"": -1.0}","{""EURUSD"": 0.3333333333333333, ""GBPUSD"": 0.3333333333333333, ""USDJPY"": -0.3333333333333333}","{""EUR_USD"": 11404, ""GBP_USD"": 9930, ""USD_JPY"": -13334}","{""EUR_USD"": 11404, ""GBP_USD"": 9931, ""USD_JPY"": -13334}","{""EUR_USD"": 1, ""GBP_USD"": 1}","{""mode"": ""historical_replay"", ""filled"": true, ""instrument"": ""GBP_USD"", ""units"": 1, ""timestamp_utc"": ""2026-04-09 13:40:00+00:00""}"
2026-04-09 13:41:00+00:00,HISTORICAL_REPLAY_FILL,EUR_USD,-1,100008.34025303501,False,"{""EURUSD"": 1.0, ""GBPUSD"": 1.0, ""USDJPY"": -1.0}","{""EURUSD"": 0.3333333333333333, ""GBPUSD"": 0.3333333333333333, ""USDJPY"": -0.3333333333333333}","{""EUR_USD"": 11404, ""GBP_USD"": 9931, ""USD_JPY"": -13334}","{""EUR_USD"": 11403, ""GBP_USD"": 9931, ""USD_JPY"": -13334}","{""EUR_USD"": -1}","{""mode"": ""historical_replay"", ""filled"": true, ""instrument"": ""EUR_USD"", ""units"": -1, ""timestamp_utc"": ""2026-04-09 13:41:00+00:00""}"
2026-04-09 13:42:00+00:00,HISTORICAL_REPLAY_FILL,EUR_USD,1,100006.94245303501,False,"{""EURUSD"": 1.0, ""GBPUSD"": 1.0, ""USDJPY"": -1.0}","{""EURUSD"": 0.3333333333333333, ""GBPUSD"": 0.3333333333333333, ""USDJPY"": -0.3333333333333333}","{""EUR_USD"": 11403, ""GBP_USD"": 9931, ""USD_JPY"": -13334}","{""EUR_USD"": 11404, ""GBP_USD"": 9930, ""USD_JPY"": -13334}","{""EUR_USD"": 1, ""GBP_USD"": -1}","{""mode"": ""historical_replay"", ""filled"": true, ""instrument"": ""EUR_USD"", ""units"": 1, ""timestamp_utc"": ""2026-04-09 13:42:00+00:00""}"
2026-04-09 13:42:00+00:00,HISTORICAL_REPLAY_FILL,GBP_USD,-1,100006.94245303501,False,"{""EURUSD"": 1.0, ""GBPUSD"": 1.0, ""USDJPY"": -1.0}","{""EURUSD"": 0.3333333333333333, ""GBPUSD"": 0.3333333333333333, ""USDJPY"": -0.3333333333333333}","{""EUR_USD"": 11404, ""GBP_USD"": 9931, ""USD_JPY"": -13334}","{""EUR_USD"": 11404, ""GBP_USD"": 9930, ""USD_JPY"": -13334}","{""EUR_USD"": 1, ""GBP_USD"": -1}","{""mode"": ""historical_replay"", ""filled"": true, ""instrument"": ""GBP_USD"", ""units"": -1, ""timestamp_utc"": ""2026-04-09 13:42:00+00:00""}"
2026-04-09 13:43:00+00:00,HISTORICAL_REPLAY_FILL,GBP_USD,2,100003.6613706608,False,"{""EURUSD"": 1.0, ""GBPUSD"": 1.0, ""USDJPY"": -1.0}","{""EURUSD"": 0.3333333333333333, ""GBPUSD"": 0.3333333333333333, ""USDJPY"": -0.3333333333333333}","{""EUR_USD"": 11404, ""GBP_USD"": 9930, ""USD_JPY"": -13334}","{""EUR_USD"": 11404, ""GBP_USD"": 9932, ""USD_JPY"": -13333}","{""GBP_USD"": 2, ""USD_JPY"": 1}","{""mode"": ""historical_replay"", ""filled"": true, ""instrument"": ""GBP_USD"", ""units"": 2, ""timestamp_utc"": ""2026-04-09 13:43:00+00:00""}"
2026-04-09 13:43:00+00:00,HISTORICAL_REPLAY_FILL,USD_JPY,1,100003.6613706608,False,"{""EURUSD"": 1.0, ""GBPUSD"": 1.0, ""USDJPY"": -1.0}","{""EURUSD"": 0.3333333333333333, ""GBPUSD"": 0.3333333333333333, ""USDJPY"": -0.3333333333333333}","{""EUR_USD"": 11404, ""GBP_USD"": 9932, ""USD_JPY"": -13334}","{""EUR_USD"": 11404, ""GBP_USD"": 9932, ""USD_JPY"": -13333}","{""GBP_USD"": 2, ""USD_JPY"": 1}","{""mode"": ""historical_replay"", ""filled"": true, ""instrument"": ""USD_JPY"", ""units"": 1, ""timestamp_utc"": ""2026-04-09 13:43:00+00:00""}"
2026-04-09 13:45:00+00:00,HISTORICAL_REPLAY_FILL,EUR_USD,1,100001.99555102842,False,"{""EURUSD"": 1.0, ""GBPUSD"": 1.0, ""USDJPY"": -1.0}","{""EURUSD"": 0.3333333333333333, ""GBPUSD"": 0.3333333333333333, ""USDJPY"": -0.3333333333333333}","{""EUR_USD"": 11404, ""GBP_USD"": 9932, ""USD_JPY"": -13333}","{""EUR_USD"": 11405, ""GBP_USD"": 9931, ""USD_JPY"": -13333}","{""EUR_USD"": 1, ""GBP_USD"": -1}","{""mode"": ""historical_replay"", ""filled"": true, ""instrument"": ""EUR_USD"", ""units"": 1, ""timestamp_utc"": ""2026-04-09 13:45:00+00:00""}"
2026-04-09 13:45:00+00:00,HISTORICAL_REPLAY_FILL,GBP_USD,-1,100001.99555102842,False,"{""EURUSD"": 1.0, ""GBPUSD"": 1.0, ""USDJPY"": -1.0}","{""EURUSD"": 0.3333333333333333, ""GBPUSD"": 0.3333333333333333, ""USDJPY"": -0.3333333333333333}","{""EUR_USD"": 11405, ""GBP_USD"": 9932, ""USD_JPY"": -13333}","{""EUR_USD"": 11405, ""GBP_USD"": 9931, ""USD_JPY"": -13333}","{""EUR_USD"": 1, ""GBP_USD"": -1}","{""mode"": ""historical_replay"", ""filled"": true, ""instrument"": ""GBP_USD"", ""units"": -1, ""timestamp_utc"": ""2026-04-09 13:45:00+00:00""}"
2026-04-09 13:46:00+00:00,HISTORICAL_REPLAY_FILL,GBP_USD,1,99999.96582669209,False,"{""EURUSD"": 1.0, ""GBPUSD"": 1.0, ""USDJPY"": -1.0}","{""EURUSD"": 0.3333333333333333, ""GBPUSD"": 0.3333333333333333, ""USDJPY"": -0.3333333333333333}","{""EUR_USD"": 11405, ""GBP_USD"": 9931, ""USD_JPY"": -13333}","{""EUR_USD"": 11405, ""GBP_USD"": 9932, ""USD_JPY"": -13333}","{""GBP_USD"": 1}","{""mode"": ""historical_replay"", ""filled"": true, ""instrument"": ""GBP_USD"", ""units"": 1, ""timestamp_utc"": ""2026-04-09 13:46:00+00:00""}"
2026-04-09 13:47:00+00:00,HISTORICAL_REPLAY_FILL,EUR_USD,-1,100005.3958044976,False,"{""EURUSD"": 1.0, ""GBPUSD"": 1.0, ""USDJPY"": -1.0}","{""EURUSD"": 0.3333333333333333, ""GBPUSD"": 0.3333333333333333, ""USDJPY"": -0.3333333333333333}","{""EUR_USD"": 11405, ""GBP_USD"": 9932, ""USD_JPY"": -13333}","{""EUR_USD"": 11404, ""GBP_USD"": 9930, ""USD_JPY"": -13334}","{""EUR_USD"": -1, ""GBP_USD"": -2, ""USD_JPY"": -1}","{""mode"": ""historical_replay"", ""filled"": true, ""instrument"": ""EUR_USD"", ""units"": -1, ""timestamp_utc"": ""2026-04-09 13:47:00+00:00""}"
2026-04-09 13:47:00+00:00,HISTORICAL_REPLAY_FILL,GBP_USD,-2,100005.3958044976,False,"{""EURUSD"": 1.0, ""GBPUSD"": 1.0, ""USDJPY"": -1.0}","{""EURUSD"": 0.3333333333333333, ""GBPUSD"": 0.3333333333333333, ""USDJPY"": -0.3333333333333333}","{""EUR_USD"": 11404, ""GBP_USD"": 9932, ""USD_JPY"": -13333}","{""EUR_USD"": 11404, ""GBP_USD"": 9930, ""USD_JPY"": -13334}","{""EUR_USD"": -1, ""GBP_USD"": -2, ""USD_JPY"": -1}","{""mode"": ""historical_replay"", ""filled"": true, ""instrument"": ""GBP_USD"", ""units"": -2, ""timestamp_utc"": ""2026-04-09 13:47:00+00:00""}"
2026-04-09 13:47:00+00:00,HISTORICAL_REPLAY_FILL,USD_JPY,-1,100005.3958044976,False,"{""EURUSD"": 1.0, ""GBPUSD"": 1.0, ""USDJPY"": -1.0}","{""EURUSD"": 0.3333333333333333, ""GBPUSD"": 0.3333333333333333, ""USDJPY"": -0.3333333333333333}","{""EUR_USD"": 11404, ""GBP_USD"": 9930, ""USD_JPY"": -13333}","{""EUR_USD"": 11404, ""GBP_USD"": 9930, ""USD_JPY"": -13334}","{""EUR_USD"": -1, ""GBP_USD"": -2, ""USD_JPY"": -1}","{""mode"": ""historical_replay"", ""filled"": true, ""instrument"": ""USD_JPY"", ""units"": -1, ""timestamp_utc"": ""2026-04-09 13:47:00+00:00""}"
2026-04-09 13:48:00+00:00,HISTORICAL_REPLAY_FILL,EUR_USD,1,100001.2742264838,False,"{""EURUSD"": 1.0, ""GBPUSD"": 1.0, ""USDJPY"": -1.0}","{""EURUSD"": 0.3333333333333333, ""GBPUSD"": 0.3333333333333333, ""USDJPY"": -0.3333333333333333}","{""EUR_USD"": 11404, ""GBP_USD"": 9930, ""USD_JPY"": -13334}","{""EUR_USD"": 11405, ""GBP_USD"": 9930, ""USD_JPY"": -13333}","{""EUR_USD"": 1, ""USD_JPY"": 1}","{""mode"": ""historical_replay"", ""filled"": true, ""instrument"": ""EUR_USD"", ""units"": 1, ""timestamp_utc"": ""2026-04-09 13:48:00+00:00""}"
2026-04-09 13:48:00+00:00,HISTORICAL_REPLAY_FILL,USD_JPY,1,100001.2742264838,False,"{""EURUSD"": 1.0, ""GBPUSD"": 1.0, ""USDJPY"": -1.0}","{""EURUSD"": 0.3333333333333333, ""GBPUSD"": 0.3333333333333333, ""USDJPY"": -0.3333333333333333}","{""EUR_USD"": 11405, ""GBP_USD"": 9930, ""USD_JPY"": -13334}","{""EUR_USD"": 11405, ""GBP_USD"": 9930, ""USD_JPY"": -13333}","{""EUR_USD"": 1, ""USD_JPY"": 1}","{""mode"": ""historical_replay"", ""filled"": true, ""instrument"": ""USD_JPY"", ""units"": 1, ""timestamp_utc"": ""2026-04-09 13:48:00+00:00""}"
2026-04-09 13:49:00+00:00,HISTORICAL_REPLAY_FILL,GBP_USD,1,100003.20859061727,False,"{""EURUSD"": 1.0, ""GBPUSD"": 1.0, ""USDJPY"": -1.0}","{""EURUSD"": 0.3333333333333333, ""GBPUSD"": 0.3333333333333333, ""USDJPY"": -0.3333333333333333}","{""EUR_USD"": 11405, ""GBP_USD"": 9930, ""USD_JPY"": -13333}","{""EUR_USD"": 11405, ""GBP_USD"": 9931, ""USD_JPY"": -13333}","{""GBP_USD"": 1}","{""mode"": ""historical_replay"", ""filled"": true, ""instrument"": ""GBP_USD"", ""units"": 1, ""timestamp_utc"": ""2026-04-09 13:49:00+00:00""}"
2026-04-09 13:51:00+00:00,HISTORICAL_REPLAY_FILL,EUR_USD,3,99982.37926152487,False,"{""EURUSD"": 1.0, ""GBPUSD"": 1.0, ""USDJPY"": -1.0}","{""EURUSD"": 0.3333333333333333, ""GBPUSD"": 0.3333333333333333, ""USDJPY"": -0.3333333333333333}","{""EUR_USD"": 11405, ""GBP_USD"": 9931, ""USD_JPY"": -13333}","{""EUR_USD"": 11408, ""GBP_USD"": 9935, ""USD_JPY"": -13330}","{""EUR_USD"": 3, ""GBP_USD"": 4, ""USD_JPY"": 3}","{""mode"": ""historical_replay"", ""filled"": true, ""instrument"": ""EUR_USD"", ""units"": 3, ""timestamp_utc"": ""2026-04-09 13:51:00+00:00""}"
2026-04-09 13:51:00+00:00,HISTORICAL_REPLAY_FILL,GBP_USD,4,99982.37926152487,False,"{""EURUSD"": 1.0, ""GBPUSD"": 1.0, ""USDJPY"": -1.0}","{""EURUSD"": 0.3333333333333333, ""GBPUSD"": 0.3333333333333333, ""USDJPY"": -0.3333333333333333}","{""EUR_USD"": 11408, ""GBP_USD"": 9931, ""USD_JPY"": -13333}","{""EUR_USD"": 11408, ""GBP_USD"": 9935, ""USD_JPY"": -13330}","{""EUR_USD"": 3, ""GBP_USD"": 4, ""USD_JPY"": 3}","{""mode"": ""historical_replay"", ""filled"": true, ""instrument"": ""GBP_USD"", ""units"": 4, ""timestamp_utc"": ""2026-04-09 13:51:00+00:00""}"
2026-04-09 13:51:00+00:00,HISTORICAL_REPLAY_FILL,USD_JPY,3,99982.37926152487,False,"{""EURUSD"": 1.0, ""GBPUSD"": 1.0, ""USDJPY"": -1.0}","{""EURUSD"": 0.3333333333333333, ""GBPUSD"": 0.3333333333333333, ""USDJPY"": -0.3333333333333333}","{""EUR_USD"": 11408, ""GBP_USD"": 9935, ""USD_JPY"": -13333}","{""EUR_USD"": 11408, ""GBP_USD"": 9935, ""USD_JPY"": -13330}","{""EUR_USD"": 3, ""GBP_USD"": 4, ""USD_JPY"": 3}","{""mode"": ""historical_replay"", ""filled"": true, ""instrument"": ""USD_JPY"", ""units"": 3, ""timestamp_utc"": ""2026-04-09 13:51:00+00:00""}"
2026-04-09 13:52:00+00:00,HISTORICAL_REPLAY_FILL,EUR_USD,5705,99980.39496089565,True,"{""EURUSD"": 1.0, ""GBPUSD"": 1.0, ""USDJPY"": -1.0}","{""EURUSD"": 0.3333333333333333, ""GBPUSD"": 0.3333333333333333, ""USDJPY"": -0.3333333333333333}","{""EUR_USD"": 11408, ""GBP_USD"": 9935, ""USD_JPY"": -13330}","{""EUR_USD"": 17113, ""GBP_USD"": 14902, ""USD_JPY"": -19996}","{""EUR_USD"": 5705, ""GBP_USD"": 4967, ""USD_JPY"": -6666}","{""mode"": ""historical_replay"", ""filled"": true, ""instrument"": ""EUR_USD"", ""units"": 5705, ""timestamp_utc"": ""2026-04-09 13:52:00+00:00""}"
2026-04-09 13:52:00+00:00,HISTORICAL_REPLAY_FILL,GBP_USD,4967,99980.39496089565,True,"{""EURUSD"": 1.0, ""GBPUSD"": 1.0, ""USDJPY"": -1.0}","{""EURUSD"": 0.3333333333333333, ""GBPUSD"": 0.3333333333333333, ""USDJPY"": -0.3333333333333333}","{""EUR_USD"": 17113, ""GBP_USD"": 9935, ""USD_JPY"": -13330}","{""EUR_USD"": 17113, ""GBP_USD"": 14902, ""USD_JPY"": -19996}","{""EUR_USD"": 5705, ""GBP_USD"": 4967, ""USD_JPY"": -6666}","{""mode"": ""historical_replay"", ""filled"": true, ""instrument"": ""GBP_USD"", ""units"": 4967, ""timestamp_utc"": ""2026-04-09 13:52:00+00:00""}"
2026-04-09 13:52:00+00:00,HISTORICAL_REPLAY_FILL,USD_JPY,-6666,99980.39496089565,True,"{""EURUSD"": 1.0, ""GBPUSD"": 1.0, ""USDJPY"": -1.0}","{""EURUSD"": 0.3333333333333333, ""GBPUSD"": 0.3333333333333333, ""USDJPY"": -0.3333333333333333}","{""EUR_USD"": 17113, ""GBP_USD"": 14902, ""USD_JPY"": -13330}","{""EUR_USD"": 17113, ""GBP_USD"": 14902, ""USD_JPY"": -19996}","{""EUR_USD"": 5705, ""GBP_USD"": 4967, ""USD_JPY"": -6666}","{""mode"": ""historical_replay"", ""filled"": true, ""instrument"": ""USD_JPY"", ""units"": -6666, ""timestamp_utc"": ""2026-04-09 13:52:00+00:00""}"
2026-04-09 13:53:00+00:00,HISTORICAL_REPLAY_FILL,EUR_USD,-5705,99991.4341930001,False,"{""EURUSD"": 1.0, ""GBPUSD"": 1.0, ""USDJPY"": -1.0}","{""EURUSD"": 0.3333333333333333, ""GBPUSD"": 0.3333333333333333, ""USDJPY"": -0.3333333333333333}","{""EUR_USD"": 17113, ""GBP_USD"": 14902, ""USD_JPY"": -19996}","{""EUR_USD"": 11408, ""GBP_USD"": 9933, ""USD_JPY"": -13332}","{""EUR_USD"": -5705, ""GBP_USD"": -4969, ""USD_JPY"": 6664}","{""mode"": ""historical_replay"", ""filled"": true, ""instrument"": ""EUR_USD"", ""units"": -5705, ""timestamp_utc"": ""2026-04-09 13:53:00+00:00""}"
2026-04-09 13:53:00+00:00,HISTORICAL_REPLAY_FILL,GBP_USD,-4969,99991.4341930001,False,"{""EURUSD"": 1.0, ""GBPUSD"": 1.0, ""USDJPY"": -1.0}","{""EURUSD"": 0.3333333333333333, ""GBPUSD"": 0.3333333333333333, ""USDJPY"": -0.3333333333333333}","{""EUR_USD"": 11408, ""GBP_USD"": 14902, ""USD_JPY"": -19996}","{""EUR_USD"": 11408, ""GBP_USD"": 9933, ""USD_JPY"": -13332}","{""EUR_USD"": -5705, ""GBP_USD"": -4969, ""USD_JPY"": 6664}","{""mode"": ""historical_replay"", ""filled"": true, ""instrument"": ""GBP_USD"", ""units"": -4969, ""timestamp_utc"": ""2026-04-09 13:53:00+00:00""}"
2026-04-09 13:53:00+00:00,HISTORICAL_REPLAY_FILL,USD_JPY,6664,99991.4341930001,False,"{""EURUSD"": 1.0, ""GBPUSD"": 1.0, ""USDJPY"": -1.0}","{""EURUSD"": 0.3333333333333333, ""GBPUSD"": 0.3333333333333333, ""USDJPY"": -0.3333333333333333}","{""EUR_USD"": 11408, ""GBP_USD"": 9933, ""USD_JPY"": -19996}","{""EUR_USD"": 11408, ""GBP_USD"": 9933, ""USD_JPY"": -13332}","{""EUR_USD"": -5705, ""GBP_USD"": -4969, ""USD_JPY"": 6664}","{""mode"": ""historical_replay"", ""filled"": true, ""instrument"": ""USD_JPY"", ""units"": 6664, ""timestamp_utc"": ""2026-04-09 13:53:00+00:00""}"
2026-04-09 13:54:00+00:00,HISTORICAL_REPLAY_FILL,EUR_USD,1,99986.87697804462,False,"{""EURUSD"": 1.0, ""GBPUSD"": 1.0, ""USDJPY"": -1.0}","{""EURUSD"": 0.3333333333333333, ""GBPUSD"": 0.3333333333333333, ""USDJPY"": -0.3333333333333333}","{""EUR_USD"": 11408, ""GBP_USD"": 9933, ""USD_JPY"": -13332}","{""EUR_USD"": 11409, ""GBP_USD"": 9934, ""USD_JPY"": -13331}","{""EUR_USD"": 1, ""GBP_USD"": 1, ""USD_JPY"": 1}","{""mode"": ""historical_replay"", ""filled"": true, ""instrument"": ""EUR_USD"", ""units"": 1, ""timestamp_utc"": ""2026-04-09 13:54:00+00:00""}"
2026-04-09 13:54:00+00:00,HISTORICAL_REPLAY_FILL,GBP_USD,1,99986.87697804462,False,"{""EURUSD"": 1.0, ""GBPUSD"": 1.0, ""USDJPY"": -1.0}","{""EURUSD"": 0.3333333333333333, ""GBPUSD"": 0.3333333333333333, ""USDJPY"": -0.3333333333333333}","{""EUR_USD"": 11409, ""GBP_USD"": 9933, ""USD_JPY"": -13332}","{""EUR_USD"": 11409, ""GBP_USD"": 9934, ""USD_JPY"": -13331}","{""EUR_USD"": 1, ""GBP_USD"": 1, ""USD_JPY"": 1}","{""mode"": ""historical_replay"", ""filled"": true, ""instrument"": ""GBP_USD"", ""units"": 1, ""timestamp_utc"": ""2026-04-09 13:54:00+00:00""}"
2026-04-09 13:54:00+00:00,HISTORICAL_REPLAY_FILL,USD_JPY,1,99986.87697804462,False,"{""EURUSD"": 1.0, ""GBPUSD"": 1.0, ""USDJPY"": -1.0}","{""EURUSD"": 0.3333333333333333, ""GBPUSD"": 0.3333333333333333, ""USDJPY"": -0.3333333333333333}","{""EUR_USD"": 11409, ""GBP_USD"": 9934, ""USD_JPY"": -13332}","{""EUR_USD"": 11409, ""GBP_USD"": 9934, ""USD_JPY"": -13331}","{""EUR_USD"": 1, ""GBP_USD"": 1, ""USD_JPY"": 1}","{""mode"": ""historical_replay"", ""filled"": true, ""instrument"": ""USD_JPY"", ""units"": 1, ""timestamp_utc"": ""2026-04-09 13:54:00+00:00""}"
2026-04-09 13:55:00+00:00,HISTORICAL_REPLAY_FILL,GBP_USD,-1,99988.04653289131,False,"{""EURUSD"": 1.0, ""GBPUSD"": 1.0, ""USDJPY"": -1.0}","{""EURUSD"": 0.3333333333333333, ""GBPUSD"": 0.3333333333333333, ""USDJPY"": -0.3333333333333333}","{""EUR_USD"": 11409, ""GBP_USD"": 9934, ""USD_JPY"": -13331}","{""EUR_USD"": 11409, ""GBP_USD"": 9933, ""USD_JPY"": -13331}","{""GBP_USD"": -1}","{""mode"": ""historical_replay"", ""filled"": true, ""instrument"": ""GBP_USD"", ""units"": -1, ""timestamp_utc"": ""2026-04-09 13:55:00+00:00""}"
2026-04-09 13:56:00+00:00,HISTORICAL_REPLAY_FILL,EUR_USD,-1,99991.07953693236,False,"{""EURUSD"": 1.0, ""GBPUSD"": 1.0, ""USDJPY"": 1.0}","{""EURUSD"": 0.3333333333333333, ""GBPUSD"": 0.3333333333333333, ""USDJPY"": 0.3333333333333333}","{""EUR_USD"": 11409, ""GBP_USD"": 9933, ""USD_JPY"": -13331}","{""EUR_USD"": 11408, ""GBP_USD"": 9932, ""USD_JPY"": 13332}","{""EUR_USD"": -1, ""GBP_USD"": -1, ""USD_JPY"": 26663}","{""mode"": ""historical_replay"", ""filled"": true, ""instrument"": ""EUR_USD"", ""units"": -1, ""timestamp_utc"": ""2026-04-09 13:56:00+00:00""}"
2026-04-09 13:56:00+00:00,HISTORICAL_REPLAY_FILL,GBP_USD,-1,99991.07953693236,False,"{""EURUSD"": 1.0, ""GBPUSD"": 1.0, ""USDJPY"": 1.0}","{""EURUSD"": 0.3333333333333333, ""GBPUSD"": 0.3333333333333333, ""USDJPY"": 0.3333333333333333}","{""EUR_USD"": 11408, ""GBP_USD"": 9933, ""USD_JPY"": -13331}","{""EUR_USD"": 11408, ""GBP_USD"": 9932, ""USD_JPY"": 13332}","{""EUR_USD"": -1, ""GBP_USD"": -1, ""USD_JPY"": 26663}","{""mode"": ""historical_replay"", ""filled"": true, ""instrument"": ""GBP_USD"", ""units"": -1, ""timestamp_utc"": ""2026-04-09 13:56:00+00:00""}"
2026-04-09 13:56:00+00:00,HISTORICAL_REPLAY_FILL,USD_JPY,26663,99991.07953693236,False,"{""EURUSD"": 1.0, ""GBPUSD"": 1.0, ""USDJPY"": 1.0}","{""EURUSD"": 0.3333333333333333, ""GBPUSD"": 0.3333333333333333, ""USDJPY"": 0.3333333333333333}","{""EUR_USD"": 11408, ""GBP_USD"": 9932, ""USD_JPY"": -13331}","{""EUR_USD"": 11408, ""GBP_USD"": 9932, ""USD_JPY"": 13332}","{""EUR_USD"": -1, ""GBP_USD"": -1, ""USD_JPY"": 26663}","{""mode"": ""historical_replay"", ""filled"": true, ""instrument"": ""USD_JPY"", ""units"": 26663, ""timestamp_utc"": ""2026-04-09 13:56:00+00:00""}"
2026-04-09 13:57:00+00:00,HISTORICAL_REPLAY_FILL,EUR_USD,5708,99990.73429156166,True,"{""EURUSD"": 1.0, ""GBPUSD"": 1.0, ""USDJPY"": 1.0}","{""EURUSD"": 0.3333333333333333, ""GBPUSD"": 0.3333333333333333, ""USDJPY"": 0.3333333333333333}","{""EUR_USD"": 11408, ""GBP_USD"": 9932, ""USD_JPY"": 13332}","{""EUR_USD"": 17116, ""GBP_USD"": 14899, ""USD_JPY"": 19998}","{""EUR_USD"": 5708, ""GBP_USD"": 4967, ""USD_JPY"": 6666}","{""mode"": ""historical_replay"", ""filled"": true, ""instrument"": ""EUR_USD"", ""units"": 5708, ""timestamp_utc"": ""2026-04-09 13:57:00+00:00""}"
2026-04-09 13:57:00+00:00,HISTORICAL_REPLAY_FILL,GBP_USD,4967,99990.73429156166,True,"{""EURUSD"": 1.0, ""GBPUSD"": 1.0, ""USDJPY"": 1.0}","{""EURUSD"": 0.3333333333333333, ""GBPUSD"": 0.3333333333333333, ""USDJPY"": 0.3333333333333333}","{""EUR_USD"": 17116, ""GBP_USD"": 9932, ""USD_JPY"": 13332}","{""EUR_USD"": 17116, ""GBP_USD"": 14899, ""USD_JPY"": 19998}","{""EUR_USD"": 5708, ""GBP_USD"": 4967, ""USD_JPY"": 6666}","{""mode"": ""historical_replay"", ""filled"": true, ""instrument"": ""GBP_USD"", ""units"": 4967, ""timestamp_utc"": ""2026-04-09 13:57:00+00:00""}"
2026-04-09 13:57:00+00:00,HISTORICAL_REPLAY_FILL,USD_JPY,6666,99990.73429156166,True,"{""EURUSD"": 1.0, ""GBPUSD"": 1.0, ""USDJPY"": 1.0}","{""EURUSD"": 0.3333333333333333, ""GBPUSD"": 0.3333333333333333, ""USDJPY"": 0.3333333333333333}","{""EUR_USD"": 17116, ""GBP_USD"": 14899, ""USD_JPY"": 13332}","{""EUR_USD"": 17116, ""GBP_USD"": 14899, ""USD_JPY"": 19998}","{""EUR_USD"": 5708, ""GBP_USD"": 4967, ""USD_JPY"": 6666}","{""mode"": ""historical_replay"", ""filled"": true, ""instrument"": ""USD_JPY"", ""units"": 6666, ""timestamp_utc"": ""2026-04-09 13:57:00+00:00""}"
2026-04-09 13:58:00+00:00,HISTORICAL_REPLAY_FILL,EUR_USD,1,99987.78093065135,True,"{""EURUSD"": 1.0, ""GBPUSD"": 1.0, ""USDJPY"": 1.0}","{""EURUSD"": 0.3333333333333333, ""GBPUSD"": 0.3333333333333333, ""USDJPY"": 0.3333333333333333}","{""EUR_USD"": 17116, ""GBP_USD"": 14899, ""USD_JPY"": 19998}","{""EUR_USD"": 17117, ""GBP_USD"": 14900, ""USD_JPY"": 19997}","{""EUR_USD"": 1, ""GBP_USD"": 1, ""USD_JPY"": -1}","{""mode"": ""historical_replay"", ""filled"": true, ""instrument"": ""EUR_USD"", ""units"": 1, ""timestamp_utc"": ""2026-04-09 13:58:00+00:00""}"
2026-04-09 13:58:00+00:00,HISTORICAL_REPLAY_FILL,GBP_USD,1,99987.78093065135,True,"{""EURUSD"": 1.0, ""GBPUSD"": 1.0, ""USDJPY"": 1.0}","{""EURUSD"": 0.3333333333333333, ""GBPUSD"": 0.3333333333333333, ""USDJPY"": 0.3333333333333333}","{""EUR_USD"": 17117, ""GBP_USD"": 14899, ""USD_JPY"": 19998}","{""EUR_USD"": 17117, ""GBP_USD"": 14900, ""USD_JPY"": 19997}","{""EUR_USD"": 1, ""GBP_USD"": 1, ""USD_JPY"": -1}","{""mode"": ""historical_replay"", ""filled"": true, ""instrument"": ""GBP_USD"", ""units"": 1, ""timestamp_utc"": ""2026-04-09 13:58:00+00:00""}"
2026-04-09 13:58:00+00:00,HISTORICAL_REPLAY_FILL,USD_JPY,-1,99987.78093065135,True,"{""EURUSD"": 1.0, ""GBPUSD"": 1.0, ""USDJPY"": 1.0}","{""EURUSD"": 0.3333333333333333, ""GBPUSD"": 0.3333333333333333, ""USDJPY"": 0.3333333333333333}","{""EUR_USD"": 17117, ""GBP_USD"": 14900, ""USD_JPY"": 19998}","{""EUR_USD"": 17117, ""GBP_USD"": 14900, ""USD_JPY"": 19997}","{""EUR_USD"": 1, ""GBP_USD"": 1, ""USD_JPY"": -1}","{""mode"": ""historical_replay"", ""filled"": true, ""instrument"": ""USD_JPY"", ""units"": -1, ""timestamp_utc"": ""2026-04-09 13:58:00+00:00""}"
2026-04-09 13:59:00+00:00,HISTORICAL_REPLAY_FILL,EUR_USD,-34235,99989.61478485266,True,"{""EURUSD"": -1.0, ""GBPUSD"": 1.0, ""USDJPY"": 1.0}","{""EURUSD"": -0.3333333333333333, ""GBPUSD"": 0.3333333333333333, ""USDJPY"": 0.3333333333333333}","{""EUR_USD"": 17117, ""GBP_USD"": 14900, ""USD_JPY"": 19997}","{""EUR_USD"": -17118, ""GBP_USD"": 14900, ""USD_JPY"": 19997}","{""EUR_USD"": -34235}","{""mode"": ""historical_replay"", ""filled"": true, ""instrument"": ""EUR_USD"", ""units"": -34235, ""timestamp_utc"": ""2026-04-09 13:59:00+00:00""}"
2026-04-09 14:00:00+00:00,HISTORICAL_REPLAY_FILL,EUR_USD,-1,99987.82229576084,True,"{""EURUSD"": -1.0, ""GBPUSD"": 1.0, ""USDJPY"": 1.0}","{""EURUSD"": -0.3333333333333333, ""GBPUSD"": 0.3333333333333333, ""USDJPY"": 0.3333333333333333}","{""EUR_USD"": -17118, ""GBP_USD"": 14900, ""USD_JPY"": 19997}","{""EUR_USD"": -17119, ""GBP_USD"": 14902, ""USD_JPY"": 19997}","{""EUR_USD"": -1, ""GBP_USD"": 2}","{""mode"": ""historical_replay"", ""filled"": true, ""instrument"": ""EUR_USD"", ""units"": -1, ""timestamp_utc"": ""2026-04-09 14:00:00+00:00""}"
2026-04-09 14:00:00+00:00,HISTORICAL_REPLAY_FILL,GBP_USD,2,99987.82229576084,True,"{""EURUSD"": -1.0, ""GBPUSD"": 1.0, ""USDJPY"": 1.0}","{""EURUSD"": -0.3333333333333333, ""GBPUSD"": 0.3333333333333333, ""USDJPY"": 0.3333333333333333}","{""EUR_USD"": -17119, ""GBP_USD"": 14900, ""USD_JPY"": 19997}","{""EUR_USD"": -17119, ""GBP_USD"": 14902, ""USD_JPY"": 19997}","{""EUR_USD"": -1, ""GBP_USD"": 2}","{""mode"": ""historical_replay"", ""filled"": true, ""instrument"": ""GBP_USD"", ""units"": 2, ""timestamp_utc"": ""2026-04-09 14:00:00+00:00""}"
2026-04-09 14:01:00+00:00,HISTORICAL_REPLAY_FILL,EUR_USD,3,99985.14890329758,True,"{""EURUSD"": -1.0, ""GBPUSD"": 1.0, ""USDJPY"": 1.0}","{""EURUSD"": -0.3333333333333333, ""GBPUSD"": 0.3333333333333333, ""USDJPY"": 0.3333333333333333}","{""EUR_USD"": -17119, ""GBP_USD"": 14902, ""USD_JPY"": 19997}","{""EUR_USD"": -17116, ""GBP_USD"": 14899, ""USD_JPY"": 19997}","{""EUR_USD"": 3, ""GBP_USD"": -3}","{""mode"": ""historical_replay"", ""filled"": true, ""instrument"": ""EUR_USD"", ""units"": 3, ""timestamp_utc"": ""2026-04-09 14:01:00+00:00""}"
2026-04-09 14:01:00+00:00,HISTORICAL_REPLAY_FILL,GBP_USD,-3,99985.14890329758,True,"{""EURUSD"": -1.0, ""GBPUSD"": 1.0, ""USDJPY"": 1.0}","{""EURUSD"": -0.3333333333333333, ""GBPUSD"": 0.3333333333333333, ""USDJPY"": 0.3333333333333333}","{""EUR_USD"": -17116, ""GBP_USD"": 14902, ""USD_JPY"": 19997}","{""EUR_USD"": -17116, ""GBP_USD"": 14899, ""USD_JPY"": 19997}","{""EUR_USD"": 3, ""GBP_USD"": -3}","{""mode"": ""historical_replay"", ""filled"": true, ""instrument"": ""GBP_USD"", ""units"": -3, ""timestamp_utc"": ""2026-04-09 14:01:00+00:00""}"
2026-04-09 14:02:00+00:00,HISTORICAL_REPLAY_FILL,EUR_USD,5708,99984.55540761922,False,"{""EURUSD"": -1.0, ""GBPUSD"": 1.0, ""USDJPY"": 1.0}","{""EURUSD"": -0.3333333333333333, ""GBPUSD"": 0.3333333333333333, ""USDJPY"": 0.3333333333333333}","{""EUR_USD"": -17116, ""GBP_USD"": 14899, ""USD_JPY"": 19997}","{""EUR_USD"": -11408, ""GBP_USD"": 9931, ""USD_JPY"": 13331}","{""EUR_USD"": 5708, ""GBP_USD"": -4968, ""USD_JPY"": -6666}","{""mode"": ""historical_replay"", ""filled"": true, ""instrument"": ""EUR_USD"", ""units"": 5708, ""timestamp_utc"": ""2026-04-09 14:02:00+00:00""}"
2026-04-09 14:02:00+00:00,HISTORICAL_REPLAY_FILL,GBP_USD,-4968,99984.55540761922,False,"{""EURUSD"": -1.0, ""GBPUSD"": 1.0, ""USDJPY"": 1.0}","{""EURUSD"": -0.3333333333333333, ""GBPUSD"": 0.3333333333333333, ""USDJPY"": 0.3333333333333333}","{""EUR_USD"": -11408, ""GBP_USD"": 14899, ""USD_JPY"": 19997}","{""EUR_USD"": -11408, ""GBP_USD"": 9931, ""USD_JPY"": 13331}","{""EUR_USD"": 5708, ""GBP_USD"": -4968, ""USD_JPY"": -6666}","{""mode"": ""historical_replay"", ""filled"": true, ""instrument"": ""GBP_USD"", ""units"": -4968, ""timestamp_utc"": ""2026-04-09 14:02:00+00:00""}"
2026-04-09 14:02:00+00:00,HISTORICAL_REPLAY_FILL,USD_JPY,-6666,99984.55540761922,False,"{""EURUSD"": -1.0, ""GBPUSD"": 1.0, ""USDJPY"": 1.0}","{""EURUSD"": -0.3333333333333333, ""GBPUSD"": 0.3333333333333333, ""USDJPY"": 0.3333333333333333}","{""EUR_USD"": -11408, ""GBP_USD"": 9931, ""USD_JPY"": 19997}","{""EUR_USD"": -11408, ""GBP_USD"": 9931, ""USD_JPY"": 13331}","{""EUR_USD"": 5708, ""GBP_USD"": -4968, ""USD_JPY"": -6666}","{""mode"": ""historical_replay"", ""filled"": true, ""instrument"": ""USD_JPY"", ""units"": -6666, ""timestamp_utc"": ""2026-04-09 14:02:00+00:00""}"
2026-04-09 14:03:00+00:00,HISTORICAL_REPLAY_FILL,EUR_USD,1,99984.80080787058,False,"{""EURUSD"": -1.0, ""GBPUSD"": 1.0, ""USDJPY"": 1.0}","{""EURUSD"": -0.3333333333333333, ""GBPUSD"": 0.3333333333333333, ""USDJPY"": 0.3333333333333333}","{""EUR_USD"": -11408, ""GBP_USD"": 9931, ""USD_JPY"": 13331}","{""EUR_USD"": -11407, ""GBP_USD"": 9929, ""USD_JPY"": 13331}","{""EUR_USD"": 1, ""GBP_USD"": -2}","{""mode"": ""historical_replay"", ""filled"": true, ""instrument"": ""EUR_USD"", ""units"": 1, ""timestamp_utc"": ""2026-04-09 14:03:00+00:00""}"
2026-04-09 14:03:00+00:00,HISTORICAL_REPLAY_FILL,GBP_USD,-2,99984.80080787058,False,"{""EURUSD"": -1.0, ""GBPUSD"": 1.0, ""USDJPY"": 1.0}","{""EURUSD"": -0.3333333333333333, ""GBPUSD"": 0.3333333333333333, ""USDJPY"": 0.3333333333333333}","{""EUR_USD"": -11407, ""GBP_USD"": 9931, ""USD_JPY"": 13331}","{""EUR_USD"": -11407, ""GBP_USD"": 9929, ""USD_JPY"": 13331}","{""EUR_USD"": 1, ""GBP_USD"": -2}","{""mode"": ""historical_replay"", ""filled"": true, ""instrument"": ""GBP_USD"", ""units"": -2, ""timestamp_utc"": ""2026-04-09 14:03:00+00:00""}"
2026-04-09 14:04:00+00:00,HISTORICAL_REPLAY_FILL,EUR_USD,-2,99986.00420712397,False,"{""EURUSD"": -1.0, ""GBPUSD"": -1.0, ""USDJPY"": 1.0}","{""EURUSD"": -0.3333333333333333, ""GBPUSD"": -0.3333333333333333, ""USDJPY"": 0.3333333333333333}","{""EUR_USD"": -11407, ""GBP_USD"": 9929, ""USD_JPY"": 13331}","{""EUR_USD"": -11409, ""GBP_USD"": -9931, ""USD_JPY"": 13331}","{""EUR_USD"": -2, ""GBP_USD"": -19860}","{""mode"": ""historical_replay"", ""filled"": true, ""instrument"": ""EUR_USD"", ""units"": -2, ""timestamp_utc"": ""2026-04-09 14:04:00+00:00""}"
2026-04-09 14:04:00+00:00,HISTORICAL_REPLAY_FILL,GBP_USD,-19860,99986.00420712397,False,"{""EURUSD"": -1.0, ""GBPUSD"": -1.0, ""USDJPY"": 1.0}","{""EURUSD"": -0.3333333333333333, ""GBPUSD"": -0.3333333333333333, ""USDJPY"": 0.3333333333333333}","{""EUR_USD"": -11409, ""GBP_USD"": 9929, ""USD_JPY"": 13331}","{""EUR_USD"": -11409, ""GBP_USD"": -9931, ""USD_JPY"": 13331}","{""EUR_USD"": -2, ""GBP_USD"": -19860}","{""mode"": ""historical_replay"", ""filled"": true, ""instrument"": ""GBP_USD"", ""units"": -19860, ""timestamp_utc"": ""2026-04-09 14:04:00+00:00""}"
2026-04-09 14:05:00+00:00,HISTORICAL_REPLAY_FILL,EUR_USD,1,99981.91485784577,False,"{""EURUSD"": -1.0, ""GBPUSD"": -1.0, ""USDJPY"": 1.0}","{""EURUSD"": -0.3333333333333333, ""GBPUSD"": -0.3333333333333333, ""USDJPY"": 0.3333333333333333}","{""EUR_USD"": -11409, ""GBP_USD"": -9931, ""USD_JPY"": 13331}","{""EUR_USD"": -11408, ""GBP_USD"": -9929, ""USD_JPY"": 13330}","{""EUR_USD"": 1, ""GBP_USD"": 2, ""USD_JPY"": -1}","{""mode"": ""historical_replay"", ""filled"": true, ""instrument"": ""EUR_USD"", ""units"": 1, ""timestamp_utc"": ""2026-04-09 14:05:00+00:00""}"
2026-04-09 14:05:00+00:00,HISTORICAL_REPLAY_FILL,GBP_USD,2,99981.91485784577,False,"{""EURUSD"": -1.0, ""GBPUSD"": -1.0, ""USDJPY"": 1.0}","{""EURUSD"": -0.3333333333333333, ""GBPUSD"": -0.3333333333333333, ""USDJPY"": 0.3333333333333333}","{""EUR_USD"": -11408, ""GBP_USD"": -9931, ""USD_JPY"": 13331}","{""EUR_USD"": -11408, ""GBP_USD"": -9929, ""USD_JPY"": 13330}","{""EUR_USD"": 1, ""GBP_USD"": 2, ""USD_JPY"": -1}","{""mode"": ""historical_replay"", ""filled"": true, ""instrument"": ""GBP_USD"", ""units"": 2, ""timestamp_utc"": ""2026-04-09 14:05:00+00:00""}"
2026-04-09 14:05:00+00:00,HISTORICAL_REPLAY_FILL,USD_JPY,-1,99981.91485784577,False,"{""EURUSD"": -1.0, ""GBPUSD"": -1.0, ""USDJPY"": 1.0}","{""EURUSD"": -0.3333333333333333, ""GBPUSD"": -0.3333333333333333, ""USDJPY"": 0.3333333333333333}","{""EUR_USD"": -11408, ""GBP_USD"": -9929, ""USD_JPY"": 13331}","{""EUR_USD"": -11408, ""GBP_USD"": -9929, ""USD_JPY"": 13330}","{""EUR_USD"": 1, ""GBP_USD"": 2, ""USD_JPY"": -1}","{""mode"": ""historical_replay"", ""filled"": true, ""instrument"": ""USD_JPY"", ""units"": -1, ""timestamp_utc"": ""2026-04-09 14:05:00+00:00""}"
2026-04-09 14:07:00+00:00,HISTORICAL_REPLAY_FILL,EUR_USD,2,99978.73806271168,False,"{""EURUSD"": -1.0, ""GBPUSD"": -1.0, ""USDJPY"": 1.0}","{""EURUSD"": -0.3333333333333333, ""GBPUSD"": -0.3333333333333333, ""USDJPY"": 0.3333333333333333}","{""EUR_USD"": -11408, ""GBP_USD"": -9929, ""USD_JPY"": 13330}","{""EUR_USD"": -11406, ""GBP_USD"": -9930, ""USD_JPY"": 13330}","{""EUR_USD"": 2, ""GBP_USD"": -1}","{""mode"": ""historical_replay"", ""filled"": true, ""instrument"": ""EUR_USD"", ""units"": 2, ""timestamp_utc"": ""2026-04-09 14:07:00+00:00""}"
2026-04-09 14:07:00+00:00,HISTORICAL_REPLAY_FILL,GBP_USD,-1,99978.73806271168,False,"{""EURUSD"": -1.0, ""GBPUSD"": -1.0, ""USDJPY"": 1.0}","{""EURUSD"": -0.3333333333333333, ""GBPUSD"": -0.3333333333333333, ""USDJPY"": 0.3333333333333333}","{""EUR_USD"": -11406, ""GBP_USD"": -9929, ""USD_JPY"": 13330}","{""EUR_USD"": -11406, ""GBP_USD"": -9930, ""USD_JPY"": 13330}","{""EUR_USD"": 2, ""GBP_USD"": -1}","{""mode"": ""historical_replay"", ""filled"": true, ""instrument"": ""GBP_USD"", ""units"": -1, ""timestamp_utc"": ""2026-04-09 14:07:00+00:00""}"
2026-04-09 14:08:00+00:00,HISTORICAL_REPLAY_FILL,EUR_USD,1,99975.71273059324,False,"{""EURUSD"": -1.0, ""GBPUSD"": -1.0, ""USDJPY"": 1.0}","{""EURUSD"": -0.3333333333333333, ""GBPUSD"": -0.3333333333333333, ""USDJPY"": 0.3333333333333333}","{""EUR_USD"": -11406, ""GBP_USD"": -9930, ""USD_JPY"": 13330}","{""EUR_USD"": -11405, ""GBP_USD"": -9929, ""USD_JPY"": 13330}","{""EUR_USD"": 1, ""GBP_USD"": 1}","{""mode"": ""historical_replay"", ""filled"": true, ""instrument"": ""EUR_USD"", ""units"": 1, ""timestamp_utc"": ""2026-04-09 14:08:00+00:00""}"
2026-04-09 14:08:00+00:00,HISTORICAL_REPLAY_FILL,GBP_USD,1,99975.71273059324,False,"{""EURUSD"": -1.0, ""GBPUSD"": -1.0, ""USDJPY"": 1.0}","{""EURUSD"": -0.3333333333333333, ""GBPUSD"": -0.3333333333333333, ""USDJPY"": 0.3333333333333333}","{""EUR_USD"": -11405, ""GBP_USD"": -9930, ""USD_JPY"": 13330}","{""EUR_USD"": -11405, ""GBP_USD"": -9929, ""USD_JPY"": 13330}","{""EUR_USD"": 1, ""GBP_USD"": 1}","{""mode"": ""historical_replay"", ""filled"": true, ""instrument"": ""GBP_USD"", ""units"": 1, ""timestamp_utc"": ""2026-04-09 14:08:00+00:00""}"
2026-04-09 14:09:00+00:00,HISTORICAL_REPLAY_FILL,EUR_USD,-1,99977.93075344911,False,"{""EURUSD"": -1.0, ""GBPUSD"": -1.0, ""USDJPY"": 1.0}","{""EURUSD"": -0.3333333333333333, ""GBPUSD"": -0.3333333333333333, ""USDJPY"": 0.3333333333333333}","{""EUR_USD"": -11405, ""GBP_USD"": -9929, ""USD_JPY"": 13330}","{""EUR_USD"": -11406, ""GBP_USD"": -9930, ""USD_JPY"": 13330}","{""EUR_USD"": -1, ""GBP_USD"": -1}","{""mode"": ""historical_replay"", ""filled"": true, ""instrument"": ""EUR_USD"", ""units"": -1, ""timestamp_utc"": ""2026-04-09 14:09:00+00:00""}"
2026-04-09 14:09:00+00:00,HISTORICAL_REPLAY_FILL,GBP_USD,-1,99977.93075344911,False,"{""EURUSD"": -1.0, ""GBPUSD"": -1.0, ""USDJPY"": 1.0}","{""EURUSD"": -0.3333333333333333, ""GBPUSD"": -0.3333333333333333, ""USDJPY"": 0.3333333333333333}","{""EUR_USD"": -11406, ""GBP_USD"": -9929, ""USD_JPY"": 13330}","{""EUR_USD"": -11406, ""GBP_USD"": -9930, ""USD_JPY"": 13330}","{""EUR_USD"": -1, ""GBP_USD"": -1}","{""mode"": ""historical_replay"", ""filled"": true, ""instrument"": ""GBP_USD"", ""units"": -1, ""timestamp_utc"": ""2026-04-09 14:09:00+00:00""}"
2026-04-09 14:10:00+00:00,HISTORICAL_REPLAY_FILL,EUR_USD,1,99975.83423214905,False,"{""EURUSD"": -1.0, ""GBPUSD"": -1.0, ""USDJPY"": 1.0}","{""EURUSD"": -0.3333333333333333, ""GBPUSD"": -0.3333333333333333, ""USDJPY"": 0.3333333333333333}","{""EUR_USD"": -11406, ""GBP_USD"": -9930, ""USD_JPY"": 13330}","{""EUR_USD"": -11405, ""GBP_USD"": -9929, ""USD_JPY"": 13330}","{""EUR_USD"": 1, ""GBP_USD"": 1}","{""mode"": ""historical_replay"", ""filled"": true, ""instrument"": ""EUR_USD"", ""units"": 1, ""timestamp_utc"": ""2026-04-09 14:10:00+00:00""}"
2026-04-09 14:10:00+00:00,HISTORICAL_REPLAY_FILL,GBP_USD,1,99975.83423214905,False,"{""EURUSD"": -1.0, ""GBPUSD"": -1.0, ""USDJPY"": 1.0}","{""EURUSD"": -0.3333333333333333, ""GBPUSD"": -0.3333333333333333, ""USDJPY"": 0.3333333333333333}","{""EUR_USD"": -11405, ""GBP_USD"": -9930, ""USD_JPY"": 13330}","{""EUR_USD"": -11405, ""GBP_USD"": -9929, ""USD_JPY"": 13330}","{""EUR_USD"": 1, ""GBP_USD"": 1}","{""mode"": ""historical_replay"", ""filled"": true, ""instrument"": ""GBP_USD"", ""units"": 1, ""timestamp_utc"": ""2026-04-09 14:10:00+00:00""}"
2026-04-09 14:11:00+00:00,HISTORICAL_REPLAY_FILL,EUR_USD,-5,99984.83658672994,False,"{""EURUSD"": -1.0, ""GBPUSD"": -1.0, ""USDJPY"": 1.0}","{""EURUSD"": -0.3333333333333333, ""GBPUSD"": -0.3333333333333333, ""USDJPY"": 0.3333333333333333}","{""EUR_USD"": -11405, ""GBP_USD"": -9929, ""USD_JPY"": 13330}","{""EUR_USD"": -11410, ""GBP_USD"": -9931, ""USD_JPY"": 13331}","{""EUR_USD"": -5, ""GBP_USD"": -2, ""USD_JPY"": 1}","{""mode"": ""historical_replay"", ""filled"": true, ""instrument"": ""EUR_USD"", ""units"": -5, ""timestamp_utc"": ""2026-04-09 14:11:00+00:00""}"
2026-04-09 14:11:00+00:00,HISTORICAL_REPLAY_FILL,GBP_USD,-2,99984.83658672994,False,"{""EURUSD"": -1.0, ""GBPUSD"": -1.0, ""USDJPY"": 1.0}","{""EURUSD"": -0.3333333333333333, ""GBPUSD"": -0.3333333333333333, ""USDJPY"": 0.3333333333333333}","{""EUR_USD"": -11410, ""GBP_USD"": -9929, ""USD_JPY"": 13330}","{""EUR_USD"": -11410, ""GBP_USD"": -9931, ""USD_JPY"": 13331}","{""EUR_USD"": -5, ""GBP_USD"": -2, ""USD_JPY"": 1}","{""mode"": ""historical_replay"", ""filled"": true, ""instrument"": ""GBP_USD"", ""units"": -2, ""timestamp_utc"": ""2026-04-09 14:11:00+00:00""}"
2026-04-09 14:11:00+00:00,HISTORICAL_REPLAY_FILL,USD_JPY,1,99984.83658672994,False,"{""EURUSD"": -1.0, ""GBPUSD"": -1.0, ""USDJPY"": 1.0}","{""EURUSD"": -0.3333333333333333, ""GBPUSD"": -0.3333333333333333, ""USDJPY"": 0.3333333333333333}","{""EUR_USD"": -11410, ""GBP_USD"": -9931, ""USD_JPY"": 13330}","{""EUR_USD"": -11410, ""GBP_USD"": -9931, ""USD_JPY"": 13331}","{""EUR_USD"": -5, ""GBP_USD"": -2, ""USD_JPY"": 1}","{""mode"": ""historical_replay"", ""filled"": true, ""instrument"": ""USD_JPY"", ""units"": 1, ""timestamp_utc"": ""2026-04-09 14:11:00+00:00""}"
2026-04-09 14:12:00+00:00,HISTORICAL_REPLAY_FILL,EUR_USD,3,99975.29512961944,False,"{""EURUSD"": -1.0, ""GBPUSD"": -1.0, ""USDJPY"": 1.0}","{""EURUSD"": -0.3333333333333333, ""GBPUSD"": -0.3333333333333333, ""USDJPY"": 0.3333333333333333}","{""EUR_USD"": -11410, ""GBP_USD"": -9931, ""USD_JPY"": 13331}","{""EUR_USD"": -11407, ""GBP_USD"": -9927, ""USD_JPY"": 13330}","{""EUR_USD"": 3, ""GBP_USD"": 4, ""USD_JPY"": -1}","{""mode"": ""historical_replay"", ""filled"": true, ""instrument"": ""EUR_USD"", ""units"": 3, ""timestamp_utc"": ""2026-04-09 14:12:00+00:00""}"
2026-04-09 14:12:00+00:00,HISTORICAL_REPLAY_FILL,GBP_USD,4,99975.29512961944,False,"{""EURUSD"": -1.0, ""GBPUSD"": -1.0, ""USDJPY"": 1.0}","{""EURUSD"": -0.3333333333333333, ""GBPUSD"": -0.3333333333333333, ""USDJPY"": 0.3333333333333333}","{""EUR_USD"": -11407, ""GBP_USD"": -9931, ""USD_JPY"": 13331}","{""EUR_USD"": -11407, ""GBP_USD"": -9927, ""USD_JPY"": 13330}","{""EUR_USD"": 3, ""GBP_USD"": 4, ""USD_JPY"": -1}","{""mode"": ""historical_replay"", ""filled"": true, ""instrument"": ""GBP_USD"", ""units"": 4, ""timestamp_utc"": ""2026-04-09 14:12:00+00:00""}"
2026-04-09 14:12:00+00:00,HISTORICAL_REPLAY_FILL,USD_JPY,-1,99975.29512961944,False,"{""EURUSD"": -1.0, ""GBPUSD"": -1.0, ""USDJPY"": 1.0}","{""EURUSD"": -0.3333333333333333, ""GBPUSD"": -0.3333333333333333, ""USDJPY"": 0.3333333333333333}","{""EUR_USD"": -11407, ""GBP_USD"": -9927, ""USD_JPY"": 13331}","{""EUR_USD"": -11407, ""GBP_USD"": -9927, ""USD_JPY"": 13330}","{""EUR_USD"": 3, ""GBP_USD"": 4, ""USD_JPY"": -1}","{""mode"": ""historical_replay"", ""filled"": true, ""instrument"": ""USD_JPY"", ""units"": -1, ""timestamp_utc"": ""2026-04-09 14:12:00+00:00""}"
2026-04-09 14:13:00+00:00,HISTORICAL_REPLAY_FILL,EUR_USD,-1,99979.34427231603,False,"{""EURUSD"": -1.0, ""GBPUSD"": -1.0, ""USDJPY"": 1.0}","{""EURUSD"": -0.3333333333333333, ""GBPUSD"": -0.3333333333333333, ""USDJPY"": 0.3333333333333333}","{""EUR_USD"": -11407, ""GBP_USD"": -9927, ""USD_JPY"": 13330}","{""EUR_USD"": -11408, ""GBP_USD"": -9929, ""USD_JPY"": 13330}","{""EUR_USD"": -1, ""GBP_USD"": -2}","{""mode"": ""historical_replay"", ""filled"": true, ""instrument"": ""EUR_USD"", ""units"": -1, ""timestamp_utc"": ""2026-04-09 14:13:00+00:00""}"
2026-04-09 14:13:00+00:00,HISTORICAL_REPLAY_FILL,GBP_USD,-2,99979.34427231603,False,"{""EURUSD"": -1.0, ""GBPUSD"": -1.0, ""USDJPY"": 1.0}","{""EURUSD"": -0.3333333333333333, ""GBPUSD"": -0.3333333333333333, ""USDJPY"": 0.3333333333333333}","{""EUR_USD"": -11408, ""GBP_USD"": -9927, ""USD_JPY"": 13330}","{""EUR_USD"": -11408, ""GBP_USD"": -9929, ""USD_JPY"": 13330}","{""EUR_USD"": -1, ""GBP_USD"": -2}","{""mode"": ""historical_replay"", ""filled"": true, ""instrument"": ""GBP_USD"", ""units"": -2, ""timestamp_utc"": ""2026-04-09 14:13:00+00:00""}"
2026-04-09 14:14:00+00:00,HISTORICAL_REPLAY_FILL,GBP_USD,-1,99981.00686231602,False,"{""EURUSD"": -1.0, ""GBPUSD"": -1.0, ""USDJPY"": 1.0}","{""EURUSD"": -0.3333333333333333, ""GBPUSD"": -0.3333333333333333, ""USDJPY"": 0.3333333333333333}","{""EUR_USD"": -11408, ""GBP_USD"": -9929, ""USD_JPY"": 13330}","{""EUR_USD"": -11408, ""GBP_USD"": -9930, ""USD_JPY"": 13330}","{""GBP_USD"": -1}","{""mode"": ""historical_replay"", ""filled"": true, ""instrument"": ""GBP_USD"", ""units"": -1, ""timestamp_utc"": ""2026-04-09 14:14:00+00:00""}"
2026-04-09 14:15:00+00:00,HISTORICAL_REPLAY_FILL,EUR_USD,-5708,99985.85356128788,True,"{""EURUSD"": -1.0, ""GBPUSD"": -1.0, ""USDJPY"": 1.0}","{""EURUSD"": -0.3333333333333333, ""GBPUSD"": -0.3333333333333333, ""USDJPY"": 0.3333333333333333}","{""EUR_USD"": -11408, ""GBP_USD"": -9930, ""USD_JPY"": 13330}","{""EUR_USD"": -17116, ""GBP_USD"": -14897, ""USD_JPY"": 19997}","{""EUR_USD"": -5708, ""GBP_USD"": -4967, ""USD_JPY"": 6667}","{""mode"": ""historical_replay"", ""filled"": true, ""instrument"": ""EUR_USD"", ""units"": -5708, ""timestamp_utc"": ""2026-04-09 14:15:00+00:00""}"
2026-04-09 14:15:00+00:00,HISTORICAL_REPLAY_FILL,GBP_USD,-4967,99985.85356128788,True,"{""EURUSD"": -1.0, ""GBPUSD"": -1.0, ""USDJPY"": 1.0}","{""EURUSD"": -0.3333333333333333, ""GBPUSD"": -0.3333333333333333, ""USDJPY"": 0.3333333333333333}","{""EUR_USD"": -17116, ""GBP_USD"": -9930, ""USD_JPY"": 13330}","{""EUR_USD"": -17116, ""GBP_USD"": -14897, ""USD_JPY"": 19997}","{""EUR_USD"": -5708, ""GBP_USD"": -4967, ""USD_JPY"": 6667}","{""mode"": ""historical_replay"", ""filled"": true, ""instrument"": ""GBP_USD"", ""units"": -4967, ""timestamp_utc"": ""2026-04-09 14:15:00+00:00""}"
2026-04-09 14:15:00+00:00,HISTORICAL_REPLAY_FILL,USD_JPY,6667,99985.85356128788,True,"{""EURUSD"": -1.0, ""GBPUSD"": -1.0, ""USDJPY"": 1.0}","{""EURUSD"": -0.3333333333333333, ""GBPUSD"": -0.3333333333333333, ""USDJPY"": 0.3333333333333333}","{""EUR_USD"": -17116, ""GBP_USD"": -14897, ""USD_JPY"": 13330}","{""EUR_USD"": -17116, ""GBP_USD"": -14897, ""USD_JPY"": 19997}","{""EUR_USD"": -5708, ""GBP_USD"": -4967, ""USD_JPY"": 6667}","{""mode"": ""historical_replay"", ""filled"": true, ""instrument"": ""USD_JPY"", ""units"": 6667, ""timestamp_utc"": ""2026-04-09 14:15:00+00:00""}"
2026-04-09 14:17:00+00:00,HISTORICAL_REPLAY_FILL,EUR_USD,5706,99982.45448130234,False,"{""EURUSD"": -1.0, ""GBPUSD"": -1.0, ""USDJPY"": 1.0}","{""EURUSD"": -0.3333333333333333, ""GBPUSD"": -0.3333333333333333, ""USDJPY"": 0.3333333333333333}","{""EUR_USD"": -17116, ""GBP_USD"": -14897, ""USD_JPY"": 19997}","{""EUR_USD"": -11410, ""GBP_USD"": -9930, ""USD_JPY"": 13330}","{""EUR_USD"": 5706, ""GBP_USD"": 4967, ""USD_JPY"": -6667}","{""mode"": ""historical_replay"", ""filled"": true, ""instrument"": ""EUR_USD"", ""units"": 5706, ""timestamp_utc"": ""2026-04-09 14:17:00+00:00""}"
2026-04-09 14:17:00+00:00,HISTORICAL_REPLAY_FILL,GBP_USD,4967,99982.45448130234,False,"{""EURUSD"": -1.0, ""GBPUSD"": -1.0, ""USDJPY"": 1.0}","{""EURUSD"": -0.3333333333333333, ""GBPUSD"": -0.3333333333333333, ""USDJPY"": 0.3333333333333333}","{""EUR_USD"": -11410, ""GBP_USD"": -14897, ""USD_JPY"": 19997}","{""EUR_USD"": -11410, ""GBP_USD"": -9930, ""USD_JPY"": 13330}","{""EUR_USD"": 5706, ""GBP_USD"": 4967, ""USD_JPY"": -6667}","{""mode"": ""historical_replay"", ""filled"": true, ""instrument"": ""GBP_USD"", ""units"": 4967, ""timestamp_utc"": ""2026-04-09 14:17:00+00:00""}"
2026-04-09 14:17:00+00:00,HISTORICAL_REPLAY_FILL,USD_JPY,-6667,99982.45448130234,False,"{""EURUSD"": -1.0, ""GBPUSD"": -1.0, ""USDJPY"": 1.0}","{""EURUSD"": -0.3333333333333333, ""GBPUSD"": -0.3333333333333333, ""USDJPY"": 0.3333333333333333}","{""EUR_USD"": -11410, ""GBP_USD"": -9930, ""USD_JPY"": 19997}","{""EUR_USD"": -11410, ""GBP_USD"": -9930, ""USD_JPY"": 13330}","{""EUR_USD"": 5706, ""GBP_USD"": 4967, ""USD_JPY"": -6667}","{""mode"": ""historical_replay"", ""filled"": true, ""instrument"": ""USD_JPY"", ""units"": -6667, ""timestamp_utc"": ""2026-04-09 14:17:00+00:00""}"
2026-04-09 14:18:00+00:00,HISTORICAL_REPLAY_FILL,EUR_USD,-5707,99986.15767698913,True,"{""EURUSD"": -1.0, ""GBPUSD"": -1.0, ""USDJPY"": 1.0}","{""EURUSD"": -0.3333333333333333, ""GBPUSD"": -0.3333333333333333, ""USDJPY"": 0.3333333333333333}","{""EUR_USD"": -11410, ""GBP_USD"": -9930, ""USD_JPY"": 13330}","{""EUR_USD"": -17117, ""GBP_USD"": -14897, ""USD_JPY"": 19997}","{""EUR_USD"": -5707, ""GBP_USD"": -4967, ""USD_JPY"": 6667}","{""mode"": ""historical_replay"", ""filled"": true, ""instrument"": ""EUR_USD"", ""units"": -5707, ""timestamp_utc"": ""2026-04-09 14:18:00+00:00""}"
2026-04-09 14:18:00+00:00,HISTORICAL_REPLAY_FILL,GBP_USD,-4967,99986.15767698913,True,"{""EURUSD"": -1.0, ""GBPUSD"": -1.0, ""USDJPY"": 1.0}","{""EURUSD"": -0.3333333333333333, ""GBPUSD"": -0.3333333333333333, ""USDJPY"": 0.3333333333333333}","{""EUR_USD"": -17117, ""GBP_USD"": -9930, ""USD_JPY"": 13330}","{""EUR_USD"": -17117, ""GBP_USD"": -14897, ""USD_JPY"": 19997}","{""EUR_USD"": -5707, ""GBP_USD"": -4967, ""USD_JPY"": 6667}","{""mode"": ""historical_replay"", ""filled"": true, ""instrument"": ""GBP_USD"", ""units"": -4967, ""timestamp_utc"": ""2026-04-09 14:18:00+00:00""}"
2026-04-09 14:18:00+00:00,HISTORICAL_REPLAY_FILL,USD_JPY,6667,99986.15767698913,True,"{""EURUSD"": -1.0, ""GBPUSD"": -1.0, ""USDJPY"": 1.0}","{""EURUSD"": -0.3333333333333333, ""GBPUSD"": -0.3333333333333333, ""USDJPY"": 0.3333333333333333}","{""EUR_USD"": -17117, ""GBP_USD"": -14897, ""USD_JPY"": 13330}","{""EUR_USD"": -17117, ""GBP_USD"": -14897, ""USD_JPY"": 19997}","{""EUR_USD"": -5707, ""GBP_USD"": -4967, ""USD_JPY"": 6667}","{""mode"": ""historical_replay"", ""filled"": true, ""instrument"": ""USD_JPY"", ""units"": 6667, ""timestamp_utc"": ""2026-04-09 14:18:00+00:00""}"
2026-04-09 14:19:00+00:00,HISTORICAL_REPLAY_FILL,EUR_USD,-1,99988.09210146815,True,"{""EURUSD"": -1.0, ""GBPUSD"": -1.0, ""USDJPY"": 1.0}","{""EURUSD"": -0.3333333333333333, ""GBPUSD"": -0.3333333333333333, ""USDJPY"": 0.3333333333333333}","{""EUR_USD"": -17117, ""GBP_USD"": -14897, ""USD_JPY"": 19997}","{""EUR_USD"": -17118, ""GBP_USD"": -14898, ""USD_JPY"": 19997}","{""EUR_USD"": -1, ""GBP_USD"": -1}","{""mode"": ""historical_replay"", ""filled"": true, ""instrument"": ""EUR_USD"", ""units"": -1, ""timestamp_utc"": ""2026-04-09 14:19:00+00:00""}"
2026-04-09 14:19:00+00:00,HISTORICAL_REPLAY_FILL,GBP_USD,-1,99988.09210146815,True,"{""EURUSD"": -1.0, ""GBPUSD"": -1.0, ""USDJPY"": 1.0}","{""EURUSD"": -0.3333333333333333, ""GBPUSD"": -0.3333333333333333, ""USDJPY"": 0.3333333333333333}","{""EUR_USD"": -17118, ""GBP_USD"": -14897, ""USD_JPY"": 19997}","{""EUR_USD"": -17118, ""GBP_USD"": -14898, ""USD_JPY"": 19997}","{""EUR_USD"": -1, ""GBP_USD"": -1}","{""mode"": ""historical_replay"", ""filled"": true, ""instrument"": ""GBP_USD"", ""units"": -1, ""timestamp_utc"": ""2026-04-09 14:19:00+00:00""}"
2026-04-09 14:20:00+00:00,HISTORICAL_REPLAY_FILL,EUR_USD,3,99984.12234290311,True,"{""EURUSD"": -1.0, ""GBPUSD"": 1.0, ""USDJPY"": 1.0}","{""EURUSD"": -0.3333333333333333, ""GBPUSD"": 0.3333333333333333, ""USDJPY"": 0.3333333333333333}","{""EUR_USD"": -17118, ""GBP_USD"": -14898, ""USD_JPY"": 19997}","{""EUR_USD"": -17115, ""GBP_USD"": 14896, ""USD_JPY"": 19996}","{""EUR_USD"": 3, ""GBP_USD"": 29794, ""USD_JPY"": -1}","{""mode"": ""historical_replay"", ""filled"": true, ""instrument"": ""EUR_USD"", ""units"": 3, ""timestamp_utc"": ""2026-04-09 14:20:00+00:00""}"
2026-04-09 14:20:00+00:00,HISTORICAL_REPLAY_FILL,GBP_USD,29794,99984.12234290311,True,"{""EURUSD"": -1.0, ""GBPUSD"": 1.0, ""USDJPY"": 1.0}","{""EURUSD"": -0.3333333333333333, ""GBPUSD"": 0.3333333333333333, ""USDJPY"": 0.3333333333333333}","{""EUR_USD"": -17115, ""GBP_USD"": -14898, ""USD_JPY"": 19997}","{""EUR_USD"": -17115, ""GBP_USD"": 14896, ""USD_JPY"": 19996}","{""EUR_USD"": 3, ""GBP_USD"": 29794, ""USD_JPY"": -1}","{""mode"": ""historical_replay"", ""filled"": true, ""instrument"": ""GBP_USD"", ""units"": 29794, ""timestamp_utc"": ""2026-04-09 14:20:00+00:00""}"
2026-04-09 14:20:00+00:00,HISTORICAL_REPLAY_FILL,USD_JPY,-1,99984.12234290311,True,"{""EURUSD"": -1.0, ""GBPUSD"": 1.0, ""USDJPY"": 1.0}","{""EURUSD"": -0.3333333333333333, ""GBPUSD"": 0.3333333333333333, ""USDJPY"": 0.3333333333333333}","{""EUR_USD"": -17115, ""GBP_USD"": 14896, ""USD_JPY"": 19997}","{""EUR_USD"": -17115, ""GBP_USD"": 14896, ""USD_JPY"": 19996}","{""EUR_USD"": 3, ""GBP_USD"": 29794, ""USD_JPY"": -1}","{""mode"": ""historical_replay"", ""filled"": true, ""instrument"": ""USD_JPY"", ""units"": -1, ""timestamp_utc"": ""2026-04-09 14:20:00+00:00""}"
2026-04-09 14:21:00+00:00,HISTORICAL_REPLAY_FILL,EUR_USD,-2,99984.21629535011,True,"{""EURUSD"": -1.0, ""GBPUSD"": 1.0, ""USDJPY"": 1.0}","{""EURUSD"": -0.3333333333333333, ""GBPUSD"": 0.3333333333333333, ""USDJPY"": 0.3333333333333333}","{""EUR_USD"": -17115, ""GBP_USD"": 14896, ""USD_JPY"": 19996}","{""EUR_USD"": -17117, ""GBP_USD"": 14898, ""USD_JPY"": 19996}","{""EUR_USD"": -2, ""GBP_USD"": 2}","{""mode"": ""historical_replay"", ""filled"": true, ""instrument"": ""EUR_USD"", ""units"": -2, ""timestamp_utc"": ""2026-04-09 14:21:00+00:00""}"
2026-04-09 14:21:00+00:00,HISTORICAL_REPLAY_FILL,GBP_USD,2,99984.21629535011,True,"{""EURUSD"": -1.0, ""GBPUSD"": 1.0, ""USDJPY"": 1.0}","{""EURUSD"": -0.3333333333333333, ""GBPUSD"": 0.3333333333333333, ""USDJPY"": 0.3333333333333333}","{""EUR_USD"": -17117, ""GBP_USD"": 14896, ""USD_JPY"": 19996}","{""EUR_USD"": -17117, ""GBP_USD"": 14898, ""USD_JPY"": 19996}","{""EUR_USD"": -2, ""GBP_USD"": 2}","{""mode"": ""historical_replay"", ""filled"": true, ""instrument"": ""GBP_USD"", ""units"": 2, ""timestamp_utc"": ""2026-04-09 14:21:00+00:00""}"
2026-04-09 14:22:00+00:00,HISTORICAL_REPLAY_FILL,EUR_USD,1,99985.80000168485,True,"{""EURUSD"": -1.0, ""GBPUSD"": 1.0, ""USDJPY"": 1.0}","{""EURUSD"": -0.3333333333333333, ""GBPUSD"": 0.3333333333333333, ""USDJPY"": 0.3333333333333333}","{""EUR_USD"": -17117, ""GBP_USD"": 14898, ""USD_JPY"": 19996}","{""EUR_USD"": -17116, ""GBP_USD"": 14896, ""USD_JPY"": 19997}","{""EUR_USD"": 1, ""GBP_USD"": -2, ""USD_JPY"": 1}","{""mode"": ""historical_replay"", ""filled"": true, ""instrument"": ""EUR_USD"", ""units"": 1, ""timestamp_utc"": ""2026-04-09 14:22:00+00:00""}"
2026-04-09 14:22:00+00:00,HISTORICAL_REPLAY_FILL,GBP_USD,-2,99985.80000168485,True,"{""EURUSD"": -1.0, ""GBPUSD"": 1.0, ""USDJPY"": 1.0}","{""EURUSD"": -0.3333333333333333, ""GBPUSD"": 0.3333333333333333, ""USDJPY"": 0.3333333333333333}","{""EUR_USD"": -17116, ""GBP_USD"": 14898, ""USD_JPY"": 19996}","{""EUR_USD"": -17116, ""GBP_USD"": 14896, ""USD_JPY"": 19997}","{""EUR_USD"": 1, ""GBP_USD"": -2, ""USD_JPY"": 1}","{""mode"": ""historical_replay"", ""filled"": true, ""instrument"": ""GBP_USD"", ""units"": -2, ""timestamp_utc"": ""2026-04-09 14:22:00+00:00""}"
2026-04-09 14:22:00+00:00,HISTORICAL_REPLAY_FILL,USD_JPY,1,99985.80000168485,True,"{""EURUSD"": -1.0, ""GBPUSD"": 1.0, ""USDJPY"": 1.0}","{""EURUSD"": -0.3333333333333333, ""GBPUSD"": 0.3333333333333333, ""USDJPY"": 0.3333333333333333}","{""EUR_USD"": -17116, ""GBP_USD"": 14896, ""USD_JPY"": 19996}","{""EUR_USD"": -17116, ""GBP_USD"": 14896, ""USD_JPY"": 19997}","{""EUR_USD"": 1, ""GBP_USD"": -2, ""USD_JPY"": 1}","{""mode"": ""historical_replay"", ""filled"": true, ""instrument"": ""USD_JPY"", ""units"": 1, ""timestamp_utc"": ""2026-04-09 14:22:00+00:00""}"
2026-04-09 14:23:00+00:00,HISTORICAL_REPLAY_FILL,EUR_USD,5709,99983.25663126474,False,"{""EURUSD"": -1.0, ""GBPUSD"": 1.0, ""USDJPY"": 1.0}","{""EURUSD"": -0.3333333333333333, ""GBPUSD"": 0.3333333333333333, ""USDJPY"": 0.3333333333333333}","{""EUR_USD"": -17116, ""GBP_USD"": 14896, ""USD_JPY"": 19997}","{""EUR_USD"": -11407, ""GBP_USD"": 9929, ""USD_JPY"": 13331}","{""EUR_USD"": 5709, ""GBP_USD"": -4967, ""USD_JPY"": -6666}","{""mode"": ""historical_replay"", ""filled"": true, ""instrument"": ""EUR_USD"", ""units"": 5709, ""timestamp_utc"": ""2026-04-09 14:23:00+00:00""}"
2026-04-09 14:23:00+00:00,HISTORICAL_REPLAY_FILL,GBP_USD,-4967,99983.25663126474,False,"{""EURUSD"": -1.0, ""GBPUSD"": 1.0, ""USDJPY"": 1.0}","{""EURUSD"": -0.3333333333333333, ""GBPUSD"": 0.3333333333333333, ""USDJPY"": 0.3333333333333333}","{""EUR_USD"": -11407, ""GBP_USD"": 14896, ""USD_JPY"": 19997}","{""EUR_USD"": -11407, ""GBP_USD"": 9929, ""USD_JPY"": 13331}","{""EUR_USD"": 5709, ""GBP_USD"": -4967, ""USD_JPY"": -6666}","{""mode"": ""historical_replay"", ""filled"": true, ""instrument"": ""GBP_USD"", ""units"": -4967, ""timestamp_utc"": ""2026-04-09 14:23:00+00:00""}"
2026-04-09 14:23:00+00:00,HISTORICAL_REPLAY_FILL,USD_JPY,-6666,99983.25663126474,False,"{""EURUSD"": -1.0, ""GBPUSD"": 1.0, ""USDJPY"": 1.0}","{""EURUSD"": -0.3333333333333333, ""GBPUSD"": 0.3333333333333333, ""USDJPY"": 0.3333333333333333}","{""EUR_USD"": -11407, ""GBP_USD"": 9929, ""USD_JPY"": 19997}","{""EUR_USD"": -11407, ""GBP_USD"": 9929, ""USD_JPY"": 13331}","{""EUR_USD"": 5709, ""GBP_USD"": -4967, ""USD_JPY"": -6666}","{""mode"": ""historical_replay"", ""filled"": true, ""instrument"": ""USD_JPY"", ""units"": -6666, ""timestamp_utc"": ""2026-04-09 14:23:00+00:00""}"
2026-04-09 14:24:00+00:00,HISTORICAL_REPLAY_FILL,EUR_USD,1,99981.26736644679,False,"{""EURUSD"": -1.0, ""GBPUSD"": 1.0, ""USDJPY"": 1.0}","{""EURUSD"": -0.3333333333333333, ""GBPUSD"": 0.3333333333333333, ""USDJPY"": 0.3333333333333333}","{""EUR_USD"": -11407, ""GBP_USD"": 9929, ""USD_JPY"": 13331}","{""EUR_USD"": -11406, ""GBP_USD"": 9930, ""USD_JPY"": 13330}","{""EUR_USD"": 1, ""GBP_USD"": 1, ""USD_JPY"": -1}","{""mode"": ""historical_replay"", ""filled"": true, ""instrument"": ""EUR_USD"", ""units"": 1, ""timestamp_utc"": ""2026-04-09 14:24:00+00:00""}"
2026-04-09 14:24:00+00:00,HISTORICAL_REPLAY_FILL,GBP_USD,1,99981.26736644679,False,"{""EURUSD"": -1.0, ""GBPUSD"": 1.0, ""USDJPY"": 1.0}","{""EURUSD"": -0.3333333333333333, ""GBPUSD"": 0.3333333333333333, ""USDJPY"": 0.3333333333333333}","{""EUR_USD"": -11406, ""GBP_USD"": 9929, ""USD_JPY"": 13331}","{""EUR_USD"": -11406, ""GBP_USD"": 9930, ""USD_JPY"": 13330}","{""EUR_USD"": 1, ""GBP_USD"": 1, ""USD_JPY"": -1}","{""mode"": ""historical_replay"", ""filled"": true, ""instrument"": ""GBP_USD"", ""units"": 1, ""timestamp_utc"": ""2026-04-09 14:24:00+00:00""}"
2026-04-09 14:24:00+00:00,HISTORICAL_REPLAY_FILL,USD_JPY,-1,99981.26736644679,False,"{""EURUSD"": -1.0, ""GBPUSD"": 1.0, ""USDJPY"": 1.0}","{""EURUSD"": -0.3333333333333333, ""GBPUSD"": 0.3333333333333333, ""USDJPY"": 0.3333333333333333}","{""EUR_USD"": -11406, ""GBP_USD"": 9930, ""USD_JPY"": 13331}","{""EUR_USD"": -11406, ""GBP_USD"": 9930, ""USD_JPY"": 13330}","{""EUR_USD"": 1, ""GBP_USD"": 1, ""USD_JPY"": -1}","{""mode"": ""historical_replay"", ""filled"": true, ""instrument"": ""USD_JPY"", ""units"": -1, ""timestamp_utc"": ""2026-04-09 14:24:00+00:00""}"
2026-04-09 14:25:00+00:00,HISTORICAL_REPLAY_FILL,GBP_USD,-1,99982.1998414026,False,"{""EURUSD"": -1.0, ""GBPUSD"": 1.0, ""USDJPY"": 1.0}","{""EURUSD"": -0.3333333333333333, ""GBPUSD"": 0.3333333333333333, ""USDJPY"": 0.3333333333333333}","{""EUR_USD"": -11406, ""GBP_USD"": 9930, ""USD_JPY"": 13330}","{""EUR_USD"": -11406, ""GBP_USD"": 9929, ""USD_JPY"": 13330}","{""GBP_USD"": -1}","{""mode"": ""historical_replay"", ""filled"": true, ""instrument"": ""GBP_USD"", ""units"": -1, ""timestamp_utc"": ""2026-04-09 14:25:00+00:00""}"
2026-04-09 14:26:00+00:00,HISTORICAL_REPLAY_FILL,EUR_USD,-5704,99982.62846528641,True,"{""EURUSD"": -1.0, ""GBPUSD"": 1.0, ""USDJPY"": 1.0}","{""EURUSD"": -0.3333333333333333, ""GBPUSD"": 0.3333333333333333, ""USDJPY"": 0.3333333333333333}","{""EUR_USD"": -11406, ""GBP_USD"": 9929, ""USD_JPY"": 13330}","{""EUR_USD"": -17110, ""GBP_USD"": 14895, ""USD_JPY"": 19996}","{""EUR_USD"": -5704, ""GBP_USD"": 4966, ""USD_JPY"": 6666}","{""mode"": ""historical_replay"", ""filled"": true, ""instrument"": ""EUR_USD"", ""units"": -5704, ""timestamp_utc"": ""2026-04-09 14:26:00+00:00""}"
2026-04-09 14:26:00+00:00,HISTORICAL_REPLAY_FILL,GBP_USD,4966,99982.62846528641,True,"{""EURUSD"": -1.0, ""GBPUSD"": 1.0, ""USDJPY"": 1.0}","{""EURUSD"": -0.3333333333333333, ""GBPUSD"": 0.3333333333333333, ""USDJPY"": 0.3333333333333333}","{""EUR_USD"": -17110, ""GBP_USD"": 9929, ""USD_JPY"": 13330}","{""EUR_USD"": -17110, ""GBP_USD"": 14895, ""USD_JPY"": 19996}","{""EUR_USD"": -5704, ""GBP_USD"": 4966, ""USD_JPY"": 6666}","{""mode"": ""historical_replay"", ""filled"": true, ""instrument"": ""GBP_USD"", ""units"": 4966, ""timestamp_utc"": ""2026-04-09 14:26:00+00:00""}"
2026-04-09 14:26:00+00:00,HISTORICAL_REPLAY_FILL,USD_JPY,6666,99982.62846528641,True,"{""EURUSD"": -1.0, ""GBPUSD"": 1.0, ""USDJPY"": 1.0}","{""EURUSD"": -0.3333333333333333, ""GBPUSD"": 0.3333333333333333, ""USDJPY"": 0.3333333333333333}","{""EUR_USD"": -17110, ""GBP_USD"": 14895, ""USD_JPY"": 13330}","{""EUR_USD"": -17110, ""GBP_USD"": 14895, ""USD_JPY"": 19996}","{""EUR_USD"": -5704, ""GBP_USD"": 4966, ""USD_JPY"": 6666}","{""mode"": ""historical_replay"", ""filled"": true, ""instrument"": ""USD_JPY"", ""units"": 6666, ""timestamp_utc"": ""2026-04-09 14:26:00+00:00""}"
2026-04-09 14:27:00+00:00,HISTORICAL_REPLAY_FILL,EUR_USD,-1,99981.63949497238,True,"{""EURUSD"": -1.0, ""GBPUSD"": 1.0, ""USDJPY"": 1.0}","{""EURUSD"": -0.3333333333333333, ""GBPUSD"": 0.3333333333333333, ""USDJPY"": 0.3333333333333333}","{""EUR_USD"": -17110, ""GBP_USD"": 14895, ""USD_JPY"": 19996}","{""EUR_USD"": -17111, ""GBP_USD"": 14897, ""USD_JPY"": 19996}","{""EUR_USD"": -1, ""GBP_USD"": 2}","{""mode"": ""historical_replay"", ""filled"": true, ""instrument"": ""EUR_USD"", ""units"": -1, ""timestamp_utc"": ""2026-04-09 14:27:00+00:00""}"
2026-04-09 14:27:00+00:00,HISTORICAL_REPLAY_FILL,GBP_USD,2,99981.63949497238,True,"{""EURUSD"": -1.0, ""GBPUSD"": 1.0, ""USDJPY"": 1.0}","{""EURUSD"": -0.3333333333333333, ""GBPUSD"": 0.3333333333333333, ""USDJPY"": 0.3333333333333333}","{""EUR_USD"": -17111, ""GBP_USD"": 14895, ""USD_JPY"": 19996}","{""EUR_USD"": -17111, ""GBP_USD"": 14897, ""USD_JPY"": 19996}","{""EUR_USD"": -1, ""GBP_USD"": 2}","{""mode"": ""historical_replay"", ""filled"": true, ""instrument"": ""GBP_USD"", ""units"": 2, ""timestamp_utc"": ""2026-04-09 14:27:00+00:00""}"
2026-04-09 14:28:00+00:00,HISTORICAL_REPLAY_FILL,EUR_USD,-2,99986.40652607303,True,"{""EURUSD"": -1.0, ""GBPUSD"": -1.0, ""USDJPY"": 1.0}","{""EURUSD"": -0.3333333333333333, ""GBPUSD"": -0.3333333333333333, ""USDJPY"": 0.3333333333333333}","{""EUR_USD"": -17111, ""GBP_USD"": 14897, ""USD_JPY"": 19996}","{""EUR_USD"": -17113, ""GBP_USD"": -14896, ""USD_JPY"": 19997}","{""EUR_USD"": -2, ""GBP_USD"": -29793, ""USD_JPY"": 1}","{""mode"": ""historical_replay"", ""filled"": true, ""instrument"": ""EUR_USD"", ""units"": -2, ""timestamp_utc"": ""2026-04-09 14:28:00+00:00""}"
2026-04-09 14:28:00+00:00,HISTORICAL_REPLAY_FILL,GBP_USD,-29793,99986.40652607303,True,"{""EURUSD"": -1.0, ""GBPUSD"": -1.0, ""USDJPY"": 1.0}","{""EURUSD"": -0.3333333333333333, ""GBPUSD"": -0.3333333333333333, ""USDJPY"": 0.3333333333333333}","{""EUR_USD"": -17113, ""GBP_USD"": 14897, ""USD_JPY"": 19996}","{""EUR_USD"": -17113, ""GBP_USD"": -14896, ""USD_JPY"": 19997}","{""EUR_USD"": -2, ""GBP_USD"": -29793, ""USD_JPY"": 1}","{""mode"": ""historical_replay"", ""filled"": true, ""instrument"": ""GBP_USD"", ""units"": -29793, ""timestamp_utc"": ""2026-04-09 14:28:00+00:00""}"
2026-04-09 14:28:00+00:00,HISTORICAL_REPLAY_FILL,USD_JPY,1,99986.40652607303,True,"{""EURUSD"": -1.0, ""GBPUSD"": -1.0, ""USDJPY"": 1.0}","{""EURUSD"": -0.3333333333333333, ""GBPUSD"": -0.3333333333333333, ""USDJPY"": 0.3333333333333333}","{""EUR_USD"": -17113, ""GBP_USD"": -14896, ""USD_JPY"": 19996}","{""EUR_USD"": -17113, ""GBP_USD"": -14896, ""USD_JPY"": 19997}","{""EUR_USD"": -2, ""GBP_USD"": -29793, ""USD_JPY"": 1}","{""mode"": ""historical_replay"", ""filled"": true, ""instrument"": ""USD_JPY"", ""units"": 1, ""timestamp_utc"": ""2026-04-09 14:28:00+00:00""}"
2026-04-09 14:29:00+00:00,HISTORICAL_REPLAY_FILL,EUR_USD,2,99983.85730746076,True,"{""EURUSD"": -1.0, ""GBPUSD"": -1.0, ""USDJPY"": 1.0}","{""EURUSD"": -0.3333333333333333, ""GBPUSD"": -0.3333333333333333, ""USDJPY"": 0.3333333333333333}","{""EUR_USD"": -17113, ""GBP_USD"": -14896, ""USD_JPY"": 19997}","{""EUR_USD"": -17111, ""GBP_USD"": -14895, ""USD_JPY"": 19996}","{""EUR_USD"": 2, ""GBP_USD"": 1, ""USD_JPY"": -1}","{""mode"": ""historical_replay"", ""filled"": true, ""instrument"": ""EUR_USD"", ""units"": 2, ""timestamp_utc"": ""2026-04-09 14:29:00+00:00""}"
2026-04-09 14:29:00+00:00,HISTORICAL_REPLAY_FILL,GBP_USD,1,99983.85730746076,True,"{""EURUSD"": -1.0, ""GBPUSD"": -1.0, ""USDJPY"": 1.0}","{""EURUSD"": -0.3333333333333333, ""GBPUSD"": -0.3333333333333333, ""USDJPY"": 0.3333333333333333}","{""EUR_USD"": -17111, ""GBP_USD"": -14896, ""USD_JPY"": 19997}","{""EUR_USD"": -17111, ""GBP_USD"": -14895, ""USD_JPY"": 19996}","{""EUR_USD"": 2, ""GBP_USD"": 1, ""USD_JPY"": -1}","{""mode"": ""historical_replay"", ""filled"": true, ""instrument"": ""GBP_USD"", ""units"": 1, ""timestamp_utc"": ""2026-04-09 14:29:00+00:00""}"
2026-04-09 14:29:00+00:00,HISTORICAL_REPLAY_FILL,USD_JPY,-1,99983.85730746076,True,"{""EURUSD"": -1.0, ""GBPUSD"": -1.0, ""USDJPY"": 1.0}","{""EURUSD"": -0.3333333333333333, ""GBPUSD"": -0.3333333333333333, ""USDJPY"": 0.3333333333333333}","{""EUR_USD"": -17111, ""GBP_USD"": -14895, ""USD_JPY"": 19997}","{""EUR_USD"": -17111, ""GBP_USD"": -14895, ""USD_JPY"": 19996}","{""EUR_USD"": 2, ""GBP_USD"": 1, ""USD_JPY"": -1}","{""mode"": ""historical_replay"", ""filled"": true, ""instrument"": ""USD_JPY"", ""units"": -1, ""timestamp_utc"": ""2026-04-09 14:29:00+00:00""}"
2026-04-09 14:30:00+00:00,HISTORICAL_REPLAY_FILL,EUR_USD,-8,100000.73844268871,True,"{""EURUSD"": -1.0, ""GBPUSD"": -1.0, ""USDJPY"": 1.0}","{""EURUSD"": -0.3333333333333333, ""GBPUSD"": -0.3333333333333333, ""USDJPY"": 0.3333333333333333}","{""EUR_USD"": -17111, ""GBP_USD"": -14895, ""USD_JPY"": 19996}","{""EUR_USD"": -17119, ""GBP_USD"": -14902, ""USD_JPY"": 20000}","{""EUR_USD"": -8, ""GBP_USD"": -7, ""USD_JPY"": 4}","{""mode"": ""historical_replay"", ""filled"": true, ""instrument"": ""EUR_USD"", ""units"": -8, ""timestamp_utc"": ""2026-04-09 14:30:00+00:00""}"
2026-04-09 14:30:00+00:00,HISTORICAL_REPLAY_FILL,GBP_USD,-7,100000.73844268871,True,"{""EURUSD"": -1.0, ""GBPUSD"": -1.0, ""USDJPY"": 1.0}","{""EURUSD"": -0.3333333333333333, ""GBPUSD"": -0.3333333333333333, ""USDJPY"": 0.3333333333333333}","{""EUR_USD"": -17119, ""GBP_USD"": -14895, ""USD_JPY"": 19996}","{""EUR_USD"": -17119, ""GBP_USD"": -14902, ""USD_JPY"": 20000}","{""EUR_USD"": -8, ""GBP_USD"": -7, ""USD_JPY"": 4}","{""mode"": ""historical_replay"", ""filled"": true, ""instrument"": ""GBP_USD"", ""units"": -7, ""timestamp_utc"": ""2026-04-09 14:30:00+00:00""}"
2026-04-09 14:30:00+00:00,HISTORICAL_REPLAY_FILL,USD_JPY,4,100000.73844268871,True,"{""EURUSD"": -1.0, ""GBPUSD"": -1.0, ""USDJPY"": 1.0}","{""EURUSD"": -0.3333333333333333, ""GBPUSD"": -0.3333333333333333, ""USDJPY"": 0.3333333333333333}","{""EUR_USD"": -17119, ""GBP_USD"": -14902, ""USD_JPY"": 19996}","{""EUR_USD"": -17119, ""GBP_USD"": -14902, ""USD_JPY"": 20000}","{""EUR_USD"": -8, ""GBP_USD"": -7, ""USD_JPY"": 4}","{""mode"": ""historical_replay"", ""filled"": true, ""instrument"": ""USD_JPY"", ""units"": 4, ""timestamp_utc"": ""2026-04-09 14:30:00+00:00""}"
2026-04-09 14:31:00+00:00,HISTORICAL_REPLAY_FILL,EUR_USD,-4,100011.01552341957,True,"{""EURUSD"": -1.0, ""GBPUSD"": -1.0, ""USDJPY"": 1.0}","{""EURUSD"": -0.3333333333333333, ""GBPUSD"": -0.3333333333333333, ""USDJPY"": 0.3333333333333333}","{""EUR_USD"": -17119, ""GBP_USD"": -14902, ""USD_JPY"": 20000}","{""EUR_USD"": -17123, ""GBP_USD"": -14906, ""USD_JPY"": 20002}","{""EUR_USD"": -4, ""GBP_USD"": -4, ""USD_JPY"": 2}","{""mode"": ""historical_replay"", ""filled"": true, ""instrument"": ""EUR_USD"", ""units"": -4, ""timestamp_utc"": ""2026-04-09 14:31:00+00:00""}"
2026-04-09 14:31:00+00:00,HISTORICAL_REPLAY_FILL,GBP_USD,-4,100011.01552341957,True,"{""EURUSD"": -1.0, ""GBPUSD"": -1.0, ""USDJPY"": 1.0}","{""EURUSD"": -0.3333333333333333, ""GBPUSD"": -0.3333333333333333, ""USDJPY"": 0.3333333333333333}","{""EUR_USD"": -17123, ""GBP_USD"": -14902, ""USD_JPY"": 20000}","{""EUR_USD"": -17123, ""GBP_USD"": -14906, ""USD_JPY"": 20002}","{""EUR_USD"": -4, ""GBP_USD"": -4, ""USD_JPY"": 2}","{""mode"": ""historical_replay"", ""filled"": true, ""instrument"": ""GBP_USD"", ""units"": -4, ""timestamp_utc"": ""2026-04-09 14:31:00+00:00""}"
2026-04-09 14:31:00+00:00,HISTORICAL_REPLAY_FILL,USD_JPY,2,100011.01552341957,True,"{""EURUSD"": -1.0, ""GBPUSD"": -1.0, ""USDJPY"": 1.0}","{""EURUSD"": -0.3333333333333333, ""GBPUSD"": -0.3333333333333333, ""USDJPY"": 0.3333333333333333}","{""EUR_USD"": -17123, ""GBP_USD"": -14906, ""USD_JPY"": 20000}","{""EUR_USD"": -17123, ""GBP_USD"": -14906, ""USD_JPY"": 20002}","{""EUR_USD"": -4, ""GBP_USD"": -4, ""USD_JPY"": 2}","{""mode"": ""historical_replay"", ""filled"": true, ""instrument"": ""USD_JPY"", ""units"": 2, ""timestamp_utc"": ""2026-04-09 14:31:00+00:00""}"
2026-04-09 14:32:00+00:00,HISTORICAL_REPLAY_FILL,EUR_USD,-1,100014.25786850884,True,"{""EURUSD"": -1.0, ""GBPUSD"": -1.0, ""USDJPY"": 1.0}","{""EURUSD"": -0.3333333333333333, ""GBPUSD"": -0.3333333333333333, ""USDJPY"": 0.3333333333333333}","{""EUR_USD"": -17123, ""GBP_USD"": -14906, ""USD_JPY"": 20002}","{""EUR_USD"": -17124, ""GBP_USD"": -14908, ""USD_JPY"": 20002}","{""EUR_USD"": -1, ""GBP_USD"": -2}","{""mode"": ""historical_replay"", ""filled"": true, ""instrument"": ""EUR_USD"", ""units"": -1, ""timestamp_utc"": ""2026-04-09 14:32:00+00:00""}"
2026-04-09 14:32:00+00:00,HISTORICAL_REPLAY_FILL,GBP_USD,-2,100014.25786850884,True,"{""EURUSD"": -1.0, ""GBPUSD"": -1.0, ""USDJPY"": 1.0}","{""EURUSD"": -0.3333333333333333, ""GBPUSD"": -0.3333333333333333, ""USDJPY"": 0.3333333333333333}","{""EUR_USD"": -17124, ""GBP_USD"": -14906, ""USD_JPY"": 20002}","{""EUR_USD"": -17124, ""GBP_USD"": -14908, ""USD_JPY"": 20002}","{""EUR_USD"": -1, ""GBP_USD"": -2}","{""mode"": ""historical_replay"", ""filled"": true, ""instrument"": ""GBP_USD"", ""units"": -2, ""timestamp_utc"": ""2026-04-09 14:32:00+00:00""}"
2026-04-09 14:33:00+00:00,HISTORICAL_REPLAY_FILL,EUR_USD,1,100012.36063552983,True,"{""EURUSD"": -1.0, ""GBPUSD"": -1.0, ""USDJPY"": 1.0}","{""EURUSD"": -0.3333333333333333, ""GBPUSD"": -0.3333333333333333, ""USDJPY"": 0.3333333333333333}","{""EUR_USD"": -17124, ""GBP_USD"": -14908, ""USD_JPY"": 20002}","{""EUR_USD"": -17123, ""GBP_USD"": -14907, ""USD_JPY"": 20002}","{""EUR_USD"": 1, ""GBP_USD"": 1}","{""mode"": ""historical_replay"", ""filled"": true, ""instrument"": ""EUR_USD"", ""units"": 1, ""timestamp_utc"": ""2026-04-09 14:33:00+00:00""}"
2026-04-09 14:33:00+00:00,HISTORICAL_REPLAY_FILL,GBP_USD,1,100012.36063552983,True,"{""EURUSD"": -1.0, ""GBPUSD"": -1.0, ""USDJPY"": 1.0}","{""EURUSD"": -0.3333333333333333, ""GBPUSD"": -0.3333333333333333, ""USDJPY"": 0.3333333333333333}","{""EUR_USD"": -17123, ""GBP_USD"": -14908, ""USD_JPY"": 20002}","{""EUR_USD"": -17123, ""GBP_USD"": -14907, ""USD_JPY"": 20002}","{""EUR_USD"": 1, ""GBP_USD"": 1}","{""mode"": ""historical_replay"", ""filled"": true, ""instrument"": ""GBP_USD"", ""units"": 1, ""timestamp_utc"": ""2026-04-09 14:33:00+00:00""}"
2026-04-09 14:34:00+00:00,HISTORICAL_REPLAY_FILL,EUR_USD,-4,100016.73130994094,True,"{""EURUSD"": -1.0, ""GBPUSD"": -1.0, ""USDJPY"": 1.0}","{""EURUSD"": -0.3333333333333333, ""GBPUSD"": -0.3333333333333333, ""USDJPY"": 0.3333333333333333}","{""EUR_USD"": -17123, ""GBP_USD"": -14907, ""USD_JPY"": 20002}","{""EUR_USD"": -17127, ""GBP_USD"": -14910, ""USD_JPY"": 20003}","{""EUR_USD"": -4, ""GBP_USD"": -3, ""USD_JPY"": 1}","{""mode"": ""historical_replay"", ""filled"": true, ""instrument"": ""EUR_USD"", ""units"": -4, ""timestamp_utc"": ""2026-04-09 14:34:00+00:00""}"
2026-04-09 14:34:00+00:00,HISTORICAL_REPLAY_FILL,GBP_USD,-3,100016.73130994094,True,"{""EURUSD"": -1.0, ""GBPUSD"": -1.0, ""USDJPY"": 1.0}","{""EURUSD"": -0.3333333333333333, ""GBPUSD"": -0.3333333333333333, ""USDJPY"": 0.3333333333333333}","{""EUR_USD"": -17127, ""GBP_USD"": -14907, ""USD_JPY"": 20002}","{""EUR_USD"": -17127, ""GBP_USD"": -14910, ""USD_JPY"": 20003}","{""EUR_USD"": -4, ""GBP_USD"": -3, ""USD_JPY"": 1}","{""mode"": ""historical_replay"", ""filled"": true, ""instrument"": ""GBP_USD"", ""units"": -3, ""timestamp_utc"": ""2026-04-09 14:34:00+00:00""}"
2026-04-09 14:34:00+00:00,HISTORICAL_REPLAY_FILL,USD_JPY,1,100016.73130994094,True,"{""EURUSD"": -1.0, ""GBPUSD"": -1.0, ""USDJPY"": 1.0}","{""EURUSD"": -0.3333333333333333, ""GBPUSD"": -0.3333333333333333, ""USDJPY"": 0.3333333333333333}","{""EUR_USD"": -17127, ""GBP_USD"": -14910, ""USD_JPY"": 20002}","{""EUR_USD"": -17127, ""GBP_USD"": -14910, ""USD_JPY"": 20003}","{""EUR_USD"": -4, ""GBP_USD"": -3, ""USD_JPY"": 1}","{""mode"": ""historical_replay"", ""filled"": true, ""instrument"": ""USD_JPY"", ""units"": 1, ""timestamp_utc"": ""2026-04-09 14:34:00+00:00""}"
2026-04-09 14:35:00+00:00,HISTORICAL_REPLAY_FILL,EUR_USD,-1,100017.75892994093,True,"{""EURUSD"": -1.0, ""GBPUSD"": -1.0, ""USDJPY"": 1.0}","{""EURUSD"": -0.3333333333333333, ""GBPUSD"": -0.3333333333333333, ""USDJPY"": 0.3333333333333333}","{""EUR_USD"": -17127, ""GBP_USD"": -14910, ""USD_JPY"": 20003}","{""EUR_USD"": -17128, ""GBP_USD"": -14910, ""USD_JPY"": 20003}","{""EUR_USD"": -1}","{""mode"": ""historical_replay"", ""filled"": true, ""instrument"": ""EUR_USD"", ""units"": -1, ""timestamp_utc"": ""2026-04-09 14:35:00+00:00""}"
2026-04-09 14:36:00+00:00,HISTORICAL_REPLAY_FILL,EUR_USD,-8,100037.43295811611,True,"{""EURUSD"": -1.0, ""GBPUSD"": -1.0, ""USDJPY"": 1.0}","{""EURUSD"": -0.3333333333333333, ""GBPUSD"": -0.3333333333333333, ""USDJPY"": 0.3333333333333333}","{""EUR_USD"": -17128, ""GBP_USD"": -14910, ""USD_JPY"": 20003}","{""EUR_USD"": -17136, ""GBP_USD"": -14921, ""USD_JPY"": 20007}","{""EUR_USD"": -8, ""GBP_USD"": -11, ""USD_JPY"": 4}","{""mode"": ""historical_replay"", ""filled"": true, ""instrument"": ""EUR_USD"", ""units"": -8, ""timestamp_utc"": ""2026-04-09 14:36:00+00:00""}"
2026-04-09 14:36:00+00:00,HISTORICAL_REPLAY_FILL,GBP_USD,-11,100037.43295811611,True,"{""EURUSD"": -1.0, ""GBPUSD"": -1.0, ""USDJPY"": 1.0}","{""EURUSD"": -0.3333333333333333, ""GBPUSD"": -0.3333333333333333, ""USDJPY"": 0.3333333333333333}","{""EUR_USD"": -17136, ""GBP_USD"": -14910, ""USD_JPY"": 20003}","{""EUR_USD"": -17136, ""GBP_USD"": -14921, ""USD_JPY"": 20007}","{""EUR_USD"": -8, ""GBP_USD"": -11, ""USD_JPY"": 4}","{""mode"": ""historical_replay"", ""filled"": true, ""instrument"": ""GBP_USD"", ""units"": -11, ""timestamp_utc"": ""2026-04-09 14:36:00+00:00""}"
2026-04-09 14:36:00+00:00,HISTORICAL_REPLAY_FILL,USD_JPY,4,100037.43295811611,True,"{""EURUSD"": -1.0, ""GBPUSD"": -1.0, ""USDJPY"": 1.0}","{""EURUSD"": -0.3333333333333333, ""GBPUSD"": -0.3333333333333333, ""USDJPY"": 0.3333333333333333}","{""EUR_USD"": -17136, ""GBP_USD"": -14921, ""USD_JPY"": 20003}","{""EUR_USD"": -17136, ""GBP_USD"": -14921, ""USD_JPY"": 20007}","{""EUR_USD"": -8, ""GBP_USD"": -11, ""USD_JPY"": 4}","{""mode"": ""historical_replay"", ""filled"": true, ""instrument"": ""USD_JPY"", ""units"": 4, ""timestamp_utc"": ""2026-04-09 14:36:00+00:00""}"
2026-04-09 14:37:00+00:00,HISTORICAL_REPLAY_FILL,EUR_USD,1,100034.03334660825,True,"{""EURUSD"": -1.0, ""GBPUSD"": -1.0, ""USDJPY"": 1.0}","{""EURUSD"": -0.3333333333333333, ""GBPUSD"": -0.3333333333333333, ""USDJPY"": 0.3333333333333333}","{""EUR_USD"": -17136, ""GBP_USD"": -14921, ""USD_JPY"": 20007}","{""EUR_USD"": -17135, ""GBP_USD"": -14917, ""USD_JPY"": 20006}","{""EUR_USD"": 1, ""GBP_USD"": 4, ""USD_JPY"": -1}","{""mode"": ""historical_replay"", ""filled"": true, ""instrument"": ""EUR_USD"", ""units"": 1, ""timestamp_utc"": ""2026-04-09 14:37:00+00:00""}"
2026-04-09 14:37:00+00:00,HISTORICAL_REPLAY_FILL,GBP_USD,4,100034.03334660825,True,"{""EURUSD"": -1.0, ""GBPUSD"": -1.0, ""USDJPY"": 1.0}","{""EURUSD"": -0.3333333333333333, ""GBPUSD"": -0.3333333333333333, ""USDJPY"": 0.3333333333333333}","{""EUR_USD"": -17135, ""GBP_USD"": -14921, ""USD_JPY"": 20007}","{""EUR_USD"": -17135, ""GBP_USD"": -14917, ""USD_JPY"": 20006}","{""EUR_USD"": 1, ""GBP_USD"": 4, ""USD_JPY"": -1}","{""mode"": ""historical_replay"", ""filled"": true, ""instrument"": ""GBP_USD"", ""units"": 4, ""timestamp_utc"": ""2026-04-09 14:37:00+00:00""}"
2026-04-09 14:37:00+00:00,HISTORICAL_REPLAY_FILL,USD_JPY,-1,100034.03334660825,True,"{""EURUSD"": -1.0, ""GBPUSD"": -1.0, ""USDJPY"": 1.0}","{""EURUSD"": -0.3333333333333333, ""GBPUSD"": -0.3333333333333333, ""USDJPY"": 0.3333333333333333}","{""EUR_USD"": -17135, ""GBP_USD"": -14917, ""USD_JPY"": 20007}","{""EUR_USD"": -17135, ""GBP_USD"": -14917, ""USD_JPY"": 20006}","{""EUR_USD"": 1, ""GBP_USD"": 4, ""USD_JPY"": -1}","{""mode"": ""historical_replay"", ""filled"": true, ""instrument"": ""USD_JPY"", ""units"": -1, ""timestamp_utc"": ""2026-04-09 14:37:00+00:00""}"
2026-04-09 14:38:00+00:00,HISTORICAL_REPLAY_FILL,EUR_USD,2,100030.49998658766,True,"{""EURUSD"": -1.0, ""GBPUSD"": -1.0, ""USDJPY"": 1.0}","{""EURUSD"": -0.3333333333333333, ""GBPUSD"": -0.3333333333333333, ""USDJPY"": 0.3333333333333333}","{""EUR_USD"": -17135, ""GBP_USD"": -14917, ""USD_JPY"": 20006}","{""EUR_USD"": -17133, ""GBP_USD"": -14916, ""USD_JPY"": 20006}","{""EUR_USD"": 2, ""GBP_USD"": 1}","{""mode"": ""historical_replay"", ""filled"": true, ""instrument"": ""EUR_USD"", ""units"": 2, ""timestamp_utc"": ""2026-04-09 14:38:00+00:00""}"
2026-04-09 14:38:00+00:00,HISTORICAL_REPLAY_FILL,GBP_USD,1,100030.49998658766,True,"{""EURUSD"": -1.0, ""GBPUSD"": -1.0, ""USDJPY"": 1.0}","{""EURUSD"": -0.3333333333333333, ""GBPUSD"": -0.3333333333333333, ""USDJPY"": 0.3333333333333333}","{""EUR_USD"": -17133, ""GBP_USD"": -14917, ""USD_JPY"": 20006}","{""EUR_USD"": -17133, ""GBP_USD"": -14916, ""USD_JPY"": 20006}","{""EUR_USD"": 2, ""GBP_USD"": 1}","{""mode"": ""historical_replay"", ""filled"": true, ""instrument"": ""GBP_USD"", ""units"": 1, ""timestamp_utc"": ""2026-04-09 14:38:00+00:00""}"
2026-04-09 14:39:00+00:00,HISTORICAL_REPLAY_FILL,EUR_USD,6,100018.86591727183,True,"{""EURUSD"": -1.0, ""GBPUSD"": -1.0, ""USDJPY"": 1.0}","{""EURUSD"": -0.3333333333333333, ""GBPUSD"": -0.3333333333333333, ""USDJPY"": 0.3333333333333333}","{""EUR_USD"": -17133, ""GBP_USD"": -14916, ""USD_JPY"": 20006}","{""EUR_USD"": -17127, ""GBP_USD"": -14912, ""USD_JPY"": 20003}","{""EUR_USD"": 6, ""GBP_USD"": 4, ""USD_JPY"": -3}","{""mode"": ""historical_replay"", ""filled"": true, ""instrument"": ""EUR_USD"", ""units"": 6, ""timestamp_utc"": ""2026-04-09 14:39:00+00:00""}"
2026-04-09 14:39:00+00:00,HISTORICAL_REPLAY_FILL,GBP_USD,4,100018.86591727183,True,"{""EURUSD"": -1.0, ""GBPUSD"": -1.0, ""USDJPY"": 1.0}","{""EURUSD"": -0.3333333333333333, ""GBPUSD"": -0.3333333333333333, ""USDJPY"": 0.3333333333333333}","{""EUR_USD"": -17127, ""GBP_USD"": -14916, ""USD_JPY"": 20006}","{""EUR_USD"": -17127, ""GBP_USD"": -14912, ""USD_JPY"": 20003}","{""EUR_USD"": 6, ""GBP_USD"": 4, ""USD_JPY"": -3}","{""mode"": ""historical_replay"", ""filled"": true, ""instrument"": ""GBP_USD"", ""units"": 4, ""timestamp_utc"": ""2026-04-09 14:39:00+00:00""}"
2026-04-09 14:39:00+00:00,HISTORICAL_REPLAY_FILL,USD_JPY,-3,100018.86591727183,True,"{""EURUSD"": -1.0, ""GBPUSD"": -1.0, ""USDJPY"": 1.0}","{""EURUSD"": -0.3333333333333333, ""GBPUSD"": -0.3333333333333333, ""USDJPY"": 0.3333333333333333}","{""EUR_USD"": -17127, ""GBP_USD"": -14912, ""USD_JPY"": 20006}","{""EUR_USD"": -17127, ""GBP_USD"": -14912, ""USD_JPY"": 20003}","{""EUR_USD"": 6, ""GBP_USD"": 4, ""USD_JPY"": -3}","{""mode"": ""historical_replay"", ""filled"": true, ""instrument"": ""USD_JPY"", ""units"": -3, ""timestamp_utc"": ""2026-04-09 14:39:00+00:00""}"
2026-04-09 14:40:00+00:00,HISTORICAL_REPLAY_FILL,EUR_USD,1,100017.01391816612,True,"{""EURUSD"": -1.0, ""GBPUSD"": -1.0, ""USDJPY"": 1.0}","{""EURUSD"": -0.3333333333333333, ""GBPUSD"": -0.3333333333333333, ""USDJPY"": 0.3333333333333333}","{""EUR_USD"": -17127, ""GBP_USD"": -14912, ""USD_JPY"": 20003}","{""EUR_USD"": -17126, ""GBP_USD"": -14911, ""USD_JPY"": 20003}","{""EUR_USD"": 1, ""GBP_USD"": 1}","{""mode"": ""historical_replay"", ""filled"": true, ""instrument"": ""EUR_USD"", ""units"": 1, ""timestamp_utc"": ""2026-04-09 14:40:00+00:00""}"
2026-04-09 14:40:00+00:00,HISTORICAL_REPLAY_FILL,GBP_USD,1,100017.01391816612,True,"{""EURUSD"": -1.0, ""GBPUSD"": -1.0, ""USDJPY"": 1.0}","{""EURUSD"": -0.3333333333333333, ""GBPUSD"": -0.3333333333333333, ""USDJPY"": 0.3333333333333333}","{""EUR_USD"": -17126, ""GBP_USD"": -14912, ""USD_JPY"": 20003}","{""EUR_USD"": -17126, ""GBP_USD"": -14911, ""USD_JPY"": 20003}","{""EUR_USD"": 1, ""GBP_USD"": 1}","{""mode"": ""historical_replay"", ""filled"": true, ""instrument"": ""GBP_USD"", ""units"": 1, ""timestamp_utc"": ""2026-04-09 14:40:00+00:00""}"
2026-04-09 14:41:00+00:00,HISTORICAL_REPLAY_FILL,EUR_USD,-2,100022.74327605884,True,"{""EURUSD"": -1.0, ""GBPUSD"": -1.0, ""USDJPY"": 1.0}","{""EURUSD"": -0.3333333333333333, ""GBPUSD"": -0.3333333333333333, ""USDJPY"": 0.3333333333333333}","{""EUR_USD"": -17126, ""GBP_USD"": -14911, ""USD_JPY"": 20003}","{""EUR_USD"": -17128, ""GBP_USD"": -14913, ""USD_JPY"": 20004}","{""EUR_USD"": -2, ""GBP_USD"": -2, ""USD_JPY"": 1}","{""mode"": ""historical_replay"", ""filled"": true, ""instrument"": ""EUR_USD"", ""units"": -2, ""timestamp_utc"": ""2026-04-09 14:41:00+00:00""}"
2026-04-09 14:41:00+00:00,HISTORICAL_REPLAY_FILL,GBP_USD,-2,100022.74327605884,True,"{""EURUSD"": -1.0, ""GBPUSD"": -1.0, ""USDJPY"": 1.0}","{""EURUSD"": -0.3333333333333333, ""GBPUSD"": -0.3333333333333333, ""USDJPY"": 0.3333333333333333}","{""EUR_USD"": -17128, ""GBP_USD"": -14911, ""USD_JPY"": 20003}","{""EUR_USD"": -17128, ""GBP_USD"": -14913, ""USD_JPY"": 20004}","{""EUR_USD"": -2, ""GBP_USD"": -2, ""USD_JPY"": 1}","{""mode"": ""historical_replay"", ""filled"": true, ""instrument"": ""GBP_USD"", ""units"": -2, ""timestamp_utc"": ""2026-04-09 14:41:00+00:00""}"
2026-04-09 14:41:00+00:00,HISTORICAL_REPLAY_FILL,USD_JPY,1,100022.74327605884,True,"{""EURUSD"": -1.0, ""GBPUSD"": -1.0, ""USDJPY"": 1.0}","{""EURUSD"": -0.3333333333333333, ""GBPUSD"": -0.3333333333333333, ""USDJPY"": 0.3333333333333333}","{""EUR_USD"": -17128, ""GBP_USD"": -14913, ""USD_JPY"": 20003}","{""EUR_USD"": -17128, ""GBP_USD"": -14913, ""USD_JPY"": 20004}","{""EUR_USD"": -2, ""GBP_USD"": -2, ""USD_JPY"": 1}","{""mode"": ""historical_replay"", ""filled"": true, ""instrument"": ""USD_JPY"", ""units"": 1, ""timestamp_utc"": ""2026-04-09 14:41:00+00:00""}"
2026-04-09 14:42:00+00:00,HISTORICAL_REPLAY_FILL,EUR_USD,-5,100031.92152186768,True,"{""EURUSD"": -1.0, ""GBPUSD"": -1.0, ""USDJPY"": 1.0}","{""EURUSD"": -0.3333333333333333, ""GBPUSD"": -0.3333333333333333, ""USDJPY"": 0.3333333333333333}","{""EUR_USD"": -17128, ""GBP_USD"": -14913, ""USD_JPY"": 20004}","{""EUR_USD"": -17133, ""GBP_USD"": -14918, ""USD_JPY"": 20006}","{""EUR_USD"": -5, ""GBP_USD"": -5, ""USD_JPY"": 2}","{""mode"": ""historical_replay"", ""filled"": true, ""instrument"": ""EUR_USD"", ""units"": -5, ""timestamp_utc"": ""2026-04-09 14:42:00+00:00""}"
2026-04-09 14:42:00+00:00,HISTORICAL_REPLAY_FILL,GBP_USD,-5,100031.92152186768,True,"{""EURUSD"": -1.0, ""GBPUSD"": -1.0, ""USDJPY"": 1.0}","{""EURUSD"": -0.3333333333333333, ""GBPUSD"": -0.3333333333333333, ""USDJPY"": 0.3333333333333333}","{""EUR_USD"": -17133, ""GBP_USD"": -14913, ""USD_JPY"": 20004}","{""EUR_USD"": -17133, ""GBP_USD"": -14918, ""USD_JPY"": 20006}","{""EUR_USD"": -5, ""GBP_USD"": -5, ""USD_JPY"": 2}","{""mode"": ""historical_replay"", ""filled"": true, ""instrument"": ""GBP_USD"", ""units"": -5, ""timestamp_utc"": ""2026-04-09 14:42:00+00:00""}"
2026-04-09 14:42:00+00:00,HISTORICAL_REPLAY_FILL,USD_JPY,2,100031.92152186768,True,"{""EURUSD"": -1.0, ""GBPUSD"": -1.0, ""USDJPY"": 1.0}","{""EURUSD"": -0.3333333333333333, ""GBPUSD"": -0.3333333333333333, ""USDJPY"": 0.3333333333333333}","{""EUR_USD"": -17133, ""GBP_USD"": -14918, ""USD_JPY"": 20004}","{""EUR_USD"": -17133, ""GBP_USD"": -14918, ""USD_JPY"": 20006}","{""EUR_USD"": -5, ""GBP_USD"": -5, ""USD_JPY"": 2}","{""mode"": ""historical_replay"", ""filled"": true, ""instrument"": ""USD_JPY"", ""units"": 2, ""timestamp_utc"": ""2026-04-09 14:42:00+00:00""}"
2026-04-09 14:43:00+00:00,HISTORICAL_REPLAY_FILL,EUR_USD,-1,100034.16046993995,True,"{""EURUSD"": -1.0, ""GBPUSD"": -1.0, ""USDJPY"": 1.0}","{""EURUSD"": -0.3333333333333333, ""GBPUSD"": -0.3333333333333333, ""USDJPY"": 0.3333333333333333}","{""EUR_USD"": -17133, ""GBP_USD"": -14918, ""USD_JPY"": 20006}","{""EUR_USD"": -17134, ""GBP_USD"": -14918, ""USD_JPY"": 20006}","{""EUR_USD"": -1}","{""mode"": ""historical_replay"", ""filled"": true, ""instrument"": ""EUR_USD"", ""units"": -1, ""timestamp_utc"": ""2026-04-09 14:43:00+00:00""}"
2026-04-09 14:44:00+00:00,HISTORICAL_REPLAY_FILL,EUR_USD,-1,100037.94699290054,True,"{""EURUSD"": -1.0, ""GBPUSD"": -1.0, ""USDJPY"": 1.0}","{""EURUSD"": -0.3333333333333333, ""GBPUSD"": -0.3333333333333333, ""USDJPY"": 0.3333333333333333}","{""EUR_USD"": -17134, ""GBP_USD"": -14918, ""USD_JPY"": 20006}","{""EUR_USD"": -17135, ""GBP_USD"": -14921, ""USD_JPY"": 20007}","{""EUR_USD"": -1, ""GBP_USD"": -3, ""USD_JPY"": 1}","{""mode"": ""historical_replay"", ""filled"": true, ""instrument"": ""EUR_USD"", ""units"": -1, ""timestamp_utc"": ""2026-04-09 14:44:00+00:00""}"
2026-04-09 14:44:00+00:00,HISTORICAL_REPLAY_FILL,GBP_USD,-3,100037.94699290054,True,"{""EURUSD"": -1.0, ""GBPUSD"": -1.0, ""USDJPY"": 1.0}","{""EURUSD"": -0.3333333333333333, ""GBPUSD"": -0.3333333333333333, ""USDJPY"": 0.3333333333333333}","{""EUR_USD"": -17135, ""GBP_USD"": -14918, ""USD_JPY"": 20006}","{""EUR_USD"": -17135, ""GBP_USD"": -14921, ""USD_JPY"": 20007}","{""EUR_USD"": -1, ""GBP_USD"": -3, ""USD_JPY"": 1}","{""mode"": ""historical_replay"", ""filled"": true, ""instrument"": ""GBP_USD"", ""units"": -3, ""timestamp_utc"": ""2026-04-09 14:44:00+00:00""}"
2026-04-09 14:44:00+00:00,HISTORICAL_REPLAY_FILL,USD_JPY,1,100037.94699290054,True,"{""EURUSD"": -1.0, ""GBPUSD"": -1.0, ""USDJPY"": 1.0}","{""EURUSD"": -0.3333333333333333, ""GBPUSD"": -0.3333333333333333, ""USDJPY"": 0.3333333333333333}","{""EUR_USD"": -17135, ""GBP_USD"": -14921, ""USD_JPY"": 20006}","{""EUR_USD"": -17135, ""GBP_USD"": -14921, ""USD_JPY"": 20007}","{""EUR_USD"": -1, ""GBP_USD"": -3, ""USD_JPY"": 1}","{""mode"": ""historical_replay"", ""filled"": true, ""instrument"": ""USD_JPY"", ""units"": 1, ""timestamp_utc"": ""2026-04-09 14:44:00+00:00""}"
2026-04-09 14:45:00+00:00,HISTORICAL_REPLAY_FILL,EUR_USD,6,100026.72791286034,True,"{""EURUSD"": -1.0, ""GBPUSD"": -1.0, ""USDJPY"": 1.0}","{""EURUSD"": -0.3333333333333333, ""GBPUSD"": -0.3333333333333333, ""USDJPY"": 0.3333333333333333}","{""EUR_USD"": -17135, ""GBP_USD"": -14921, ""USD_JPY"": 20007}","{""EUR_USD"": -17129, ""GBP_USD"": -14916, ""USD_JPY"": 20005}","{""EUR_USD"": 6, ""GBP_USD"": 5, ""USD_JPY"": -2}","{""mode"": ""historical_replay"", ""filled"": true, ""instrument"": ""EUR_USD"", ""units"": 6, ""timestamp_utc"": ""2026-04-09 14:45:00+00:00""}"
2026-04-09 14:45:00+00:00,HISTORICAL_REPLAY_FILL,GBP_USD,5,100026.72791286034,True,"{""EURUSD"": -1.0, ""GBPUSD"": -1.0, ""USDJPY"": 1.0}","{""EURUSD"": -0.3333333333333333, ""GBPUSD"": -0.3333333333333333, ""USDJPY"": 0.3333333333333333}","{""EUR_USD"": -17129, ""GBP_USD"": -14921, ""USD_JPY"": 20007}","{""EUR_USD"": -17129, ""GBP_USD"": -14916, ""USD_JPY"": 20005}","{""EUR_USD"": 6, ""GBP_USD"": 5, ""USD_JPY"": -2}","{""mode"": ""historical_replay"", ""filled"": true, ""instrument"": ""GBP_USD"", ""units"": 5, ""timestamp_utc"": ""2026-04-09 14:45:00+00:00""}"
2026-04-09 14:45:00+00:00,HISTORICAL_REPLAY_FILL,USD_JPY,-2,100026.72791286034,True,"{""EURUSD"": -1.0, ""GBPUSD"": -1.0, ""USDJPY"": 1.0}","{""EURUSD"": -0.3333333333333333, ""GBPUSD"": -0.3333333333333333, ""USDJPY"": 0.3333333333333333}","{""EUR_USD"": -17129, ""GBP_USD"": -14916, ""USD_JPY"": 20007}","{""EUR_USD"": -17129, ""GBP_USD"": -14916, ""USD_JPY"": 20005}","{""EUR_USD"": 6, ""GBP_USD"": 5, ""USD_JPY"": -2}","{""mode"": ""historical_replay"", ""filled"": true, ""instrument"": ""USD_JPY"", ""units"": -2, ""timestamp_utc"": ""2026-04-09 14:45:00+00:00""}"
2026-04-09 14:46:00+00:00,HISTORICAL_REPLAY_FILL,EUR_USD,-5,100035.12705627052,True,"{""EURUSD"": -1.0, ""GBPUSD"": -1.0, ""USDJPY"": 1.0}","{""EURUSD"": -0.3333333333333333, ""GBPUSD"": -0.3333333333333333, ""USDJPY"": 0.3333333333333333}","{""EUR_USD"": -17129, ""GBP_USD"": -14916, ""USD_JPY"": 20005}","{""EUR_USD"": -17134, ""GBP_USD"": -14920, ""USD_JPY"": 20007}","{""EUR_USD"": -5, ""GBP_USD"": -4, ""USD_JPY"": 2}","{""mode"": ""historical_replay"", ""filled"": true, ""instrument"": ""EUR_USD"", ""units"": -5, ""timestamp_utc"": ""2026-04-09 14:46:00+00:00""}"
2026-04-09 14:46:00+00:00,HISTORICAL_REPLAY_FILL,GBP_USD,-4,100035.12705627052,True,"{""EURUSD"": -1.0, ""GBPUSD"": -1.0, ""USDJPY"": 1.0}","{""EURUSD"": -0.3333333333333333, ""GBPUSD"": -0.3333333333333333, ""USDJPY"": 0.3333333333333333}","{""EUR_USD"": -17134, ""GBP_USD"": -14916, ""USD_JPY"": 20005}","{""EUR_USD"": -17134, ""GBP_USD"": -14920, ""USD_JPY"": 20007}","{""EUR_USD"": -5, ""GBP_USD"": -4, ""USD_JPY"": 2}","{""mode"": ""historical_replay"", ""filled"": true, ""instrument"": ""GBP_USD"", ""units"": -4, ""timestamp_utc"": ""2026-04-09 14:46:00+00:00""}"
2026-04-09 14:46:00+00:00,HISTORICAL_REPLAY_FILL,USD_JPY,2,100035.12705627052,True,"{""EURUSD"": -1.0, ""GBPUSD"": -1.0, ""USDJPY"": 1.0}","{""EURUSD"": -0.3333333333333333, ""GBPUSD"": -0.3333333333333333, ""USDJPY"": 0.3333333333333333}","{""EUR_USD"": -17134, ""GBP_USD"": -14920, ""USD_JPY"": 20005}","{""EUR_USD"": -17134, ""GBP_USD"": -14920, ""USD_JPY"": 20007}","{""EUR_USD"": -5, ""GBP_USD"": -4, ""USD_JPY"": 2}","{""mode"": ""historical_replay"", ""filled"": true, ""instrument"": ""USD_JPY"", ""units"": 2, ""timestamp_utc"": ""2026-04-09 14:46:00+00:00""}"
2026-04-09 14:47:00+00:00,HISTORICAL_REPLAY_FILL,EUR_USD,-1,100036.78205472494,True,"{""EURUSD"": -1.0, ""GBPUSD"": -1.0, ""USDJPY"": 1.0}","{""EURUSD"": -0.3333333333333333, ""GBPUSD"": -0.3333333333333333, ""USDJPY"": 0.3333333333333333}","{""EUR_USD"": -17134, ""GBP_USD"": -14920, ""USD_JPY"": 20007}","{""EUR_USD"": -17135, ""GBP_USD"": -14920, ""USD_JPY"": 20007}","{""EUR_USD"": -1}","{""mode"": ""historical_replay"", ""filled"": true, ""instrument"": ""EUR_USD"", ""units"": -1, ""timestamp_utc"": ""2026-04-09 14:47:00+00:00""}"
2026-04-09 14:48:00+00:00,HISTORICAL_REPLAY_FILL,EUR_USD,-1,100040.45732326996,True,"{""EURUSD"": -1.0, ""GBPUSD"": -1.0, ""USDJPY"": 1.0}","{""EURUSD"": -0.3333333333333333, ""GBPUSD"": -0.3333333333333333, ""USDJPY"": 0.3333333333333333}","{""EUR_USD"": -17135, ""GBP_USD"": -14920, ""USD_JPY"": 20007}","{""EUR_USD"": -17136, ""GBP_USD"": -14922, ""USD_JPY"": 20008}","{""EUR_USD"": -1, ""GBP_USD"": -2, ""USD_JPY"": 1}","{""mode"": ""historical_replay"", ""filled"": true, ""instrument"": ""EUR_USD"", ""units"": -1, ""timestamp_utc"": ""2026-04-09 14:48:00+00:00""}"
2026-04-09 14:48:00+00:00,HISTORICAL_REPLAY_FILL,GBP_USD,-2,100040.45732326996,True,"{""EURUSD"": -1.0, ""GBPUSD"": -1.0, ""USDJPY"": 1.0}","{""EURUSD"": -0.3333333333333333, ""GBPUSD"": -0.3333333333333333, ""USDJPY"": 0.3333333333333333}","{""EUR_USD"": -17136, ""GBP_USD"": -14920, ""USD_JPY"": 20007}","{""EUR_USD"": -17136, ""GBP_USD"": -14922, ""USD_JPY"": 20008}","{""EUR_USD"": -1, ""GBP_USD"": -2, ""USD_JPY"": 1}","{""mode"": ""historical_replay"", ""filled"": true, ""instrument"": ""GBP_USD"", ""units"": -2, ""timestamp_utc"": ""2026-04-09 14:48:00+00:00""}"
2026-04-09 14:48:00+00:00,HISTORICAL_REPLAY_FILL,USD_JPY,1,100040.45732326996,True,"{""EURUSD"": -1.0, ""GBPUSD"": -1.0, ""USDJPY"": 1.0}","{""EURUSD"": -0.3333333333333333, ""GBPUSD"": -0.3333333333333333, ""USDJPY"": 0.3333333333333333}","{""EUR_USD"": -17136, ""GBP_USD"": -14922, ""USD_JPY"": 20007}","{""EUR_USD"": -17136, ""GBP_USD"": -14922, ""USD_JPY"": 20008}","{""EUR_USD"": -1, ""GBP_USD"": -2, ""USD_JPY"": 1}","{""mode"": ""historical_replay"", ""filled"": true, ""instrument"": ""USD_JPY"", ""units"": 1, ""timestamp_utc"": ""2026-04-09 14:48:00+00:00""}"
2026-04-09 14:49:00+00:00,HISTORICAL_REPLAY_FILL,EUR_USD,-1,100042.03808326996,True,"{""EURUSD"": -1.0, ""GBPUSD"": -1.0, ""USDJPY"": 1.0}","{""EURUSD"": -0.3333333333333333, ""GBPUSD"": -0.3333333333333333, ""USDJPY"": 0.3333333333333333}","{""EUR_USD"": -17136, ""GBP_USD"": -14922, ""USD_JPY"": 20008}","{""EUR_USD"": -17137, ""GBP_USD"": -14923, ""USD_JPY"": 20008}","{""EUR_USD"": -1, ""GBP_USD"": -1}","{""mode"": ""historical_replay"", ""filled"": true, ""instrument"": ""EUR_USD"", ""units"": -1, ""timestamp_utc"": ""2026-04-09 14:49:00+00:00""}"
2026-04-09 14:49:00+00:00,HISTORICAL_REPLAY_FILL,GBP_USD,-1,100042.03808326996,True,"{""EURUSD"": -1.0, ""GBPUSD"": -1.0, ""USDJPY"": 1.0}","{""EURUSD"": -0.3333333333333333, ""GBPUSD"": -0.3333333333333333, ""USDJPY"": 0.3333333333333333}","{""EUR_USD"": -17137, ""GBP_USD"": -14922, ""USD_JPY"": 20008}","{""EUR_USD"": -17137, ""GBP_USD"": -14923, ""USD_JPY"": 20008}","{""EUR_USD"": -1, ""GBP_USD"": -1}","{""mode"": ""historical_replay"", ""filled"": true, ""instrument"": ""GBP_USD"", ""units"": -1, ""timestamp_utc"": ""2026-04-09 14:49:00+00:00""}"
2026-04-09 14:50:00+00:00,HISTORICAL_REPLAY_FILL,EUR_USD,1,100040.69131618603,True,"{""EURUSD"": -1.0, ""GBPUSD"": -1.0, ""USDJPY"": 1.0}","{""EURUSD"": -0.3333333333333333, ""GBPUSD"": -0.3333333333333333, ""USDJPY"": 0.3333333333333333}","{""EUR_USD"": -17137, ""GBP_USD"": -14923, ""USD_JPY"": 20008}","{""EUR_USD"": -17136, ""GBP_USD"": -14921, ""USD_JPY"": 20008}","{""EUR_USD"": 1, ""GBP_USD"": 2}","{""mode"": ""historical_replay"", ""filled"": true, ""instrument"": ""EUR_USD"", ""units"": 1, ""timestamp_utc"": ""2026-04-09 14:50:00+00:00""}"
2026-04-09 14:50:00+00:00,HISTORICAL_REPLAY_FILL,GBP_USD,2,100040.69131618603,True,"{""EURUSD"": -1.0, ""GBPUSD"": -1.0, ""USDJPY"": 1.0}","{""EURUSD"": -0.3333333333333333, ""GBPUSD"": -0.3333333333333333, ""USDJPY"": 0.3333333333333333}","{""EUR_USD"": -17136, ""GBP_USD"": -14923, ""USD_JPY"": 20008}","{""EUR_USD"": -17136, ""GBP_USD"": -14921, ""USD_JPY"": 20008}","{""EUR_USD"": 1, ""GBP_USD"": 2}","{""mode"": ""historical_replay"", ""filled"": true, ""instrument"": ""GBP_USD"", ""units"": 2, ""timestamp_utc"": ""2026-04-09 14:50:00+00:00""}"
2026-04-09 14:51:00+00:00,HISTORICAL_REPLAY_FILL,EUR_USD,1,100039.72960618603,True,"{""EURUSD"": -1.0, ""GBPUSD"": -1.0, ""USDJPY"": 1.0}","{""EURUSD"": -0.3333333333333333, ""GBPUSD"": -0.3333333333333333, ""USDJPY"": 0.3333333333333333}","{""EUR_USD"": -17136, ""GBP_USD"": -14921, ""USD_JPY"": 20008}","{""EUR_USD"": -17135, ""GBP_USD"": -14920, ""USD_JPY"": 20007}","{""EUR_USD"": 1, ""GBP_USD"": 1, ""USD_JPY"": -1}","{""mode"": ""historical_replay"", ""filled"": true, ""instrument"": ""EUR_USD"", ""units"": 1, ""timestamp_utc"": ""2026-04-09 14:51:00+00:00""}"
2026-04-09 14:51:00+00:00,HISTORICAL_REPLAY_FILL,GBP_USD,1,100039.72960618603,True,"{""EURUSD"": -1.0, ""GBPUSD"": -1.0, ""USDJPY"": 1.0}","{""EURUSD"": -0.3333333333333333, ""GBPUSD"": -0.3333333333333333, ""USDJPY"": 0.3333333333333333}","{""EUR_USD"": -17135, ""GBP_USD"": -14921, ""USD_JPY"": 20008}","{""EUR_USD"": -17135, ""GBP_USD"": -14920, ""USD_JPY"": 20007}","{""EUR_USD"": 1, ""GBP_USD"": 1, ""USD_JPY"": -1}","{""mode"": ""historical_replay"", ""filled"": true, ""instrument"": ""GBP_USD"", ""units"": 1, ""timestamp_utc"": ""2026-04-09 14:51:00+00:00""}"
2026-04-09 14:51:00+00:00,HISTORICAL_REPLAY_FILL,USD_JPY,-1,100039.72960618603,True,"{""EURUSD"": -1.0, ""GBPUSD"": -1.0, ""USDJPY"": 1.0}","{""EURUSD"": -0.3333333333333333, ""GBPUSD"": -0.3333333333333333, ""USDJPY"": 0.3333333333333333}","{""EUR_USD"": -17135, ""GBP_USD"": -14920, ""USD_JPY"": 20008}","{""EUR_USD"": -17135, ""GBP_USD"": -14920, ""USD_JPY"": 20007}","{""EUR_USD"": 1, ""GBP_USD"": 1, ""USD_JPY"": -1}","{""mode"": ""historical_replay"", ""filled"": true, ""instrument"": ""USD_JPY"", ""units"": -1, ""timestamp_utc"": ""2026-04-09 14:51:00+00:00""}"
2026-04-09 14:52:00+00:00,HISTORICAL_REPLAY_FILL,EUR_USD,-2,100045.1201530522,True,"{""EURUSD"": -1.0, ""GBPUSD"": -1.0, ""USDJPY"": 1.0}","{""EURUSD"": -0.3333333333333333, ""GBPUSD"": -0.3333333333333333, ""USDJPY"": 0.3333333333333333}","{""EUR_USD"": -17135, ""GBP_USD"": -14920, ""USD_JPY"": 20007}","{""EUR_USD"": -17137, ""GBP_USD"": -14925, ""USD_JPY"": 20009}","{""EUR_USD"": -2, ""GBP_USD"": -5, ""USD_JPY"": 2}","{""mode"": ""historical_replay"", ""filled"": true, ""instrument"": ""EUR_USD"", ""units"": -2, ""timestamp_utc"": ""2026-04-09 14:52:00+00:00""}"
2026-04-09 14:52:00+00:00,HISTORICAL_REPLAY_FILL,GBP_USD,-5,100045.1201530522,True,"{""EURUSD"": -1.0, ""GBPUSD"": -1.0, ""USDJPY"": 1.0}","{""EURUSD"": -0.3333333333333333, ""GBPUSD"": -0.3333333333333333, ""USDJPY"": 0.3333333333333333}","{""EUR_USD"": -17137, ""GBP_USD"": -14920, ""USD_JPY"": 20007}","{""EUR_USD"": -17137, ""GBP_USD"": -14925, ""USD_JPY"": 20009}","{""EUR_USD"": -2, ""GBP_USD"": -5, ""USD_JPY"": 2}","{""mode"": ""historical_replay"", ""filled"": true, ""instrument"": ""GBP_USD"", ""units"": -5, ""timestamp_utc"": ""2026-04-09 14:52:00+00:00""}"
2026-04-09 14:52:00+00:00,HISTORICAL_REPLAY_FILL,USD_JPY,2,100045.1201530522,True,"{""EURUSD"": -1.0, ""GBPUSD"": -1.0, ""USDJPY"": 1.0}","{""EURUSD"": -0.3333333333333333, ""GBPUSD"": -0.3333333333333333, ""USDJPY"": 0.3333333333333333}","{""EUR_USD"": -17137, ""GBP_USD"": -14925, ""USD_JPY"": 20007}","{""EUR_USD"": -17137, ""GBP_USD"": -14925, ""USD_JPY"": 20009}","{""EUR_USD"": -2, ""GBP_USD"": -5, ""USD_JPY"": 2}","{""mode"": ""historical_replay"", ""filled"": true, ""instrument"": ""USD_JPY"", ""units"": 2, ""timestamp_utc"": ""2026-04-09 14:52:00+00:00""}"
2026-04-09 14:53:00+00:00,HISTORICAL_REPLAY_FILL,EUR_USD,1,100044.9045430522,True,"{""EURUSD"": -1.0, ""GBPUSD"": -1.0, ""USDJPY"": 1.0}","{""EURUSD"": -0.3333333333333333, ""GBPUSD"": -0.3333333333333333, ""USDJPY"": 0.3333333333333333}","{""EUR_USD"": -17137, ""GBP_USD"": -14925, ""USD_JPY"": 20009}","{""EUR_USD"": -17136, ""GBP_USD"": -14925, ""USD_JPY"": 20008}","{""EUR_USD"": 1, ""USD_JPY"": -1}","{""mode"": ""historical_replay"", ""filled"": true, ""instrument"": ""EUR_USD"", ""units"": 1, ""timestamp_utc"": ""2026-04-09 14:53:00+00:00""}"
2026-04-09 14:53:00+00:00,HISTORICAL_REPLAY_FILL,USD_JPY,-1,100044.9045430522,True,"{""EURUSD"": -1.0, ""GBPUSD"": -1.0, ""USDJPY"": 1.0}","{""EURUSD"": -0.3333333333333333, ""GBPUSD"": -0.3333333333333333, ""USDJPY"": 0.3333333333333333}","{""EUR_USD"": -17136, ""GBP_USD"": -14925, ""USD_JPY"": 20009}","{""EUR_USD"": -17136, ""GBP_USD"": -14925, ""USD_JPY"": 20008}","{""EUR_USD"": 1, ""USD_JPY"": -1}","{""mode"": ""historical_replay"", ""filled"": true, ""instrument"": ""USD_JPY"", ""units"": -1, ""timestamp_utc"": ""2026-04-09 14:53:00+00:00""}"
2026-04-09 14:54:00+00:00,HISTORICAL_REPLAY_FILL,EUR_USD,1,100042.59245697637,True,"{""EURUSD"": -1.0, ""GBPUSD"": -1.0, ""USDJPY"": 1.0}","{""EURUSD"": -0.3333333333333333, ""GBPUSD"": -0.3333333333333333, ""USDJPY"": 0.3333333333333333}","{""EUR_USD"": -17136, ""GBP_USD"": -14925, ""USD_JPY"": 20008}","{""EUR_USD"": -17135, ""GBP_USD"": -14924, ""USD_JPY"": 20008}","{""EUR_USD"": 1, ""GBP_USD"": 1}","{""mode"": ""historical_replay"", ""filled"": true, ""instrument"": ""EUR_USD"", ""units"": 1, ""timestamp_utc"": ""2026-04-09 14:54:00+00:00""}"
2026-04-09 14:54:00+00:00,HISTORICAL_REPLAY_FILL,GBP_USD,1,100042.59245697637,True,"{""EURUSD"": -1.0, ""GBPUSD"": -1.0, ""USDJPY"": 1.0}","{""EURUSD"": -0.3333333333333333, ""GBPUSD"": -0.3333333333333333, ""USDJPY"": 0.3333333333333333}","{""EUR_USD"": -17135, ""GBP_USD"": -14925, ""USD_JPY"": 20008}","{""EUR_USD"": -17135, ""GBP_USD"": -14924, ""USD_JPY"": 20008}","{""EUR_USD"": 1, ""GBP_USD"": 1}","{""mode"": ""historical_replay"", ""filled"": true, ""instrument"": ""GBP_USD"", ""units"": 1, ""timestamp_utc"": ""2026-04-09 14:54:00+00:00""}"
2026-04-09 14:55:00+00:00,HISTORICAL_REPLAY_FILL,EUR_USD,7,100027.11583750724,True,"{""EURUSD"": -1.0, ""GBPUSD"": -1.0, ""USDJPY"": 1.0}","{""EURUSD"": -0.3333333333333333, ""GBPUSD"": -0.3333333333333333, ""USDJPY"": 0.3333333333333333}","{""EUR_USD"": -17135, ""GBP_USD"": -14924, ""USD_JPY"": 20008}","{""EUR_USD"": -17128, ""GBP_USD"": -14915, ""USD_JPY"": 20005}","{""EUR_USD"": 7, ""GBP_USD"": 9, ""USD_JPY"": -3}","{""mode"": ""historical_replay"", ""filled"": true, ""instrument"": ""EUR_USD"", ""units"": 7, ""timestamp_utc"": ""2026-04-09 14:55:00+00:00""}"
2026-04-09 14:55:00+00:00,HISTORICAL_REPLAY_FILL,GBP_USD,9,100027.11583750724,True,"{""EURUSD"": -1.0, ""GBPUSD"": -1.0, ""USDJPY"": 1.0}","{""EURUSD"": -0.3333333333333333, ""GBPUSD"": -0.3333333333333333, ""USDJPY"": 0.3333333333333333}","{""EUR_USD"": -17128, ""GBP_USD"": -14924, ""USD_JPY"": 20008}","{""EUR_USD"": -17128, ""GBP_USD"": -14915, ""USD_JPY"": 20005}","{""EUR_USD"": 7, ""GBP_USD"": 9, ""USD_JPY"": -3}","{""mode"": ""historical_replay"", ""filled"": true, ""instrument"": ""GBP_USD"", ""units"": 9, ""timestamp_utc"": ""2026-04-09 14:55:00+00:00""}"
2026-04-09 14:55:00+00:00,HISTORICAL_REPLAY_FILL,USD_JPY,-3,100027.11583750724,True,"{""EURUSD"": -1.0, ""GBPUSD"": -1.0, ""USDJPY"": 1.0}","{""EURUSD"": -0.3333333333333333, ""GBPUSD"": -0.3333333333333333, ""USDJPY"": 0.3333333333333333}","{""EUR_USD"": -17128, ""GBP_USD"": -14915, ""USD_JPY"": 20008}","{""EUR_USD"": -17128, ""GBP_USD"": -14915, ""USD_JPY"": 20005}","{""EUR_USD"": 7, ""GBP_USD"": 9, ""USD_JPY"": -3}","{""mode"": ""historical_replay"", ""filled"": true, ""instrument"": ""USD_JPY"", ""units"": -3, ""timestamp_utc"": ""2026-04-09 14:55:00+00:00""}"
2026-04-09 14:56:00+00:00,HISTORICAL_REPLAY_FILL,EUR_USD,7,100012.79930379595,True,"{""EURUSD"": -1.0, ""GBPUSD"": -1.0, ""USDJPY"": 1.0}","{""EURUSD"": -0.3333333333333333, ""GBPUSD"": -0.3333333333333333, ""USDJPY"": 0.3333333333333333}","{""EUR_USD"": -17128, ""GBP_USD"": -14915, ""USD_JPY"": 20005}","{""EUR_USD"": -17121, ""GBP_USD"": -14908, ""USD_JPY"": 20002}","{""EUR_USD"": 7, ""GBP_USD"": 7, ""USD_JPY"": -3}","{""mode"": ""historical_replay"", ""filled"": true, ""instrument"": ""EUR_USD"", ""units"": 7, ""timestamp_utc"": ""2026-04-09 14:56:00+00:00""}"
2026-04-09 14:56:00+00:00,HISTORICAL_REPLAY_FILL,GBP_USD,7,100012.79930379595,True,"{""EURUSD"": -1.0, ""GBPUSD"": -1.0, ""USDJPY"": 1.0}","{""EURUSD"": -0.3333333333333333, ""GBPUSD"": -0.3333333333333333, ""USDJPY"": 0.3333333333333333}","{""EUR_USD"": -17121, ""GBP_USD"": -14915, ""USD_JPY"": 20005}","{""EUR_USD"": -17121, ""GBP_USD"": -14908, ""USD_JPY"": 20002}","{""EUR_USD"": 7, ""GBP_USD"": 7, ""USD_JPY"": -3}","{""mode"": ""historical_replay"", ""filled"": true, ""instrument"": ""GBP_USD"", ""units"": 7, ""timestamp_utc"": ""2026-04-09 14:56:00+00:00""}"
2026-04-09 14:56:00+00:00,HISTORICAL_REPLAY_FILL,USD_JPY,-3,100012.79930379595,True,"{""EURUSD"": -1.0, ""GBPUSD"": -1.0, ""USDJPY"": 1.0}","{""EURUSD"": -0.3333333333333333, ""GBPUSD"": -0.3333333333333333, ""USDJPY"": 0.3333333333333333}","{""EUR_USD"": -17121, ""GBP_USD"": -14908, ""USD_JPY"": 20005}","{""EUR_USD"": -17121, ""GBP_USD"": -14908, ""USD_JPY"": 20002}","{""EUR_USD"": 7, ""GBP_USD"": 7, ""USD_JPY"": -3}","{""mode"": ""historical_replay"", ""filled"": true, ""instrument"": ""USD_JPY"", ""units"": -3, ""timestamp_utc"": ""2026-04-09 14:56:00+00:00""}"
2026-04-09 14:57:00+00:00,HISTORICAL_REPLAY_FILL,EUR_USD,-1,100021.0775319033,True,"{""EURUSD"": -1.0, ""GBPUSD"": -1.0, ""USDJPY"": 1.0}","{""EURUSD"": -0.3333333333333333, ""GBPUSD"": -0.3333333333333333, ""USDJPY"": 0.3333333333333333}","{""EUR_USD"": -17121, ""GBP_USD"": -14908, ""USD_JPY"": 20002}","{""EUR_USD"": -17122, ""GBP_USD"": -14913, ""USD_JPY"": 20004}","{""EUR_USD"": -1, ""GBP_USD"": -5, ""USD_JPY"": 2}","{""mode"": ""historical_replay"", ""filled"": true, ""instrument"": ""EUR_USD"", ""units"": -1, ""timestamp_utc"": ""2026-04-09 14:57:00+00:00""}"
2026-04-09 14:57:00+00:00,HISTORICAL_REPLAY_FILL,GBP_USD,-5,100021.0775319033,True,"{""EURUSD"": -1.0, ""GBPUSD"": -1.0, ""USDJPY"": 1.0}","{""EURUSD"": -0.3333333333333333, ""GBPUSD"": -0.3333333333333333, ""USDJPY"": 0.3333333333333333}","{""EUR_USD"": -17122, ""GBP_USD"": -14908, ""USD_JPY"": 20002}","{""EUR_USD"": -17122, ""GBP_USD"": -14913, ""USD_JPY"": 20004}","{""EUR_USD"": -1, ""GBP_USD"": -5, ""USD_JPY"": 2}","{""mode"": ""historical_replay"", ""filled"": true, ""instrument"": ""GBP_USD"", ""units"": -5, ""timestamp_utc"": ""2026-04-09 14:57:00+00:00""}"
2026-04-09 14:57:00+00:00,HISTORICAL_REPLAY_FILL,USD_JPY,2,100021.0775319033,True,"{""EURUSD"": -1.0, ""GBPUSD"": -1.0, ""USDJPY"": 1.0}","{""EURUSD"": -0.3333333333333333, ""GBPUSD"": -0.3333333333333333, ""USDJPY"": 0.3333333333333333}","{""EUR_USD"": -17122, ""GBP_USD"": -14913, ""USD_JPY"": 20002}","{""EUR_USD"": -17122, ""GBP_USD"": -14913, ""USD_JPY"": 20004}","{""EUR_USD"": -1, ""GBP_USD"": -5, ""USD_JPY"": 2}","{""mode"": ""historical_replay"", ""filled"": true, ""instrument"": ""USD_JPY"", ""units"": 2, ""timestamp_utc"": ""2026-04-09 14:57:00+00:00""}"
2026-04-09 14:58:00+00:00,HISTORICAL_REPLAY_FILL,EUR_USD,4,100013.37956152191,True,"{""EURUSD"": -1.0, ""GBPUSD"": -1.0, ""USDJPY"": 1.0}","{""EURUSD"": -0.3333333333333333, ""GBPUSD"": -0.3333333333333333, ""USDJPY"": 0.3333333333333333}","{""EUR_USD"": -17122, ""GBP_USD"": -14913, ""USD_JPY"": 20004}","{""EUR_USD"": -17118, ""GBP_USD"": -14910, ""USD_JPY"": 20002}","{""EUR_USD"": 4, ""GBP_USD"": 3, ""USD_JPY"": -2}","{""mode"": ""historical_replay"", ""filled"": true, ""instrument"": ""EUR_USD"", ""units"": 4, ""timestamp_utc"": ""2026-04-09 14:58:00+00:00""}"
2026-04-09 14:58:00+00:00,HISTORICAL_REPLAY_FILL,GBP_USD,3,100013.37956152191,True,"{""EURUSD"": -1.0, ""GBPUSD"": -1.0, ""USDJPY"": 1.0}","{""EURUSD"": -0.3333333333333333, ""GBPUSD"": -0.3333333333333333, ""USDJPY"": 0.3333333333333333}","{""EUR_USD"": -17118, ""GBP_USD"": -14913, ""USD_JPY"": 20004}","{""EUR_USD"": -17118, ""GBP_USD"": -14910, ""USD_JPY"": 20002}","{""EUR_USD"": 4, ""GBP_USD"": 3, ""USD_JPY"": -2}","{""mode"": ""historical_replay"", ""filled"": true, ""instrument"": ""GBP_USD"", ""units"": 3, ""timestamp_utc"": ""2026-04-09 14:58:00+00:00""}"
2026-04-09 14:58:00+00:00,HISTORICAL_REPLAY_FILL,USD_JPY,-2,100013.37956152191,True,"{""EURUSD"": -1.0, ""GBPUSD"": -1.0, ""USDJPY"": 1.0}","{""EURUSD"": -0.3333333333333333, ""GBPUSD"": -0.3333333333333333, ""USDJPY"": 0.3333333333333333}","{""EUR_USD"": -17118, ""GBP_USD"": -14910, ""USD_JPY"": 20004}","{""EUR_USD"": -17118, ""GBP_USD"": -14910, ""USD_JPY"": 20002}","{""EUR_USD"": 4, ""GBP_USD"": 3, ""USD_JPY"": -2}","{""mode"": ""historical_replay"", ""filled"": true, ""instrument"": ""USD_JPY"", ""units"": -2, ""timestamp_utc"": ""2026-04-09 14:58:00+00:00""}"
2026-04-09 15:00:00+00:00,HISTORICAL_REPLAY_FILL,EUR_USD,2,100008.5278485648,True,"{""EURUSD"": -1.0, ""GBPUSD"": -1.0, ""USDJPY"": 1.0}","{""EURUSD"": -0.3333333333333333, ""GBPUSD"": -0.3333333333333333, ""USDJPY"": 0.3333333333333333}","{""EUR_USD"": -17118, ""GBP_USD"": -14910, ""USD_JPY"": 20002}","{""EUR_USD"": -17116, ""GBP_USD"": -14909, ""USD_JPY"": 20001}","{""EUR_USD"": 2, ""GBP_USD"": 1, ""USD_JPY"": -1}","{""mode"": ""historical_replay"", ""filled"": true, ""instrument"": ""EUR_USD"", ""units"": 2, ""timestamp_utc"": ""2026-04-09 15:00:00+00:00""}"
2026-04-09 15:00:00+00:00,HISTORICAL_REPLAY_FILL,GBP_USD,1,100008.5278485648,True,"{""EURUSD"": -1.0, ""GBPUSD"": -1.0, ""USDJPY"": 1.0}","{""EURUSD"": -0.3333333333333333, ""GBPUSD"": -0.3333333333333333, ""USDJPY"": 0.3333333333333333}","{""EUR_USD"": -17116, ""GBP_USD"": -14910, ""USD_JPY"": 20002}","{""EUR_USD"": -17116, ""GBP_USD"": -14909, ""USD_JPY"": 20001}","{""EUR_USD"": 2, ""GBP_USD"": 1, ""USD_JPY"": -1}","{""mode"": ""historical_replay"", ""filled"": true, ""instrument"": ""GBP_USD"", ""units"": 1, ""timestamp_utc"": ""2026-04-09 15:00:00+00:00""}"
2026-04-09 15:00:00+00:00,HISTORICAL_REPLAY_FILL,USD_JPY,-1,100008.5278485648,True,"{""EURUSD"": -1.0, ""GBPUSD"": -1.0, ""USDJPY"": 1.0}","{""EURUSD"": -0.3333333333333333, ""GBPUSD"": -0.3333333333333333, ""USDJPY"": 0.3333333333333333}","{""EUR_USD"": -17116, ""GBP_USD"": -14909, ""USD_JPY"": 20002}","{""EUR_USD"": -17116, ""GBP_USD"": -14909, ""USD_JPY"": 20001}","{""EUR_USD"": 2, ""GBP_USD"": 1, ""USD_JPY"": -1}","{""mode"": ""historical_replay"", ""filled"": true, ""instrument"": ""USD_JPY"", ""units"": -1, ""timestamp_utc"": ""2026-04-09 15:00:00+00:00""}"
2026-04-09 15:01:00+00:00,HISTORICAL_REPLAY_FILL,EUR_USD,-3,100015.40258457205,True,"{""EURUSD"": -1.0, ""GBPUSD"": -1.0, ""USDJPY"": 1.0}","{""EURUSD"": -0.3333333333333333, ""GBPUSD"": -0.3333333333333333, ""USDJPY"": 0.3333333333333333}","{""EUR_USD"": -17116, ""GBP_USD"": -14909, ""USD_JPY"": 20001}","{""EUR_USD"": -17119, ""GBP_USD"": -14912, ""USD_JPY"": 20003}","{""EUR_USD"": -3, ""GBP_USD"": -3, ""USD_JPY"": 2}","{""mode"": ""historical_replay"", ""filled"": true, ""instrument"": ""EUR_USD"", ""units"": -3, ""timestamp_utc"": ""2026-04-09 15:01:00+00:00""}"
2026-04-09 15:01:00+00:00,HISTORICAL_REPLAY_FILL,GBP_USD,-3,100015.40258457205,True,"{""EURUSD"": -1.0, ""GBPUSD"": -1.0, ""USDJPY"": 1.0}","{""EURUSD"": -0.3333333333333333, ""GBPUSD"": -0.3333333333333333, ""USDJPY"": 0.3333333333333333}","{""EUR_USD"": -17119, ""GBP_USD"": -14909, ""USD_JPY"": 20001}","{""EUR_USD"": -17119, ""GBP_USD"": -14912, ""USD_JPY"": 20003}","{""EUR_USD"": -3, ""GBP_USD"": -3, ""USD_JPY"": 2}","{""mode"": ""historical_replay"", ""filled"": true, ""instrument"": ""GBP_USD"", ""units"": -3, ""timestamp_utc"": ""2026-04-09 15:01:00+00:00""}"
2026-04-09 15:01:00+00:00,HISTORICAL_REPLAY_FILL,USD_JPY,2,100015.40258457205,True,"{""EURUSD"": -1.0, ""GBPUSD"": -1.0, ""USDJPY"": 1.0}","{""EURUSD"": -0.3333333333333333, ""GBPUSD"": -0.3333333333333333, ""USDJPY"": 0.3333333333333333}","{""EUR_USD"": -17119, ""GBP_USD"": -14912, ""USD_JPY"": 20001}","{""EUR_USD"": -17119, ""GBP_USD"": -14912, ""USD_JPY"": 20003}","{""EUR_USD"": -3, ""GBP_USD"": -3, ""USD_JPY"": 2}","{""mode"": ""historical_replay"", ""filled"": true, ""instrument"": ""USD_JPY"", ""units"": 2, ""timestamp_utc"": ""2026-04-09 15:01:00+00:00""}"
2026-04-09 15:02:00+00:00,HISTORICAL_REPLAY_FILL,EUR_USD,-3,100021.48571128528,True,"{""EURUSD"": -1.0, ""GBPUSD"": -1.0, ""USDJPY"": 1.0}","{""EURUSD"": -0.3333333333333333, ""GBPUSD"": -0.3333333333333333, ""USDJPY"": 0.3333333333333333}","{""EUR_USD"": -17119, ""GBP_USD"": -14912, ""USD_JPY"": 20003}","{""EUR_USD"": -17122, ""GBP_USD"": -14915, ""USD_JPY"": 20004}","{""EUR_USD"": -3, ""GBP_USD"": -3, ""USD_JPY"": 1}","{""mode"": ""historical_replay"", ""filled"": true, ""instrument"": ""EUR_USD"", ""units"": -3, ""timestamp_utc"": ""2026-04-09 15:02:00+00:00""}"
2026-04-09 15:02:00+00:00,HISTORICAL_REPLAY_FILL,GBP_USD,-3,100021.48571128528,True,"{""EURUSD"": -1.0, ""GBPUSD"": -1.0, ""USDJPY"": 1.0}","{""EURUSD"": -0.3333333333333333, ""GBPUSD"": -0.3333333333333333, ""USDJPY"": 0.3333333333333333}","{""EUR_USD"": -17122, ""GBP_USD"": -14912, ""USD_JPY"": 20003}","{""EUR_USD"": -17122, ""GBP_USD"": -14915, ""USD_JPY"": 20004}","{""EUR_USD"": -3, ""GBP_USD"": -3, ""USD_JPY"": 1}","{""mode"": ""historical_replay"", ""filled"": true, ""instrument"": ""GBP_USD"", ""units"": -3, ""timestamp_utc"": ""2026-04-09 15:02:00+00:00""}"
2026-04-09 15:02:00+00:00,HISTORICAL_REPLAY_FILL,USD_JPY,1,100021.48571128528,True,"{""EURUSD"": -1.0, ""GBPUSD"": -1.0, ""USDJPY"": 1.0}","{""EURUSD"": -0.3333333333333333, ""GBPUSD"": -0.3333333333333333, ""USDJPY"": 0.3333333333333333}","{""EUR_USD"": -17122, ""GBP_USD"": -14915, ""USD_JPY"": 20003}","{""EUR_USD"": -17122, ""GBP_USD"": -14915, ""USD_JPY"": 20004}","{""EUR_USD"": -3, ""GBP_USD"": -3, ""USD_JPY"": 1}","{""mode"": ""historical_replay"", ""filled"": true, ""instrument"": ""USD_JPY"", ""units"": 1, ""timestamp_utc"": ""2026-04-09 15:02:00+00:00""}"
2026-04-09 15:03:00+00:00,HISTORICAL_REPLAY_FILL,EUR_USD,-5,100032.14846231838,True,"{""EURUSD"": -1.0, ""GBPUSD"": -1.0, ""USDJPY"": 1.0}","{""EURUSD"": -0.3333333333333333, ""GBPUSD"": -0.3333333333333333, ""USDJPY"": 0.3333333333333333}","{""EUR_USD"": -17122, ""GBP_USD"": -14915, ""USD_JPY"": 20004}","{""EUR_USD"": -17127, ""GBP_USD"": -14920, ""USD_JPY"": 20006}","{""EUR_USD"": -5, ""GBP_USD"": -5, ""USD_JPY"": 2}","{""mode"": ""historical_replay"", ""filled"": true, ""instrument"": ""EUR_USD"", ""units"": -5, ""timestamp_utc"": ""2026-04-09 15:03:00+00:00""}"
2026-04-09 15:03:00+00:00,HISTORICAL_REPLAY_FILL,GBP_USD,-5,100032.14846231838,True,"{""EURUSD"": -1.0, ""GBPUSD"": -1.0, ""USDJPY"": 1.0}","{""EURUSD"": -0.3333333333333333, ""GBPUSD"": -0.3333333333333333, ""USDJPY"": 0.3333333333333333}","{""EUR_USD"": -17127, ""GBP_USD"": -14915, ""USD_JPY"": 20004}","{""EUR_USD"": -17127, ""GBP_USD"": -14920, ""USD_JPY"": 20006}","{""EUR_USD"": -5, ""GBP_USD"": -5, ""USD_JPY"": 2}","{""mode"": ""historical_replay"", ""filled"": true, ""instrument"": ""GBP_USD"", ""units"": -5, ""timestamp_utc"": ""2026-04-09 15:03:00+00:00""}"
2026-04-09 15:03:00+00:00,HISTORICAL_REPLAY_FILL,USD_JPY,2,100032.14846231838,True,"{""EURUSD"": -1.0, ""GBPUSD"": -1.0, ""USDJPY"": 1.0}","{""EURUSD"": -0.3333333333333333, ""GBPUSD"": -0.3333333333333333, ""USDJPY"": 0.3333333333333333}","{""EUR_USD"": -17127, ""GBP_USD"": -14920, ""USD_JPY"": 20004}","{""EUR_USD"": -17127, ""GBP_USD"": -14920, ""USD_JPY"": 20006}","{""EUR_USD"": -5, ""GBP_USD"": -5, ""USD_JPY"": 2}","{""mode"": ""historical_replay"", ""filled"": true, ""instrument"": ""USD_JPY"", ""units"": 2, ""timestamp_utc"": ""2026-04-09 15:03:00+00:00""}"
2026-04-09 15:04:00+00:00,HISTORICAL_REPLAY_FILL,EUR_USD,2,100029.6802678161,True,"{""EURUSD"": -1.0, ""GBPUSD"": -1.0, ""USDJPY"": 1.0}","{""EURUSD"": -0.3333333333333333, ""GBPUSD"": -0.3333333333333333, ""USDJPY"": 0.3333333333333333}","{""EUR_USD"": -17127, ""GBP_USD"": -14920, ""USD_JPY"": 20006}","{""EUR_USD"": -17125, ""GBP_USD"": -14918, ""USD_JPY"": 20005}","{""EUR_USD"": 2, ""GBP_USD"": 2, ""USD_JPY"": -1}","{""mode"": ""historical_replay"", ""filled"": true, ""instrument"": ""EUR_USD"", ""units"": 2, ""timestamp_utc"": ""2026-04-09 15:04:00+00:00""}"
2026-04-09 15:04:00+00:00,HISTORICAL_REPLAY_FILL,GBP_USD,2,100029.6802678161,True,"{""EURUSD"": -1.0, ""GBPUSD"": -1.0, ""USDJPY"": 1.0}","{""EURUSD"": -0.3333333333333333, ""GBPUSD"": -0.3333333333333333, ""USDJPY"": 0.3333333333333333}","{""EUR_USD"": -17125, ""GBP_USD"": -14920, ""USD_JPY"": 20006}","{""EUR_USD"": -17125, ""GBP_USD"": -14918, ""USD_JPY"": 20005}","{""EUR_USD"": 2, ""GBP_USD"": 2, ""USD_JPY"": -1}","{""mode"": ""historical_replay"", ""filled"": true, ""instrument"": ""GBP_USD"", ""units"": 2, ""timestamp_utc"": ""2026-04-09 15:04:00+00:00""}"
2026-04-09 15:04:00+00:00,HISTORICAL_REPLAY_FILL,USD_JPY,-1,100029.6802678161,True,"{""EURUSD"": -1.0, ""GBPUSD"": -1.0, ""USDJPY"": 1.0}","{""EURUSD"": -0.3333333333333333, ""GBPUSD"": -0.3333333333333333, ""USDJPY"": 0.3333333333333333}","{""EUR_USD"": -17125, ""GBP_USD"": -14918, ""USD_JPY"": 20006}","{""EUR_USD"": -17125, ""GBP_USD"": -14918, ""USD_JPY"": 20005}","{""EUR_USD"": 2, ""GBP_USD"": 2, ""USD_JPY"": -1}","{""mode"": ""historical_replay"", ""filled"": true, ""instrument"": ""USD_JPY"", ""units"": -1, ""timestamp_utc"": ""2026-04-09 15:04:00+00:00""}"
2026-04-09 15:05:00+00:00,HISTORICAL_REPLAY_FILL,USD_JPY,1,100030.4040978161,True,"{""EURUSD"": -1.0, ""GBPUSD"": -1.0, ""USDJPY"": 1.0}","{""EURUSD"": -0.3333333333333333, ""GBPUSD"": -0.3333333333333333, ""USDJPY"": 0.3333333333333333}","{""EUR_USD"": -17125, ""GBP_USD"": -14918, ""USD_JPY"": 20005}","{""EUR_USD"": -17125, ""GBP_USD"": -14918, ""USD_JPY"": 20006}","{""USD_JPY"": 1}","{""mode"": ""historical_replay"", ""filled"": true, ""instrument"": ""USD_JPY"", ""units"": 1, ""timestamp_utc"": ""2026-04-09 15:05:00+00:00""}"
2026-04-09 15:06:00+00:00,HISTORICAL_REPLAY_FILL,EUR_USD,2,100027.34106277196,True,"{""EURUSD"": -1.0, ""GBPUSD"": -1.0, ""USDJPY"": 1.0}","{""EURUSD"": -0.3333333333333333, ""GBPUSD"": -0.3333333333333333, ""USDJPY"": 0.3333333333333333}","{""EUR_USD"": -17125, ""GBP_USD"": -14918, ""USD_JPY"": 20006}","{""EUR_USD"": -17123, ""GBP_USD"": -14917, ""USD_JPY"": 20005}","{""EUR_USD"": 2, ""GBP_USD"": 1, ""USD_JPY"": -1}","{""mode"": ""historical_replay"", ""filled"": true, ""instrument"": ""EUR_USD"", ""units"": 2, ""timestamp_utc"": ""2026-04-09 15:06:00+00:00""}"
2026-04-09 15:06:00+00:00,HISTORICAL_REPLAY_FILL,GBP_USD,1,100027.34106277196,True,"{""EURUSD"": -1.0, ""GBPUSD"": -1.0, ""USDJPY"": 1.0}","{""EURUSD"": -0.3333333333333333, ""GBPUSD"": -0.3333333333333333, ""USDJPY"": 0.3333333333333333}","{""EUR_USD"": -17123, ""GBP_USD"": -14918, ""USD_JPY"": 20006}","{""EUR_USD"": -17123, ""GBP_USD"": -14917, ""USD_JPY"": 20005}","{""EUR_USD"": 2, ""GBP_USD"": 1, ""USD_JPY"": -1}","{""mode"": ""historical_replay"", ""filled"": true, ""instrument"": ""GBP_USD"", ""units"": 1, ""timestamp_utc"": ""2026-04-09 15:06:00+00:00""}"
2026-04-09 15:06:00+00:00,HISTORICAL_REPLAY_FILL,USD_JPY,-1,100027.34106277196,True,"{""EURUSD"": -1.0, ""GBPUSD"": -1.0, ""USDJPY"": 1.0}","{""EURUSD"": -0.3333333333333333, ""GBPUSD"": -0.3333333333333333, ""USDJPY"": 0.3333333333333333}","{""EUR_USD"": -17123, ""GBP_USD"": -14917, ""USD_JPY"": 20006}","{""EUR_USD"": -17123, ""GBP_USD"": -14917, ""USD_JPY"": 20005}","{""EUR_USD"": 2, ""GBP_USD"": 1, ""USD_JPY"": -1}","{""mode"": ""historical_replay"", ""filled"": true, ""instrument"": ""USD_JPY"", ""units"": -1, ""timestamp_utc"": ""2026-04-09 15:06:00+00:00""}"
2026-04-09 15:07:00+00:00,HISTORICAL_REPLAY_FILL,EUR_USD,-5,100036.55083104098,True,"{""EURUSD"": -1.0, ""GBPUSD"": -1.0, ""USDJPY"": 1.0}","{""EURUSD"": -0.3333333333333333, ""GBPUSD"": -0.3333333333333333, ""USDJPY"": 0.3333333333333333}","{""EUR_USD"": -17123, ""GBP_USD"": -14917, ""USD_JPY"": 20005}","{""EUR_USD"": -17128, ""GBP_USD"": -14922, ""USD_JPY"": 20007}","{""EUR_USD"": -5, ""GBP_USD"": -5, ""USD_JPY"": 2}","{""mode"": ""historical_replay"", ""filled"": true, ""instrument"": ""EUR_USD"", ""units"": -5, ""timestamp_utc"": ""2026-04-09 15:07:00+00:00""}"
2026-04-09 15:07:00+00:00,HISTORICAL_REPLAY_FILL,GBP_USD,-5,100036.55083104098,True,"{""EURUSD"": -1.0, ""GBPUSD"": -1.0, ""USDJPY"": 1.0}","{""EURUSD"": -0.3333333333333333, ""GBPUSD"": -0.3333333333333333, ""USDJPY"": 0.3333333333333333}","{""EUR_USD"": -17128, ""GBP_USD"": -14917, ""USD_JPY"": 20005}","{""EUR_USD"": -17128, ""GBP_USD"": -14922, ""USD_JPY"": 20007}","{""EUR_USD"": -5, ""GBP_USD"": -5, ""USD_JPY"": 2}","{""mode"": ""historical_replay"", ""filled"": true, ""instrument"": ""GBP_USD"", ""units"": -5, ""timestamp_utc"": ""2026-04-09 15:07:00+00:00""}"
2026-04-09 15:07:00+00:00,HISTORICAL_REPLAY_FILL,USD_JPY,2,100036.55083104098,True,"{""EURUSD"": -1.0, ""GBPUSD"": -1.0, ""USDJPY"": 1.0}","{""EURUSD"": -0.3333333333333333, ""GBPUSD"": -0.3333333333333333, ""USDJPY"": 0.3333333333333333}","{""EUR_USD"": -17128, ""GBP_USD"": -14922, ""USD_JPY"": 20005}","{""EUR_USD"": -17128, ""GBP_USD"": -14922, ""USD_JPY"": 20007}","{""EUR_USD"": -5, ""GBP_USD"": -5, ""USD_JPY"": 2}","{""mode"": ""historical_replay"", ""filled"": true, ""instrument"": ""USD_JPY"", ""units"": 2, ""timestamp_utc"": ""2026-04-09 15:07:00+00:00""}"
2026-04-09 15:08:00+00:00,HISTORICAL_REPLAY_FILL,EUR_USD,-2,100038.66197815907,True,"{""EURUSD"": -1.0, ""GBPUSD"": -1.0, ""USDJPY"": 1.0}","{""EURUSD"": -0.3333333333333333, ""GBPUSD"": -0.3333333333333333, ""USDJPY"": 0.3333333333333333}","{""EUR_USD"": -17128, ""GBP_USD"": -14922, ""USD_JPY"": 20007}","{""EUR_USD"": -17130, ""GBP_USD"": -14922, ""USD_JPY"": 20007}","{""EUR_USD"": -2}","{""mode"": ""historical_replay"", ""filled"": true, ""instrument"": ""EUR_USD"", ""units"": -2, ""timestamp_utc"": ""2026-04-09 15:08:00+00:00""}"
2026-04-09 15:09:00+00:00,HISTORICAL_REPLAY_FILL,EUR_USD,-2,100040.95640951925,True,"{""EURUSD"": -1.0, ""GBPUSD"": -1.0, ""USDJPY"": 1.0}","{""EURUSD"": -0.3333333333333333, ""GBPUSD"": -0.3333333333333333, ""USDJPY"": 0.3333333333333333}","{""EUR_USD"": -17130, ""GBP_USD"": -14922, ""USD_JPY"": 20007}","{""EUR_USD"": -17132, ""GBP_USD"": -14924, ""USD_JPY"": 20008}","{""EUR_USD"": -2, ""GBP_USD"": -2, ""USD_JPY"": 1}","{""mode"": ""historical_replay"", ""filled"": true, ""instrument"": ""EUR_USD"", ""units"": -2, ""timestamp_utc"": ""2026-04-09 15:09:00+00:00""}"
2026-04-09 15:09:00+00:00,HISTORICAL_REPLAY_FILL,GBP_USD,-2,100040.95640951925,True,"{""EURUSD"": -1.0, ""GBPUSD"": -1.0, ""USDJPY"": 1.0}","{""EURUSD"": -0.3333333333333333, ""GBPUSD"": -0.3333333333333333, ""USDJPY"": 0.3333333333333333}","{""EUR_USD"": -17132, ""GBP_USD"": -14922, ""USD_JPY"": 20007}","{""EUR_USD"": -17132, ""GBP_USD"": -14924, ""USD_JPY"": 20008}","{""EUR_USD"": -2, ""GBP_USD"": -2, ""USD_JPY"": 1}","{""mode"": ""historical_replay"", ""filled"": true, ""instrument"": ""GBP_USD"", ""units"": -2, ""timestamp_utc"": ""2026-04-09 15:09:00+00:00""}"
2026-04-09 15:09:00+00:00,HISTORICAL_REPLAY_FILL,USD_JPY,1,100040.95640951925,True,"{""EURUSD"": -1.0, ""GBPUSD"": -1.0, ""USDJPY"": 1.0}","{""EURUSD"": -0.3333333333333333, ""GBPUSD"": -0.3333333333333333, ""USDJPY"": 0.3333333333333333}","{""EUR_USD"": -17132, ""GBP_USD"": -14924, ""USD_JPY"": 20007}","{""EUR_USD"": -17132, ""GBP_USD"": -14924, ""USD_JPY"": 20008}","{""EUR_USD"": -2, ""GBP_USD"": -2, ""USD_JPY"": 1}","{""mode"": ""historical_replay"", ""filled"": true, ""instrument"": ""USD_JPY"", ""units"": 1, ""timestamp_utc"": ""2026-04-09 15:09:00+00:00""}"
2026-04-09 15:10:00+00:00,HISTORICAL_REPLAY_FILL,EUR_USD,2,100036.72820951925,True,"{""EURUSD"": -1.0, ""GBPUSD"": -1.0, ""USDJPY"": 1.0}","{""EURUSD"": -0.3333333333333333, ""GBPUSD"": -0.3333333333333333, ""USDJPY"": 0.3333333333333333}","{""EUR_USD"": -17132, ""GBP_USD"": -14924, ""USD_JPY"": 20008}","{""EUR_USD"": -17130, ""GBP_USD"": -14921, ""USD_JPY"": 20007}","{""EUR_USD"": 2, ""GBP_USD"": 3, ""USD_JPY"": -1}","{""mode"": ""historical_replay"", ""filled"": true, ""instrument"": ""EUR_USD"", ""units"": 2, ""timestamp_utc"": ""2026-04-09 15:10:00+00:00""}"
2026-04-09 15:10:00+00:00,HISTORICAL_REPLAY_FILL,GBP_USD,3,100036.72820951925,True,"{""EURUSD"": -1.0, ""GBPUSD"": -1.0, ""USDJPY"": 1.0}","{""EURUSD"": -0.3333333333333333, ""GBPUSD"": -0.3333333333333333, ""USDJPY"": 0.3333333333333333}","{""EUR_USD"": -17130, ""GBP_USD"": -14924, ""USD_JPY"": 20008}","{""EUR_USD"": -17130, ""GBP_USD"": -14921, ""USD_JPY"": 20007}","{""EUR_USD"": 2, ""GBP_USD"": 3, ""USD_JPY"": -1}","{""mode"": ""historical_replay"", ""filled"": true, ""instrument"": ""GBP_USD"", ""units"": 3, ""timestamp_utc"": ""2026-04-09 15:10:00+00:00""}"
2026-04-09 15:10:00+00:00,HISTORICAL_REPLAY_FILL,USD_JPY,-1,100036.72820951925,True,"{""EURUSD"": -1.0, ""GBPUSD"": -1.0, ""USDJPY"": 1.0}","{""EURUSD"": -0.3333333333333333, ""GBPUSD"": -0.3333333333333333, ""USDJPY"": 0.3333333333333333}","{""EUR_USD"": -17130, ""GBP_USD"": -14921, ""USD_JPY"": 20008}","{""EUR_USD"": -17130, ""GBP_USD"": -14921, ""USD_JPY"": 20007}","{""EUR_USD"": 2, ""GBP_USD"": 3, ""USD_JPY"": -1}","{""mode"": ""historical_replay"", ""filled"": true, ""instrument"": ""USD_JPY"", ""units"": -1, ""timestamp_utc"": ""2026-04-09 15:10:00+00:00""}"
2026-04-09 15:11:00+00:00,HISTORICAL_REPLAY_FILL,EUR_USD,34263,100047.5529588206,True,"{""EURUSD"": 1.0, ""GBPUSD"": -1.0, ""USDJPY"": 1.0}","{""EURUSD"": 0.3333333333333333, ""GBPUSD"": -0.3333333333333333, ""USDJPY"": 0.3333333333333333}","{""EUR_USD"": -17130, ""GBP_USD"": -14921, ""USD_JPY"": 20007}","{""EUR_USD"": 17133, ""GBP_USD"": -14926, ""USD_JPY"": 20009}","{""EUR_USD"": 34263, ""GBP_USD"": -5, ""USD_JPY"": 2}","{""mode"": ""historical_replay"", ""filled"": true, ""instrument"": ""EUR_USD"", ""units"": 34263, ""timestamp_utc"": ""2026-04-09 15:11:00+00:00""}"
2026-04-09 15:11:00+00:00,HISTORICAL_REPLAY_FILL,GBP_USD,-5,100047.5529588206,True,"{""EURUSD"": 1.0, ""GBPUSD"": -1.0, ""USDJPY"": 1.0}","{""EURUSD"": 0.3333333333333333, ""GBPUSD"": -0.3333333333333333, ""USDJPY"": 0.3333333333333333}","{""EUR_USD"": 17133, ""GBP_USD"": -14921, ""USD_JPY"": 20007}","{""EUR_USD"": 17133, ""GBP_USD"": -14926, ""USD_JPY"": 20009}","{""EUR_USD"": 34263, ""GBP_USD"": -5, ""USD_JPY"": 2}","{""mode"": ""historical_replay"", ""filled"": true, ""instrument"": ""GBP_USD"", ""units"": -5, ""timestamp_utc"": ""2026-04-09 15:11:00+00:00""}"
2026-04-09 15:11:00+00:00,HISTORICAL_REPLAY_FILL,USD_JPY,2,100047.5529588206,True,"{""EURUSD"": 1.0, ""GBPUSD"": -1.0, ""USDJPY"": 1.0}","{""EURUSD"": 0.3333333333333333, ""GBPUSD"": -0.3333333333333333, ""USDJPY"": 0.3333333333333333}","{""EUR_USD"": 17133, ""GBP_USD"": -14926, ""USD_JPY"": 20007}","{""EUR_USD"": 17133, ""GBP_USD"": -14926, ""USD_JPY"": 20009}","{""EUR_USD"": 34263, ""GBP_USD"": -5, ""USD_JPY"": 2}","{""mode"": ""historical_replay"", ""filled"": true, ""instrument"": ""USD_JPY"", ""units"": 2, ""timestamp_utc"": ""2026-04-09 15:11:00+00:00""}"
2026-04-09 15:13:00+00:00,HISTORICAL_REPLAY_FILL,EUR_USD,-3,100050.96269042834,True,"{""EURUSD"": 1.0, ""GBPUSD"": -1.0, ""USDJPY"": 1.0}","{""EURUSD"": 0.3333333333333333, ""GBPUSD"": -0.3333333333333333, ""USDJPY"": 0.3333333333333333}","{""EUR_USD"": 17133, ""GBP_USD"": -14926, ""USD_JPY"": 20009}","{""EUR_USD"": 17130, ""GBP_USD"": -14926, ""USD_JPY"": 20010}","{""EUR_USD"": -3, ""USD_JPY"": 1}","{""mode"": ""historical_replay"", ""filled"": true, ""instrument"": ""EUR_USD"", ""units"": -3, ""timestamp_utc"": ""2026-04-09 15:13:00+00:00""}"
2026-04-09 15:13:00+00:00,HISTORICAL_REPLAY_FILL,USD_JPY,1,100050.96269042834,True,"{""EURUSD"": 1.0, ""GBPUSD"": -1.0, ""USDJPY"": 1.0}","{""EURUSD"": 0.3333333333333333, ""GBPUSD"": -0.3333333333333333, ""USDJPY"": 0.3333333333333333}","{""EUR_USD"": 17130, ""GBP_USD"": -14926, ""USD_JPY"": 20009}","{""EUR_USD"": 17130, ""GBP_USD"": -14926, ""USD_JPY"": 20010}","{""EUR_USD"": -3, ""USD_JPY"": 1}","{""mode"": ""historical_replay"", ""filled"": true, ""instrument"": ""USD_JPY"", ""units"": 1, ""timestamp_utc"": ""2026-04-09 15:13:00+00:00""}"
2026-04-09 15:14:00+00:00,HISTORICAL_REPLAY_FILL,EUR_USD,-5,100048.30358683794,True,"{""EURUSD"": 1.0, ""GBPUSD"": -1.0, ""USDJPY"": 1.0}","{""EURUSD"": 0.3333333333333333, ""GBPUSD"": -0.3333333333333333, ""USDJPY"": 0.3333333333333333}","{""EUR_USD"": 17130, ""GBP_USD"": -14926, ""USD_JPY"": 20010}","{""EUR_USD"": 17125, ""GBP_USD"": -14921, ""USD_JPY"": 20009}","{""EUR_USD"": -5, ""GBP_USD"": 5, ""USD_JPY"": -1}","{""mode"": ""historical_replay"", ""filled"": true, ""instrument"": ""EUR_USD"", ""units"": -5, ""timestamp_utc"": ""2026-04-09 15:14:00+00:00""}"
2026-04-09 15:14:00+00:00,HISTORICAL_REPLAY_FILL,GBP_USD,5,100048.30358683794,True,"{""EURUSD"": 1.0, ""GBPUSD"": -1.0, ""USDJPY"": 1.0}","{""EURUSD"": 0.3333333333333333, ""GBPUSD"": -0.3333333333333333, ""USDJPY"": 0.3333333333333333}","{""EUR_USD"": 17125, ""GBP_USD"": -14926, ""USD_JPY"": 20010}","{""EUR_USD"": 17125, ""GBP_USD"": -14921, ""USD_JPY"": 20009}","{""EUR_USD"": -5, ""GBP_USD"": 5, ""USD_JPY"": -1}","{""mode"": ""historical_replay"", ""filled"": true, ""instrument"": ""GBP_USD"", ""units"": 5, ""timestamp_utc"": ""2026-04-09 15:14:00+00:00""}"
2026-04-09 15:14:00+00:00,HISTORICAL_REPLAY_FILL,USD_JPY,-1,100048.30358683794,True,"{""EURUSD"": 1.0, ""GBPUSD"": -1.0, ""USDJPY"": 1.0}","{""EURUSD"": 0.3333333333333333, ""GBPUSD"": -0.3333333333333333, ""USDJPY"": 0.3333333333333333}","{""EUR_USD"": 17125, ""GBP_USD"": -14921, ""USD_JPY"": 20010}","{""EUR_USD"": 17125, ""GBP_USD"": -14921, ""USD_JPY"": 20009}","{""EUR_USD"": -5, ""GBP_USD"": 5, ""USD_JPY"": -1}","{""mode"": ""historical_replay"", ""filled"": true, ""instrument"": ""USD_JPY"", ""units"": -1, ""timestamp_utc"": ""2026-04-09 15:14:00+00:00""}"
2026-04-09 15:15:00+00:00,HISTORICAL_REPLAY_FILL,EUR_USD,-8,100039.74548578267,True,"{""EURUSD"": 1.0, ""GBPUSD"": -1.0, ""USDJPY"": 1.0}","{""EURUSD"": 0.3333333333333333, ""GBPUSD"": -0.3333333333333333, ""USDJPY"": 0.3333333333333333}","{""EUR_USD"": 17125, ""GBP_USD"": -14921, ""USD_JPY"": 20009}","{""EUR_USD"": 17117, ""GBP_USD"": -14913, ""USD_JPY"": 20007}","{""EUR_USD"": -8, ""GBP_USD"": 8, ""USD_JPY"": -2}","{""mode"": ""historical_replay"", ""filled"": true, ""instrument"": ""EUR_USD"", ""units"": -8, ""timestamp_utc"": ""2026-04-09 15:15:00+00:00""}"
2026-04-09 15:15:00+00:00,HISTORICAL_REPLAY_FILL,GBP_USD,8,100039.74548578267,True,"{""EURUSD"": 1.0, ""GBPUSD"": -1.0, ""USDJPY"": 1.0}","{""EURUSD"": 0.3333333333333333, ""GBPUSD"": -0.3333333333333333, ""USDJPY"": 0.3333333333333333}","{""EUR_USD"": 17117, ""GBP_USD"": -14921, ""USD_JPY"": 20009}","{""EUR_USD"": 17117, ""GBP_USD"": -14913, ""USD_JPY"": 20007}","{""EUR_USD"": -8, ""GBP_USD"": 8, ""USD_JPY"": -2}","{""mode"": ""historical_replay"", ""filled"": true, ""instrument"": ""GBP_USD"", ""units"": 8, ""timestamp_utc"": ""2026-04-09 15:15:00+00:00""}"
2026-04-09 15:15:00+00:00,HISTORICAL_REPLAY_FILL,USD_JPY,-2,100039.74548578267,True,"{""EURUSD"": 1.0, ""GBPUSD"": -1.0, ""USDJPY"": 1.0}","{""EURUSD"": 0.3333333333333333, ""GBPUSD"": -0.3333333333333333, ""USDJPY"": 0.3333333333333333}","{""EUR_USD"": 17117, ""GBP_USD"": -14913, ""USD_JPY"": 20009}","{""EUR_USD"": 17117, ""GBP_USD"": -14913, ""USD_JPY"": 20007}","{""EUR_USD"": -8, ""GBP_USD"": 8, ""USD_JPY"": -2}","{""mode"": ""historical_replay"", ""filled"": true, ""instrument"": ""USD_JPY"", ""units"": -2, ""timestamp_utc"": ""2026-04-09 15:15:00+00:00""}"
2026-04-09 15:16:00+00:00,HISTORICAL_REPLAY_FILL,EUR_USD,1,100040.21261803668,True,"{""EURUSD"": 1.0, ""GBPUSD"": -1.0, ""USDJPY"": 1.0}","{""EURUSD"": 0.3333333333333333, ""GBPUSD"": -0.3333333333333333, ""USDJPY"": 0.3333333333333333}","{""EUR_USD"": 17117, ""GBP_USD"": -14913, ""USD_JPY"": 20007}","{""EUR_USD"": 17118, ""GBP_USD"": -14913, ""USD_JPY"": 20008}","{""EUR_USD"": 1, ""USD_JPY"": 1}","{""mode"": ""historical_replay"", ""filled"": true, ""instrument"": ""EUR_USD"", ""units"": 1, ""timestamp_utc"": ""2026-04-09 15:16:00+00:00""}"
2026-04-09 15:16:00+00:00,HISTORICAL_REPLAY_FILL,USD_JPY,1,100040.21261803668,True,"{""EURUSD"": 1.0, ""GBPUSD"": -1.0, ""USDJPY"": 1.0}","{""EURUSD"": 0.3333333333333333, ""GBPUSD"": -0.3333333333333333, ""USDJPY"": 0.3333333333333333}","{""EUR_USD"": 17118, ""GBP_USD"": -14913, ""USD_JPY"": 20007}","{""EUR_USD"": 17118, ""GBP_USD"": -14913, ""USD_JPY"": 20008}","{""EUR_USD"": 1, ""USD_JPY"": 1}","{""mode"": ""historical_replay"", ""filled"": true, ""instrument"": ""USD_JPY"", ""units"": 1, ""timestamp_utc"": ""2026-04-09 15:16:00+00:00""}"
2026-04-09 15:17:00+00:00,HISTORICAL_REPLAY_FILL,EUR_USD,-5,100038.32326970175,True,"{""EURUSD"": 1.0, ""GBPUSD"": -1.0, ""USDJPY"": 1.0}","{""EURUSD"": 0.3333333333333333, ""GBPUSD"": -0.3333333333333333, ""USDJPY"": 0.3333333333333333}","{""EUR_USD"": 17118, ""GBP_USD"": -14913, ""USD_JPY"": 20008}","{""EUR_USD"": 17113, ""GBP_USD"": -14911, ""USD_JPY"": 20007}","{""EUR_USD"": -5, ""GBP_USD"": 2, ""USD_JPY"": -1}","{""mode"": ""historical_replay"", ""filled"": true, ""instrument"": ""EUR_USD"", ""units"": -5, ""timestamp_utc"": ""2026-04-09 15:17:00+00:00""}"
2026-04-09 15:17:00+00:00,HISTORICAL_REPLAY_FILL,GBP_USD,2,100038.32326970175,True,"{""EURUSD"": 1.0, ""GBPUSD"": -1.0, ""USDJPY"": 1.0}","{""EURUSD"": 0.3333333333333333, ""GBPUSD"": -0.3333333333333333, ""USDJPY"": 0.3333333333333333}","{""EUR_USD"": 17113, ""GBP_USD"": -14913, ""USD_JPY"": 20008}","{""EUR_USD"": 17113, ""GBP_USD"": -14911, ""USD_JPY"": 20007}","{""EUR_USD"": -5, ""GBP_USD"": 2, ""USD_JPY"": -1}","{""mode"": ""historical_replay"", ""filled"": true, ""instrument"": ""GBP_USD"", ""units"": 2, ""timestamp_utc"": ""2026-04-09 15:17:00+00:00""}"
2026-04-09 15:17:00+00:00,HISTORICAL_REPLAY_FILL,USD_JPY,-1,100038.32326970175,True,"{""EURUSD"": 1.0, ""GBPUSD"": -1.0, ""USDJPY"": 1.0}","{""EURUSD"": 0.3333333333333333, ""GBPUSD"": -0.3333333333333333, ""USDJPY"": 0.3333333333333333}","{""EUR_USD"": 17113, ""GBP_USD"": -14911, ""USD_JPY"": 20008}","{""EUR_USD"": 17113, ""GBP_USD"": -14911, ""USD_JPY"": 20007}","{""EUR_USD"": -5, ""GBP_USD"": 2, ""USD_JPY"": -1}","{""mode"": ""historical_replay"", ""filled"": true, ""instrument"": ""USD_JPY"", ""units"": -1, ""timestamp_utc"": ""2026-04-09 15:17:00+00:00""}"
2026-04-09 15:18:00+00:00,HISTORICAL_REPLAY_FILL,EUR_USD,-5706,100031.25878327819,False,"{""EURUSD"": 1.0, ""GBPUSD"": -1.0, ""USDJPY"": 1.0}","{""EURUSD"": 0.3333333333333333, ""GBPUSD"": -0.3333333333333333, ""USDJPY"": 0.3333333333333333}","{""EUR_USD"": 17113, ""GBP_USD"": -14911, ""USD_JPY"": 20007}","{""EUR_USD"": 11407, ""GBP_USD"": -9936, ""USD_JPY"": 13337}","{""EUR_USD"": -5706, ""GBP_USD"": 4975, ""USD_JPY"": -6670}","{""mode"": ""historical_replay"", ""filled"": true, ""instrument"": ""EUR_USD"", ""units"": -5706, ""timestamp_utc"": ""2026-04-09 15:18:00+00:00""}"
2026-04-09 15:18:00+00:00,HISTORICAL_REPLAY_FILL,GBP_USD,4975,100031.25878327819,False,"{""EURUSD"": 1.0, ""GBPUSD"": -1.0, ""USDJPY"": 1.0}","{""EURUSD"": 0.3333333333333333, ""GBPUSD"": -0.3333333333333333, ""USDJPY"": 0.3333333333333333}","{""EUR_USD"": 11407, ""GBP_USD"": -14911, ""USD_JPY"": 20007}","{""EUR_USD"": 11407, ""GBP_USD"": -9936, ""USD_JPY"": 13337}","{""EUR_USD"": -5706, ""GBP_USD"": 4975, ""USD_JPY"": -6670}","{""mode"": ""historical_replay"", ""filled"": true, ""instrument"": ""GBP_USD"", ""units"": 4975, ""timestamp_utc"": ""2026-04-09 15:18:00+00:00""}"
2026-04-09 15:18:00+00:00,HISTORICAL_REPLAY_FILL,USD_JPY,-6670,100031.25878327819,False,"{""EURUSD"": 1.0, ""GBPUSD"": -1.0, ""USDJPY"": 1.0}","{""EURUSD"": 0.3333333333333333, ""GBPUSD"": -0.3333333333333333, ""USDJPY"": 0.3333333333333333}","{""EUR_USD"": 11407, ""GBP_USD"": -9936, ""USD_JPY"": 20007}","{""EUR_USD"": 11407, ""GBP_USD"": -9936, ""USD_JPY"": 13337}","{""EUR_USD"": -5706, ""GBP_USD"": 4975, ""USD_JPY"": -6670}","{""mode"": ""historical_replay"", ""filled"": true, ""instrument"": ""USD_JPY"", ""units"": -6670, ""timestamp_utc"": ""2026-04-09 15:18:00+00:00""}"
2026-04-09 15:19:00+00:00,HISTORICAL_REPLAY_FILL,EUR_USD,-1,100028.66279896208,False,"{""EURUSD"": 1.0, ""GBPUSD"": -1.0, ""USDJPY"": 1.0}","{""EURUSD"": 0.3333333333333333, ""GBPUSD"": -0.3333333333333333, ""USDJPY"": 0.3333333333333333}","{""EUR_USD"": 11407, ""GBP_USD"": -9936, ""USD_JPY"": 13337}","{""EUR_USD"": 11406, ""GBP_USD"": -9934, ""USD_JPY"": 13337}","{""EUR_USD"": -1, ""GBP_USD"": 2}","{""mode"": ""historical_replay"", ""filled"": true, ""instrument"": ""EUR_USD"", ""units"": -1, ""timestamp_utc"": ""2026-04-09 15:19:00+00:00""}"
2026-04-09 15:19:00+00:00,HISTORICAL_REPLAY_FILL,GBP_USD,2,100028.66279896208,False,"{""EURUSD"": 1.0, ""GBPUSD"": -1.0, ""USDJPY"": 1.0}","{""EURUSD"": 0.3333333333333333, ""GBPUSD"": -0.3333333333333333, ""USDJPY"": 0.3333333333333333}","{""EUR_USD"": 11406, ""GBP_USD"": -9936, ""USD_JPY"": 13337}","{""EUR_USD"": 11406, ""GBP_USD"": -9934, ""USD_JPY"": 13337}","{""EUR_USD"": -1, ""GBP_USD"": 2}","{""mode"": ""historical_replay"", ""filled"": true, ""instrument"": ""GBP_USD"", ""units"": 2, ""timestamp_utc"": ""2026-04-09 15:19:00+00:00""}"
2026-04-09 15:20:00+00:00,HISTORICAL_REPLAY_FILL,EUR_USD,-3,100030.634136195,False,"{""EURUSD"": 1.0, ""GBPUSD"": -1.0, ""USDJPY"": 1.0}","{""EURUSD"": 0.3333333333333333, ""GBPUSD"": -0.3333333333333333, ""USDJPY"": 0.3333333333333333}","{""EUR_USD"": 11406, ""GBP_USD"": -9934, ""USD_JPY"": 13337}","{""EUR_USD"": 11403, ""GBP_USD"": -9933, ""USD_JPY"": 13337}","{""EUR_USD"": -3, ""GBP_USD"": 1}","{""mode"": ""historical_replay"", ""filled"": true, ""instrument"": ""EUR_USD"", ""units"": -3, ""timestamp_utc"": ""2026-04-09 15:20:00+00:00""}"
2026-04-09 15:20:00+00:00,HISTORICAL_REPLAY_FILL,GBP_USD,1,100030.634136195,False,"{""EURUSD"": 1.0, ""GBPUSD"": -1.0, ""USDJPY"": 1.0}","{""EURUSD"": 0.3333333333333333, ""GBPUSD"": -0.3333333333333333, ""USDJPY"": 0.3333333333333333}","{""EUR_USD"": 11403, ""GBP_USD"": -9934, ""USD_JPY"": 13337}","{""EUR_USD"": 11403, ""GBP_USD"": -9933, ""USD_JPY"": 13337}","{""EUR_USD"": -3, ""GBP_USD"": 1}","{""mode"": ""historical_replay"", ""filled"": true, ""instrument"": ""GBP_USD"", ""units"": 1, ""timestamp_utc"": ""2026-04-09 15:20:00+00:00""}"
2026-04-09 15:22:00+00:00,HISTORICAL_REPLAY_FILL,EUR_USD,-1,100033.03302384319,False,"{""EURUSD"": 1.0, ""GBPUSD"": -1.0, ""USDJPY"": 1.0}","{""EURUSD"": 0.3333333333333333, ""GBPUSD"": -0.3333333333333333, ""USDJPY"": 0.3333333333333333}","{""EUR_USD"": 11403, ""GBP_USD"": -9933, ""USD_JPY"": 13337}","{""EUR_USD"": 11402, ""GBP_USD"": -9932, ""USD_JPY"": 13337}","{""EUR_USD"": -1, ""GBP_USD"": 1}","{""mode"": ""historical_replay"", ""filled"": true, ""instrument"": ""EUR_USD"", ""units"": -1, ""timestamp_utc"": ""2026-04-09 15:22:00+00:00""}"
2026-04-09 15:22:00+00:00,HISTORICAL_REPLAY_FILL,GBP_USD,1,100033.03302384319,False,"{""EURUSD"": 1.0, ""GBPUSD"": -1.0, ""USDJPY"": 1.0}","{""EURUSD"": 0.3333333333333333, ""GBPUSD"": -0.3333333333333333, ""USDJPY"": 0.3333333333333333}","{""EUR_USD"": 11402, ""GBP_USD"": -9933, ""USD_JPY"": 13337}","{""EUR_USD"": 11402, ""GBP_USD"": -9932, ""USD_JPY"": 13337}","{""EUR_USD"": -1, ""GBP_USD"": 1}","{""mode"": ""historical_replay"", ""filled"": true, ""instrument"": ""GBP_USD"", ""units"": 1, ""timestamp_utc"": ""2026-04-09 15:22:00+00:00""}"
2026-04-09 15:23:00+00:00,HISTORICAL_REPLAY_FILL,EUR_USD,-2,100034.25610006556,False,"{""EURUSD"": 1.0, ""GBPUSD"": 1.0, ""USDJPY"": 1.0}","{""EURUSD"": 0.3333333333333333, ""GBPUSD"": 0.3333333333333333, ""USDJPY"": 0.3333333333333333}","{""EUR_USD"": 11402, ""GBP_USD"": -9932, ""USD_JPY"": 13337}","{""EUR_USD"": 11400, ""GBP_USD"": 9932, ""USD_JPY"": 13337}","{""EUR_USD"": -2, ""GBP_USD"": 19864}","{""mode"": ""historical_replay"", ""filled"": true, ""instrument"": ""EUR_USD"", ""units"": -2, ""timestamp_utc"": ""2026-04-09 15:23:00+00:00""}"
2026-04-09 15:23:00+00:00,HISTORICAL_REPLAY_FILL,GBP_USD,19864,100034.25610006556,False,"{""EURUSD"": 1.0, ""GBPUSD"": 1.0, ""USDJPY"": 1.0}","{""EURUSD"": 0.3333333333333333, ""GBPUSD"": 0.3333333333333333, ""USDJPY"": 0.3333333333333333}","{""EUR_USD"": 11400, ""GBP_USD"": -9932, ""USD_JPY"": 13337}","{""EUR_USD"": 11400, ""GBP_USD"": 9932, ""USD_JPY"": 13337}","{""EUR_USD"": -2, ""GBP_USD"": 19864}","{""mode"": ""historical_replay"", ""filled"": true, ""instrument"": ""GBP_USD"", ""units"": 19864, ""timestamp_utc"": ""2026-04-09 15:23:00+00:00""}"
2026-04-09 15:25:00+00:00,HISTORICAL_REPLAY_FILL,EUR_USD,1,100030.56414955432,False,"{""EURUSD"": 1.0, ""GBPUSD"": 1.0, ""USDJPY"": 1.0}","{""EURUSD"": 0.3333333333333333, ""GBPUSD"": 0.3333333333333333, ""USDJPY"": 0.3333333333333333}","{""EUR_USD"": 11400, ""GBP_USD"": 9932, ""USD_JPY"": 13337}","{""EUR_USD"": 11401, ""GBP_USD"": 9932, ""USD_JPY"": 13337}","{""EUR_USD"": 1}","{""mode"": ""historical_replay"", ""filled"": true, ""instrument"": ""EUR_USD"", ""units"": 1, ""timestamp_utc"": ""2026-04-09 15:25:00+00:00""}"
2026-04-09 15:26:00+00:00,HISTORICAL_REPLAY_FILL,GBP_USD,1,100029.06810296835,False,"{""EURUSD"": 1.0, ""GBPUSD"": 1.0, ""USDJPY"": 1.0}","{""EURUSD"": 0.3333333333333333, ""GBPUSD"": 0.3333333333333333, ""USDJPY"": 0.3333333333333333}","{""EUR_USD"": 11401, ""GBP_USD"": 9932, ""USD_JPY"": 13337}","{""EUR_USD"": 11401, ""GBP_USD"": 9933, ""USD_JPY"": 13337}","{""GBP_USD"": 1}","{""mode"": ""historical_replay"", ""filled"": true, ""instrument"": ""GBP_USD"", ""units"": 1, ""timestamp_utc"": ""2026-04-09 15:26:00+00:00""}"
2026-04-09 15:27:00+00:00,HISTORICAL_REPLAY_FILL,GBP_USD,1,100025.37533265815,False,"{""EURUSD"": 1.0, ""GBPUSD"": 1.0, ""USDJPY"": 1.0}","{""EURUSD"": 0.3333333333333333, ""GBPUSD"": 0.3333333333333333, ""USDJPY"": 0.3333333333333333}","{""EUR_USD"": 11401, ""GBP_USD"": 9933, ""USD_JPY"": 13337}","{""EUR_USD"": 11401, ""GBP_USD"": 9934, ""USD_JPY"": 13336}","{""GBP_USD"": 1, ""USD_JPY"": -1}","{""mode"": ""historical_replay"", ""filled"": true, ""instrument"": ""GBP_USD"", ""units"": 1, ""timestamp_utc"": ""2026-04-09 15:27:00+00:00""}"
2026-04-09 15:27:00+00:00,HISTORICAL_REPLAY_FILL,USD_JPY,-1,100025.37533265815,False,"{""EURUSD"": 1.0, ""GBPUSD"": 1.0, ""USDJPY"": 1.0}","{""EURUSD"": 0.3333333333333333, ""GBPUSD"": 0.3333333333333333, ""USDJPY"": 0.3333333333333333}","{""EUR_USD"": 11401, ""GBP_USD"": 9934, ""USD_JPY"": 13337}","{""EUR_USD"": 11401, ""GBP_USD"": 9934, ""USD_JPY"": 13336}","{""GBP_USD"": 1, ""USD_JPY"": -1}","{""mode"": ""historical_replay"", ""filled"": true, ""instrument"": ""USD_JPY"", ""units"": -1, ""timestamp_utc"": ""2026-04-09 15:27:00+00:00""}"
2026-04-09 15:28:00+00:00,HISTORICAL_REPLAY_FILL,EUR_USD,2,100021.53702579443,False,"{""EURUSD"": 1.0, ""GBPUSD"": 1.0, ""USDJPY"": -1.0}","{""EURUSD"": 0.3333333333333333, ""GBPUSD"": 0.3333333333333333, ""USDJPY"": -0.3333333333333333}","{""EUR_USD"": 11401, ""GBP_USD"": 9934, ""USD_JPY"": 13336}","{""EUR_USD"": 11403, ""GBP_USD"": 9935, ""USD_JPY"": -13336}","{""EUR_USD"": 2, ""GBP_USD"": 1, ""USD_JPY"": -26672}","{""mode"": ""historical_replay"", ""filled"": true, ""instrument"": ""EUR_USD"", ""units"": 2, ""timestamp_utc"": ""2026-04-09 15:28:00+00:00""}"
2026-04-09 15:28:00+00:00,HISTORICAL_REPLAY_FILL,GBP_USD,1,100021.53702579443,False,"{""EURUSD"": 1.0, ""GBPUSD"": 1.0, ""USDJPY"": -1.0}","{""EURUSD"": 0.3333333333333333, ""GBPUSD"": 0.3333333333333333, ""USDJPY"": -0.3333333333333333}","{""EUR_USD"": 11403, ""GBP_USD"": 9934, ""USD_JPY"": 13336}","{""EUR_USD"": 11403, ""GBP_USD"": 9935, ""USD_JPY"": -13336}","{""EUR_USD"": 2, ""GBP_USD"": 1, ""USD_JPY"": -26672}","{""mode"": ""historical_replay"", ""filled"": true, ""instrument"": ""GBP_USD"", ""units"": 1, ""timestamp_utc"": ""2026-04-09 15:28:00+00:00""}"
2026-04-09 15:28:00+00:00,HISTORICAL_REPLAY_FILL,USD_JPY,-26672,100021.53702579443,False,"{""EURUSD"": 1.0, ""GBPUSD"": 1.0, ""USDJPY"": -1.0}","{""EURUSD"": 0.3333333333333333, ""GBPUSD"": 0.3333333333333333, ""USDJPY"": -0.3333333333333333}","{""EUR_USD"": 11403, ""GBP_USD"": 9935, ""USD_JPY"": 13336}","{""EUR_USD"": 11403, ""GBP_USD"": 9935, ""USD_JPY"": -13336}","{""EUR_USD"": 2, ""GBP_USD"": 1, ""USD_JPY"": -26672}","{""mode"": ""historical_replay"", ""filled"": true, ""instrument"": ""USD_JPY"", ""units"": -26672, ""timestamp_utc"": ""2026-04-09 15:28:00+00:00""}"
2026-04-09 15:30:00+00:00,HISTORICAL_REPLAY_FILL,GBP_USD,-1,100021.35847617718,False,"{""EURUSD"": 1.0, ""GBPUSD"": 1.0, ""USDJPY"": -1.0}","{""EURUSD"": 0.3333333333333333, ""GBPUSD"": 0.3333333333333333, ""USDJPY"": -0.3333333333333333}","{""EUR_USD"": 11403, ""GBP_USD"": 9935, ""USD_JPY"": -13336}","{""EUR_USD"": 11403, ""GBP_USD"": 9934, ""USD_JPY"": -13336}","{""GBP_USD"": -1}","{""mode"": ""historical_replay"", ""filled"": true, ""instrument"": ""GBP_USD"", ""units"": -1, ""timestamp_utc"": ""2026-04-09 15:30:00+00:00""}"
2026-04-09 15:31:00+00:00,HISTORICAL_REPLAY_FILL,GBP_USD,-1,100024.76802567592,False,"{""EURUSD"": 1.0, ""GBPUSD"": 1.0, ""USDJPY"": -1.0}","{""EURUSD"": 0.3333333333333333, ""GBPUSD"": 0.3333333333333333, ""USDJPY"": -0.3333333333333333}","{""EUR_USD"": 11403, ""GBP_USD"": 9934, ""USD_JPY"": -13336}","{""EUR_USD"": 11403, ""GBP_USD"": 9933, ""USD_JPY"": -13336}","{""GBP_USD"": -1}","{""mode"": ""historical_replay"", ""filled"": true, ""instrument"": ""GBP_USD"", ""units"": -1, ""timestamp_utc"": ""2026-04-09 15:31:00+00:00""}"
2026-04-09 15:32:00+00:00,HISTORICAL_REPLAY_FILL,EUR_USD,-4,100046.08969389115,False,"{""EURUSD"": 1.0, ""GBPUSD"": 1.0, ""USDJPY"": -1.0}","{""EURUSD"": 0.3333333333333333, ""GBPUSD"": 0.3333333333333333, ""USDJPY"": -0.3333333333333333}","{""EUR_USD"": 11403, ""GBP_USD"": 9933, ""USD_JPY"": -13336}","{""EUR_USD"": 11399, ""GBP_USD"": 9928, ""USD_JPY"": -13339}","{""EUR_USD"": -4, ""GBP_USD"": -5, ""USD_JPY"": -3}","{""mode"": ""historical_replay"", ""filled"": true, ""instrument"": ""EUR_USD"", ""units"": -4, ""timestamp_utc"": ""2026-04-09 15:32:00+00:00""}"
2026-04-09 15:32:00+00:00,HISTORICAL_REPLAY_FILL,GBP_USD,-5,100046.08969389115,False,"{""EURUSD"": 1.0, ""GBPUSD"": 1.0, ""USDJPY"": -1.0}","{""EURUSD"": 0.3333333333333333, ""GBPUSD"": 0.3333333333333333, ""USDJPY"": -0.3333333333333333}","{""EUR_USD"": 11399, ""GBP_USD"": 9933, ""USD_JPY"": -13336}","{""EUR_USD"": 11399, ""GBP_USD"": 9928, ""USD_JPY"": -13339}","{""EUR_USD"": -4, ""GBP_USD"": -5, ""USD_JPY"": -3}","{""mode"": ""historical_replay"", ""filled"": true, ""instrument"": ""GBP_USD"", ""units"": -5, ""timestamp_utc"": ""2026-04-09 15:32:00+00:00""}"
2026-04-09 15:32:00+00:00,HISTORICAL_REPLAY_FILL,USD_JPY,-3,100046.08969389115,False,"{""EURUSD"": 1.0, ""GBPUSD"": 1.0, ""USDJPY"": -1.0}","{""EURUSD"": 0.3333333333333333, ""GBPUSD"": 0.3333333333333333, ""USDJPY"": -0.3333333333333333}","{""EUR_USD"": 11399, ""GBP_USD"": 9928, ""USD_JPY"": -13336}","{""EUR_USD"": 11399, ""GBP_USD"": 9928, ""USD_JPY"": -13339}","{""EUR_USD"": -4, ""GBP_USD"": -5, ""USD_JPY"": -3}","{""mode"": ""historical_replay"", ""filled"": true, ""instrument"": ""USD_JPY"", ""units"": -3, ""timestamp_utc"": ""2026-04-09 15:32:00+00:00""}"
2026-04-09 15:33:00+00:00,HISTORICAL_REPLAY_FILL,EUR_USD,-1,100049.52707095003,False,"{""EURUSD"": 1.0, ""GBPUSD"": 1.0, ""USDJPY"": -1.0}","{""EURUSD"": 0.3333333333333333, ""GBPUSD"": 0.3333333333333333, ""USDJPY"": -0.3333333333333333}","{""EUR_USD"": 11399, ""GBP_USD"": 9928, ""USD_JPY"": -13339}","{""EUR_USD"": 11398, ""GBP_USD"": 9927, ""USD_JPY"": -13339}","{""EUR_USD"": -1, ""GBP_USD"": -1}","{""mode"": ""historical_replay"", ""filled"": true, ""instrument"": ""EUR_USD"", ""units"": -1, ""timestamp_utc"": ""2026-04-09 15:33:00+00:00""}"
2026-04-09 15:33:00+00:00,HISTORICAL_REPLAY_FILL,GBP_USD,-1,100049.52707095003,False,"{""EURUSD"": 1.0, ""GBPUSD"": 1.0, ""USDJPY"": -1.0}","{""EURUSD"": 0.3333333333333333, ""GBPUSD"": 0.3333333333333333, ""USDJPY"": -0.3333333333333333}","{""EUR_USD"": 11398, ""GBP_USD"": 9928, ""USD_JPY"": -13339}","{""EUR_USD"": 11398, ""GBP_USD"": 9927, ""USD_JPY"": -13339}","{""EUR_USD"": -1, ""GBP_USD"": -1}","{""mode"": ""historical_replay"", ""filled"": true, ""instrument"": ""GBP_USD"", ""units"": -1, ""timestamp_utc"": ""2026-04-09 15:33:00+00:00""}"
2026-04-09 15:34:00+00:00,HISTORICAL_REPLAY_FILL,GBP_USD,-1,100060.61936326798,False,"{""EURUSD"": 1.0, ""GBPUSD"": 1.0, ""USDJPY"": -1.0}","{""EURUSD"": 0.3333333333333333, ""GBPUSD"": 0.3333333333333333, ""USDJPY"": -0.3333333333333333}","{""EUR_USD"": 11398, ""GBP_USD"": 9927, ""USD_JPY"": -13339}","{""EUR_USD"": 11398, ""GBP_USD"": 9926, ""USD_JPY"": -13341}","{""GBP_USD"": -1, ""USD_JPY"": -2}","{""mode"": ""historical_replay"", ""filled"": true, ""instrument"": ""GBP_USD"", ""units"": -1, ""timestamp_utc"": ""2026-04-09 15:34:00+00:00""}"
2026-04-09 15:34:00+00:00,HISTORICAL_REPLAY_FILL,USD_JPY,-2,100060.61936326798,False,"{""EURUSD"": 1.0, ""GBPUSD"": 1.0, ""USDJPY"": -1.0}","{""EURUSD"": 0.3333333333333333, ""GBPUSD"": 0.3333333333333333, ""USDJPY"": -0.3333333333333333}","{""EUR_USD"": 11398, ""GBP_USD"": 9926, ""USD_JPY"": -13339}","{""EUR_USD"": 11398, ""GBP_USD"": 9926, ""USD_JPY"": -13341}","{""GBP_USD"": -1, ""USD_JPY"": -2}","{""mode"": ""historical_replay"", ""filled"": true, ""instrument"": ""USD_JPY"", ""units"": -2, ""timestamp_utc"": ""2026-04-09 15:34:00+00:00""}"
2026-04-09 15:35:00+00:00,HISTORICAL_REPLAY_FILL,EUR_USD,-1,100064.27649140182,False,"{""EURUSD"": 1.0, ""GBPUSD"": 1.0, ""USDJPY"": -1.0}","{""EURUSD"": 0.3333333333333333, ""GBPUSD"": 0.3333333333333333, ""USDJPY"": -0.3333333333333333}","{""EUR_USD"": 11398, ""GBP_USD"": 9926, ""USD_JPY"": -13341}","{""EUR_USD"": 11397, ""GBP_USD"": 9927, ""USD_JPY"": -13341}","{""EUR_USD"": -1, ""GBP_USD"": 1}","{""mode"": ""historical_replay"", ""filled"": true, ""instrument"": ""EUR_USD"", ""units"": -1, ""timestamp_utc"": ""2026-04-09 15:35:00+00:00""}"
2026-04-09 15:35:00+00:00,HISTORICAL_REPLAY_FILL,GBP_USD,1,100064.27649140182,False,"{""EURUSD"": 1.0, ""GBPUSD"": 1.0, ""USDJPY"": -1.0}","{""EURUSD"": 0.3333333333333333, ""GBPUSD"": 0.3333333333333333, ""USDJPY"": -0.3333333333333333}","{""EUR_USD"": 11397, ""GBP_USD"": 9926, ""USD_JPY"": -13341}","{""EUR_USD"": 11397, ""GBP_USD"": 9927, ""USD_JPY"": -13341}","{""EUR_USD"": -1, ""GBP_USD"": 1}","{""mode"": ""historical_replay"", ""filled"": true, ""instrument"": ""GBP_USD"", ""units"": 1, ""timestamp_utc"": ""2026-04-09 15:35:00+00:00""}"
2026-04-09 15:36:00+00:00,HISTORICAL_REPLAY_FILL,EUR_USD,1,100061.80218140181,False,"{""EURUSD"": 1.0, ""GBPUSD"": 1.0, ""USDJPY"": -1.0}","{""EURUSD"": 0.3333333333333333, ""GBPUSD"": 0.3333333333333333, ""USDJPY"": -0.3333333333333333}","{""EUR_USD"": 11397, ""GBP_USD"": 9927, ""USD_JPY"": -13341}","{""EUR_USD"": 11398, ""GBP_USD"": 9927, ""USD_JPY"": -13341}","{""EUR_USD"": 1}","{""mode"": ""historical_replay"", ""filled"": true, ""instrument"": ""EUR_USD"", ""units"": 1, ""timestamp_utc"": ""2026-04-09 15:36:00+00:00""}"
2026-04-09 15:37:00+00:00,HISTORICAL_REPLAY_FILL,EUR_USD,1,100062.88003751173,False,"{""EURUSD"": 1.0, ""GBPUSD"": 1.0, ""USDJPY"": -1.0}","{""EURUSD"": 0.3333333333333333, ""GBPUSD"": 0.3333333333333333, ""USDJPY"": -0.3333333333333333}","{""EUR_USD"": 11398, ""GBP_USD"": 9927, ""USD_JPY"": -13341}","{""EUR_USD"": 11399, ""GBP_USD"": 9927, ""USD_JPY"": -13341}","{""EUR_USD"": 1}","{""mode"": ""historical_replay"", ""filled"": true, ""instrument"": ""EUR_USD"", ""units"": 1, ""timestamp_utc"": ""2026-04-09 15:37:00+00:00""}"
2026-04-09 15:38:00+00:00,HISTORICAL_REPLAY_FILL,EUR_USD,1,100053.26693972627,False,"{""EURUSD"": 1.0, ""GBPUSD"": 1.0, ""USDJPY"": -1.0}","{""EURUSD"": 0.3333333333333333, ""GBPUSD"": 0.3333333333333333, ""USDJPY"": -0.3333333333333333}","{""EUR_USD"": 11399, ""GBP_USD"": 9927, ""USD_JPY"": -13341}","{""EUR_USD"": 11400, ""GBP_USD"": 9929, ""USD_JPY"": -13340}","{""EUR_USD"": 1, ""GBP_USD"": 2, ""USD_JPY"": 1}","{""mode"": ""historical_replay"", ""filled"": true, ""instrument"": ""EUR_USD"", ""units"": 1, ""timestamp_utc"": ""2026-04-09 15:38:00+00:00""}"
2026-04-09 15:38:00+00:00,HISTORICAL_REPLAY_FILL,GBP_USD,2,100053.26693972627,False,"{""EURUSD"": 1.0, ""GBPUSD"": 1.0, ""USDJPY"": -1.0}","{""EURUSD"": 0.3333333333333333, ""GBPUSD"": 0.3333333333333333, ""USDJPY"": -0.3333333333333333}","{""EUR_USD"": 11400, ""GBP_USD"": 9927, ""USD_JPY"": -13341}","{""EUR_USD"": 11400, ""GBP_USD"": 9929, ""USD_JPY"": -13340}","{""EUR_USD"": 1, ""GBP_USD"": 2, ""USD_JPY"": 1}","{""mode"": ""historical_replay"", ""filled"": true, ""instrument"": ""GBP_USD"", ""units"": 2, ""timestamp_utc"": ""2026-04-09 15:38:00+00:00""}"
2026-04-09 15:38:00+00:00,HISTORICAL_REPLAY_FILL,USD_JPY,1,100053.26693972627,False,"{""EURUSD"": 1.0, ""GBPUSD"": 1.0, ""USDJPY"": -1.0}","{""EURUSD"": 0.3333333333333333, ""GBPUSD"": 0.3333333333333333, ""USDJPY"": -0.3333333333333333}","{""EUR_USD"": 11400, ""GBP_USD"": 9929, ""USD_JPY"": -13341}","{""EUR_USD"": 11400, ""GBP_USD"": 9929, ""USD_JPY"": -13340}","{""EUR_USD"": 1, ""GBP_USD"": 2, ""USD_JPY"": 1}","{""mode"": ""historical_replay"", ""filled"": true, ""instrument"": ""USD_JPY"", ""units"": 1, ""timestamp_utc"": ""2026-04-09 15:38:00+00:00""}"
2026-04-09 15:39:00+00:00,HISTORICAL_REPLAY_FILL,GBP_USD,1,100057.65721666657,False,"{""EURUSD"": 1.0, ""GBPUSD"": 1.0, ""USDJPY"": -1.0}","{""EURUSD"": 0.3333333333333333, ""GBPUSD"": 0.3333333333333333, ""USDJPY"": -0.3333333333333333}","{""EUR_USD"": 11400, ""GBP_USD"": 9929, ""USD_JPY"": -13340}","{""EUR_USD"": 11400, ""GBP_USD"": 9930, ""USD_JPY"": -13341}","{""GBP_USD"": 1, ""USD_JPY"": -1}","{""mode"": ""historical_replay"", ""filled"": true, ""instrument"": ""GBP_USD"", ""units"": 1, ""timestamp_utc"": ""2026-04-09 15:39:00+00:00""}"
2026-04-09 15:39:00+00:00,HISTORICAL_REPLAY_FILL,USD_JPY,-1,100057.65721666657,False,"{""EURUSD"": 1.0, ""GBPUSD"": 1.0, ""USDJPY"": -1.0}","{""EURUSD"": 0.3333333333333333, ""GBPUSD"": 0.3333333333333333, ""USDJPY"": -0.3333333333333333}","{""EUR_USD"": 11400, ""GBP_USD"": 9930, ""USD_JPY"": -13340}","{""EUR_USD"": 11400, ""GBP_USD"": 9930, ""USD_JPY"": -13341}","{""GBP_USD"": 1, ""USD_JPY"": -1}","{""mode"": ""historical_replay"", ""filled"": true, ""instrument"": ""USD_JPY"", ""units"": -1, ""timestamp_utc"": ""2026-04-09 15:39:00+00:00""}"
2026-04-09 15:41:00+00:00,HISTORICAL_REPLAY_FILL,EUR_USD,1,100063.65044388505,False,"{""EURUSD"": 1.0, ""GBPUSD"": 1.0, ""USDJPY"": -1.0}","{""EURUSD"": 0.3333333333333333, ""GBPUSD"": 0.3333333333333333, ""USDJPY"": -0.3333333333333333}","{""EUR_USD"": 11400, ""GBP_USD"": 9930, ""USD_JPY"": -13341}","{""EUR_USD"": 11401, ""GBP_USD"": 9928, ""USD_JPY"": -13341}","{""EUR_USD"": 1, ""GBP_USD"": -2}","{""mode"": ""historical_replay"", ""filled"": true, ""instrument"": ""EUR_USD"", ""units"": 1, ""timestamp_utc"": ""2026-04-09 15:41:00+00:00""}"
2026-04-09 15:41:00+00:00,HISTORICAL_REPLAY_FILL,GBP_USD,-2,100063.65044388505,False,"{""EURUSD"": 1.0, ""GBPUSD"": 1.0, ""USDJPY"": -1.0}","{""EURUSD"": 0.3333333333333333, ""GBPUSD"": 0.3333333333333333, ""USDJPY"": -0.3333333333333333}","{""EUR_USD"": 11401, ""GBP_USD"": 9930, ""USD_JPY"": -13341}","{""EUR_USD"": 11401, ""GBP_USD"": 9928, ""USD_JPY"": -13341}","{""EUR_USD"": 1, ""GBP_USD"": -2}","{""mode"": ""historical_replay"", ""filled"": true, ""instrument"": ""GBP_USD"", ""units"": -2, ""timestamp_utc"": ""2026-04-09 15:41:00+00:00""}"
2026-04-09 15:42:00+00:00,HISTORICAL_REPLAY_FILL,EUR_USD,1,100058.02632762677,False,"{""EURUSD"": 1.0, ""GBPUSD"": 1.0, ""USDJPY"": -1.0}","{""EURUSD"": 0.3333333333333333, ""GBPUSD"": 0.3333333333333333, ""USDJPY"": -0.3333333333333333}","{""EUR_USD"": 11401, ""GBP_USD"": 9928, ""USD_JPY"": -13341}","{""EUR_USD"": 11402, ""GBP_USD"": 9929, ""USD_JPY"": -13341}","{""EUR_USD"": 1, ""GBP_USD"": 1}","{""mode"": ""historical_replay"", ""filled"": true, ""instrument"": ""EUR_USD"", ""units"": 1, ""timestamp_utc"": ""2026-04-09 15:42:00+00:00""}"
2026-04-09 15:42:00+00:00,HISTORICAL_REPLAY_FILL,GBP_USD,1,100058.02632762677,False,"{""EURUSD"": 1.0, ""GBPUSD"": 1.0, ""USDJPY"": -1.0}","{""EURUSD"": 0.3333333333333333, ""GBPUSD"": 0.3333333333333333, ""USDJPY"": -0.3333333333333333}","{""EUR_USD"": 11402, ""GBP_USD"": 9928, ""USD_JPY"": -13341}","{""EUR_USD"": 11402, ""GBP_USD"": 9929, ""USD_JPY"": -13341}","{""EUR_USD"": 1, ""GBP_USD"": 1}","{""mode"": ""historical_replay"", ""filled"": true, ""instrument"": ""GBP_USD"", ""units"": 1, ""timestamp_utc"": ""2026-04-09 15:42:00+00:00""}"
2026-04-09 15:43:00+00:00,HISTORICAL_REPLAY_FILL,EUR_USD,2,100052.09895210901,False,"{""EURUSD"": 1.0, ""GBPUSD"": 1.0, ""USDJPY"": -1.0}","{""EURUSD"": 0.3333333333333333, ""GBPUSD"": 0.3333333333333333, ""USDJPY"": -0.3333333333333333}","{""EUR_USD"": 11402, ""GBP_USD"": 9929, ""USD_JPY"": -13341}","{""EUR_USD"": 11404, ""GBP_USD"": 9930, ""USD_JPY"": -13340}","{""EUR_USD"": 2, ""GBP_USD"": 1, ""USD_JPY"": 1}","{""mode"": ""historical_replay"", ""filled"": true, ""instrument"": ""EUR_USD"", ""units"": 2, ""timestamp_utc"": ""2026-04-09 15:43:00+00:00""}"
2026-04-09 15:43:00+00:00,HISTORICAL_REPLAY_FILL,GBP_USD,1,100052.09895210901,False,"{""EURUSD"": 1.0, ""GBPUSD"": 1.0, ""USDJPY"": -1.0}","{""EURUSD"": 0.3333333333333333, ""GBPUSD"": 0.3333333333333333, ""USDJPY"": -0.3333333333333333}","{""EUR_USD"": 11404, ""GBP_USD"": 9929, ""USD_JPY"": -13341}","{""EUR_USD"": 11404, ""GBP_USD"": 9930, ""USD_JPY"": -13340}","{""EUR_USD"": 2, ""GBP_USD"": 1, ""USD_JPY"": 1}","{""mode"": ""historical_replay"", ""filled"": true, ""instrument"": ""GBP_USD"", ""units"": 1, ""timestamp_utc"": ""2026-04-09 15:43:00+00:00""}"
2026-04-09 15:43:00+00:00,HISTORICAL_REPLAY_FILL,USD_JPY,1,100052.09895210901,False,"{""EURUSD"": 1.0, ""GBPUSD"": 1.0, ""USDJPY"": -1.0}","{""EURUSD"": 0.3333333333333333, ""GBPUSD"": 0.3333333333333333, ""USDJPY"": -0.3333333333333333}","{""EUR_USD"": 11404, ""GBP_USD"": 9930, ""USD_JPY"": -13341}","{""EUR_USD"": 11404, ""GBP_USD"": 9930, ""USD_JPY"": -13340}","{""EUR_USD"": 2, ""GBP_USD"": 1, ""USD_JPY"": 1}","{""mode"": ""historical_replay"", ""filled"": true, ""instrument"": ""USD_JPY"", ""units"": 1, ""timestamp_utc"": ""2026-04-09 15:43:00+00:00""}"
2026-04-09 15:44:00+00:00,HISTORICAL_REPLAY_FILL,EUR_USD,-2,100056.25813614477,False,"{""EURUSD"": 1.0, ""GBPUSD"": 1.0, ""USDJPY"": -1.0}","{""EURUSD"": 0.3333333333333333, ""GBPUSD"": 0.3333333333333333, ""USDJPY"": -0.3333333333333333}","{""EUR_USD"": 11404, ""GBP_USD"": 9930, ""USD_JPY"": -13340}","{""EUR_USD"": 11402, ""GBP_USD"": 9930, ""USD_JPY"": -13340}","{""EUR_USD"": -2}","{""mode"": ""historical_replay"", ""filled"": true, ""instrument"": ""EUR_USD"", ""units"": -2, ""timestamp_utc"": ""2026-04-09 15:44:00+00:00""}"
2026-04-09 15:45:00+00:00,HISTORICAL_REPLAY_FILL,GBP_USD,1,100053.18443798025,False,"{""EURUSD"": 1.0, ""GBPUSD"": 1.0, ""USDJPY"": -1.0}","{""EURUSD"": 0.3333333333333333, ""GBPUSD"": 0.3333333333333333, ""USDJPY"": -0.3333333333333333}","{""EUR_USD"": 11402, ""GBP_USD"": 9930, ""USD_JPY"": -13340}","{""EUR_USD"": 11402, ""GBP_USD"": 9931, ""USD_JPY"": -13340}","{""GBP_USD"": 1}","{""mode"": ""historical_replay"", ""filled"": true, ""instrument"": ""GBP_USD"", ""units"": 1, ""timestamp_utc"": ""2026-04-09 15:45:00+00:00""}"
2026-04-09 15:46:00+00:00,HISTORICAL_REPLAY_FILL,EUR_USD,1,100049.49448783632,False,"{""EURUSD"": 1.0, ""GBPUSD"": 1.0, ""USDJPY"": -1.0}","{""EURUSD"": 0.3333333333333333, ""GBPUSD"": 0.3333333333333333, ""USDJPY"": -0.3333333333333333}","{""EUR_USD"": 11402, ""GBP_USD"": 9931, ""USD_JPY"": -13340}","{""EUR_USD"": 11403, ""GBP_USD"": 9931, ""USD_JPY"": -13339}","{""EUR_USD"": 1, ""USD_JPY"": 1}","{""mode"": ""historical_replay"", ""filled"": true, ""instrument"": ""EUR_USD"", ""units"": 1, ""timestamp_utc"": ""2026-04-09 15:46:00+00:00""}"
2026-04-09 15:46:00+00:00,HISTORICAL_REPLAY_FILL,USD_JPY,1,100049.49448783632,False,"{""EURUSD"": 1.0, ""GBPUSD"": 1.0, ""USDJPY"": -1.0}","{""EURUSD"": 0.3333333333333333, ""GBPUSD"": 0.3333333333333333, ""USDJPY"": -0.3333333333333333}","{""EUR_USD"": 11403, ""GBP_USD"": 9931, ""USD_JPY"": -13340}","{""EUR_USD"": 11403, ""GBP_USD"": 9931, ""USD_JPY"": -13339}","{""EUR_USD"": 1, ""USD_JPY"": 1}","{""mode"": ""historical_replay"", ""filled"": true, ""instrument"": ""USD_JPY"", ""units"": 1, ""timestamp_utc"": ""2026-04-09 15:46:00+00:00""}"
2026-04-09 15:47:00+00:00,HISTORICAL_REPLAY_FILL,EUR_USD,-2,100059.91678453994,False,"{""EURUSD"": 1.0, ""GBPUSD"": 1.0, ""USDJPY"": -1.0}","{""EURUSD"": 0.3333333333333333, ""GBPUSD"": 0.3333333333333333, ""USDJPY"": -0.3333333333333333}","{""EUR_USD"": 11403, ""GBP_USD"": 9931, ""USD_JPY"": -13339}","{""EUR_USD"": 11401, ""GBP_USD"": 9929, ""USD_JPY"": -13341}","{""EUR_USD"": -2, ""GBP_USD"": -2, ""USD_JPY"": -2}","{""mode"": ""historical_replay"", ""filled"": true, ""instrument"": ""EUR_USD"", ""units"": -2, ""timestamp_utc"": ""2026-04-09 15:47:00+00:00""}"
2026-04-09 15:47:00+00:00,HISTORICAL_REPLAY_FILL,GBP_USD,-2,100059.91678453994,False,"{""EURUSD"": 1.0, ""GBPUSD"": 1.0, ""USDJPY"": -1.0}","{""EURUSD"": 0.3333333333333333, ""GBPUSD"": 0.3333333333333333, ""USDJPY"": -0.3333333333333333}","{""EUR_USD"": 11401, ""GBP_USD"": 9931, ""USD_JPY"": -13339}","{""EUR_USD"": 11401, ""GBP_USD"": 9929, ""USD_JPY"": -13341}","{""EUR_USD"": -2, ""GBP_USD"": -2, ""USD_JPY"": -2}","{""mode"": ""historical_replay"", ""filled"": true, ""instrument"": ""GBP_USD"", ""units"": -2, ""timestamp_utc"": ""2026-04-09 15:47:00+00:00""}"
2026-04-09 15:47:00+00:00,HISTORICAL_REPLAY_FILL,USD_JPY,-2,100059.91678453994,False,"{""EURUSD"": 1.0, ""GBPUSD"": 1.0, ""USDJPY"": -1.0}","{""EURUSD"": 0.3333333333333333, ""GBPUSD"": 0.3333333333333333, ""USDJPY"": -0.3333333333333333}","{""EUR_USD"": 11401, ""GBP_USD"": 9929, ""USD_JPY"": -13339}","{""EUR_USD"": 11401, ""GBP_USD"": 9929, ""USD_JPY"": -13341}","{""EUR_USD"": -2, ""GBP_USD"": -2, ""USD_JPY"": -2}","{""mode"": ""historical_replay"", ""filled"": true, ""instrument"": ""USD_JPY"", ""units"": -2, ""timestamp_utc"": ""2026-04-09 15:47:00+00:00""}"
2026-04-09 15:48:00+00:00,HISTORICAL_REPLAY_FILL,EUR_USD,-1,100069.38168395164,False,"{""EURUSD"": 1.0, ""GBPUSD"": 1.0, ""USDJPY"": -1.0}","{""EURUSD"": 0.3333333333333333, ""GBPUSD"": 0.3333333333333333, ""USDJPY"": -0.3333333333333333}","{""EUR_USD"": 11401, ""GBP_USD"": 9929, ""USD_JPY"": -13341}","{""EUR_USD"": 11400, ""GBP_USD"": 9927, ""USD_JPY"": -13342}","{""EUR_USD"": -1, ""GBP_USD"": -2, ""USD_JPY"": -1}","{""mode"": ""historical_replay"", ""filled"": true, ""instrument"": ""EUR_USD"", ""units"": -1, ""timestamp_utc"": ""2026-04-09 15:48:00+00:00""}"
2026-04-09 15:48:00+00:00,HISTORICAL_REPLAY_FILL,GBP_USD,-2,100069.38168395164,False,"{""EURUSD"": 1.0, ""GBPUSD"": 1.0, ""USDJPY"": -1.0}","{""EURUSD"": 0.3333333333333333, ""GBPUSD"": 0.3333333333333333, ""USDJPY"": -0.3333333333333333}","{""EUR_USD"": 11400, ""GBP_USD"": 9929, ""USD_JPY"": -13341}","{""EUR_USD"": 11400, ""GBP_USD"": 9927, ""USD_JPY"": -13342}","{""EUR_USD"": -1, ""GBP_USD"": -2, ""USD_JPY"": -1}","{""mode"": ""historical_replay"", ""filled"": true, ""instrument"": ""GBP_USD"", ""units"": -2, ""timestamp_utc"": ""2026-04-09 15:48:00+00:00""}"
2026-04-09 15:48:00+00:00,HISTORICAL_REPLAY_FILL,USD_JPY,-1,100069.38168395164,False,"{""EURUSD"": 1.0, ""GBPUSD"": 1.0, ""USDJPY"": -1.0}","{""EURUSD"": 0.3333333333333333, ""GBPUSD"": 0.3333333333333333, ""USDJPY"": -0.3333333333333333}","{""EUR_USD"": 11400, ""GBP_USD"": 9927, ""USD_JPY"": -13341}","{""EUR_USD"": 11400, ""GBP_USD"": 9927, ""USD_JPY"": -13342}","{""EUR_USD"": -1, ""GBP_USD"": -2, ""USD_JPY"": -1}","{""mode"": ""historical_replay"", ""filled"": true, ""instrument"": ""USD_JPY"", ""units"": -1, ""timestamp_utc"": ""2026-04-09 15:48:00+00:00""}"
2026-04-09 15:49:00+00:00,HISTORICAL_REPLAY_FILL,EUR_USD,3,100063.24334914805,False,"{""EURUSD"": 1.0, ""GBPUSD"": 1.0, ""USDJPY"": -1.0}","{""EURUSD"": 0.3333333333333333, ""GBPUSD"": 0.3333333333333333, ""USDJPY"": -0.3333333333333333}","{""EUR_USD"": 11400, ""GBP_USD"": 9927, ""USD_JPY"": -13342}","{""EUR_USD"": 11403, ""GBP_USD"": 9928, ""USD_JPY"": -13341}","{""EUR_USD"": 3, ""GBP_USD"": 1, ""USD_JPY"": 1}","{""mode"": ""historical_replay"", ""filled"": true, ""instrument"": ""EUR_USD"", ""units"": 3, ""timestamp_utc"": ""2026-04-09 15:49:00+00:00""}"
2026-04-09 15:49:00+00:00,HISTORICAL_REPLAY_FILL,GBP_USD,1,100063.24334914805,False,"{""EURUSD"": 1.0, ""GBPUSD"": 1.0, ""USDJPY"": -1.0}","{""EURUSD"": 0.3333333333333333, ""GBPUSD"": 0.3333333333333333, ""USDJPY"": -0.3333333333333333}","{""EUR_USD"": 11403, ""GBP_USD"": 9927, ""USD_JPY"": -13342}","{""EUR_USD"": 11403, ""GBP_USD"": 9928, ""USD_JPY"": -13341}","{""EUR_USD"": 3, ""GBP_USD"": 1, ""USD_JPY"": 1}","{""mode"": ""historical_replay"", ""filled"": true, ""instrument"": ""GBP_USD"", ""units"": 1, ""timestamp_utc"": ""2026-04-09 15:49:00+00:00""}"
2026-04-09 15:49:00+00:00,HISTORICAL_REPLAY_FILL,USD_JPY,1,100063.24334914805,False,"{""EURUSD"": 1.0, ""GBPUSD"": 1.0, ""USDJPY"": -1.0}","{""EURUSD"": 0.3333333333333333, ""GBPUSD"": 0.3333333333333333, ""USDJPY"": -0.3333333333333333}","{""EUR_USD"": 11403, ""GBP_USD"": 9928, ""USD_JPY"": -13342}","{""EUR_USD"": 11403, ""GBP_USD"": 9928, ""USD_JPY"": -13341}","{""EUR_USD"": 3, ""GBP_USD"": 1, ""USD_JPY"": 1}","{""mode"": ""historical_replay"", ""filled"": true, ""instrument"": ""USD_JPY"", ""units"": 1, ""timestamp_utc"": ""2026-04-09 15:49:00+00:00""}"
2026-04-09 15:50:00+00:00,HISTORICAL_REPLAY_FILL,EUR_USD,-1,100063.62063168007,False,"{""EURUSD"": 1.0, ""GBPUSD"": 1.0, ""USDJPY"": -1.0}","{""EURUSD"": 0.3333333333333333, ""GBPUSD"": 0.3333333333333333, ""USDJPY"": -0.3333333333333333}","{""EUR_USD"": 11403, ""GBP_USD"": 9928, ""USD_JPY"": -13341}","{""EUR_USD"": 11402, ""GBP_USD"": 9929, ""USD_JPY"": -13341}","{""EUR_USD"": -1, ""GBP_USD"": 1}","{""mode"": ""historical_replay"", ""filled"": true, ""instrument"": ""EUR_USD"", ""units"": -1, ""timestamp_utc"": ""2026-04-09 15:50:00+00:00""}"
2026-04-09 15:50:00+00:00,HISTORICAL_REPLAY_FILL,GBP_USD,1,100063.62063168007,False,"{""EURUSD"": 1.0, ""GBPUSD"": 1.0, ""USDJPY"": -1.0}","{""EURUSD"": 0.3333333333333333, ""GBPUSD"": 0.3333333333333333, ""USDJPY"": -0.3333333333333333}","{""EUR_USD"": 11402, ""GBP_USD"": 9928, ""USD_JPY"": -13341}","{""EUR_USD"": 11402, ""GBP_USD"": 9929, ""USD_JPY"": -13341}","{""EUR_USD"": -1, ""GBP_USD"": 1}","{""mode"": ""historical_replay"", ""filled"": true, ""instrument"": ""GBP_USD"", ""units"": 1, ""timestamp_utc"": ""2026-04-09 15:50:00+00:00""}"
2026-04-09 15:51:00+00:00,HISTORICAL_REPLAY_FILL,EUR_USD,-2,100069.14628790764,False,"{""EURUSD"": 1.0, ""GBPUSD"": 1.0, ""USDJPY"": -1.0}","{""EURUSD"": 0.3333333333333333, ""GBPUSD"": 0.3333333333333333, ""USDJPY"": -0.3333333333333333}","{""EUR_USD"": 11402, ""GBP_USD"": 9929, ""USD_JPY"": -13341}","{""EUR_USD"": 11400, ""GBP_USD"": 9928, ""USD_JPY"": -13342}","{""EUR_USD"": -2, ""GBP_USD"": -1, ""USD_JPY"": -1}","{""mode"": ""historical_replay"", ""filled"": true, ""instrument"": ""EUR_USD"", ""units"": -2, ""timestamp_utc"": ""2026-04-09 15:51:00+00:00""}"
2026-04-09 15:51:00+00:00,HISTORICAL_REPLAY_FILL,GBP_USD,-1,100069.14628790764,False,"{""EURUSD"": 1.0, ""GBPUSD"": 1.0, ""USDJPY"": -1.0}","{""EURUSD"": 0.3333333333333333, ""GBPUSD"": 0.3333333333333333, ""USDJPY"": -0.3333333333333333}","{""EUR_USD"": 11400, ""GBP_USD"": 9929, ""USD_JPY"": -13341}","{""EUR_USD"": 11400, ""GBP_USD"": 9928, ""USD_JPY"": -13342}","{""EUR_USD"": -2, ""GBP_USD"": -1, ""USD_JPY"": -1}","{""mode"": ""historical_replay"", ""filled"": true, ""instrument"": ""GBP_USD"", ""units"": -1, ""timestamp_utc"": ""2026-04-09 15:51:00+00:00""}"
2026-04-09 15:51:00+00:00,HISTORICAL_REPLAY_FILL,USD_JPY,-1,100069.14628790764,False,"{""EURUSD"": 1.0, ""GBPUSD"": 1.0, ""USDJPY"": -1.0}","{""EURUSD"": 0.3333333333333333, ""GBPUSD"": 0.3333333333333333, ""USDJPY"": -0.3333333333333333}","{""EUR_USD"": 11400, ""GBP_USD"": 9928, ""USD_JPY"": -13341}","{""EUR_USD"": 11400, ""GBP_USD"": 9928, ""USD_JPY"": -13342}","{""EUR_USD"": -2, ""GBP_USD"": -1, ""USD_JPY"": -1}","{""mode"": ""historical_replay"", ""filled"": true, ""instrument"": ""USD_JPY"", ""units"": -1, ""timestamp_utc"": ""2026-04-09 15:51:00+00:00""}"
2026-04-09 15:52:00+00:00,HISTORICAL_REPLAY_FILL,GBP_USD,-1,100071.76096452039,False,"{""EURUSD"": 1.0, ""GBPUSD"": 1.0, ""USDJPY"": -1.0}","{""EURUSD"": 0.3333333333333333, ""GBPUSD"": 0.3333333333333333, ""USDJPY"": -0.3333333333333333}","{""EUR_USD"": 11400, ""GBP_USD"": 9928, ""USD_JPY"": -13342}","{""EUR_USD"": 11400, ""GBP_USD"": 9927, ""USD_JPY"": -13342}","{""GBP_USD"": -1}","{""mode"": ""historical_replay"", ""filled"": true, ""instrument"": ""GBP_USD"", ""units"": -1, ""timestamp_utc"": ""2026-04-09 15:52:00+00:00""}"
2026-04-09 15:53:00+00:00,HISTORICAL_REPLAY_FILL,EUR_USD,-1,100076.06841012415,False,"{""EURUSD"": 1.0, ""GBPUSD"": 1.0, ""USDJPY"": -1.0}","{""EURUSD"": 0.3333333333333333, ""GBPUSD"": 0.3333333333333333, ""USDJPY"": -0.3333333333333333}","{""EUR_USD"": 11400, ""GBP_USD"": 9927, ""USD_JPY"": -13342}","{""EUR_USD"": 11399, ""GBP_USD"": 9926, ""USD_JPY"": -13343}","{""EUR_USD"": -1, ""GBP_USD"": -1, ""USD_JPY"": -1}","{""mode"": ""historical_replay"", ""filled"": true, ""instrument"": ""EUR_USD"", ""units"": -1, ""timestamp_utc"": ""2026-04-09 15:53:00+00:00""}"
2026-04-09 15:53:00+00:00,HISTORICAL_REPLAY_FILL,GBP_USD,-1,100076.06841012415,False,"{""EURUSD"": 1.0, ""GBPUSD"": 1.0, ""USDJPY"": -1.0}","{""EURUSD"": 0.3333333333333333, ""GBPUSD"": 0.3333333333333333, ""USDJPY"": -0.3333333333333333}","{""EUR_USD"": 11399, ""GBP_USD"": 9927, ""USD_JPY"": -13342}","{""EUR_USD"": 11399, ""GBP_USD"": 9926, ""USD_JPY"": -13343}","{""EUR_USD"": -1, ""GBP_USD"": -1, ""USD_JPY"": -1}","{""mode"": ""historical_replay"", ""filled"": true, ""instrument"": ""GBP_USD"", ""units"": -1, ""timestamp_utc"": ""2026-04-09 15:53:00+00:00""}"
2026-04-09 15:53:00+00:00,HISTORICAL_REPLAY_FILL,USD_JPY,-1,100076.06841012415,False,"{""EURUSD"": 1.0, ""GBPUSD"": 1.0, ""USDJPY"": -1.0}","{""EURUSD"": 0.3333333333333333, ""GBPUSD"": 0.3333333333333333, ""USDJPY"": -0.3333333333333333}","{""EUR_USD"": 11399, ""GBP_USD"": 9926, ""USD_JPY"": -13342}","{""EUR_USD"": 11399, ""GBP_USD"": 9926, ""USD_JPY"": -13343}","{""EUR_USD"": -1, ""GBP_USD"": -1, ""USD_JPY"": -1}","{""mode"": ""historical_replay"", ""filled"": true, ""instrument"": ""USD_JPY"", ""units"": -1, ""timestamp_utc"": ""2026-04-09 15:53:00+00:00""}"
2026-04-09 15:54:00+00:00,HISTORICAL_REPLAY_FILL,EUR_USD,1,100076.16980277635,False,"{""EURUSD"": 1.0, ""GBPUSD"": 1.0, ""USDJPY"": -1.0}","{""EURUSD"": 0.3333333333333333, ""GBPUSD"": 0.3333333333333333, ""USDJPY"": -0.3333333333333333}","{""EUR_USD"": 11399, ""GBP_USD"": 9926, ""USD_JPY"": -13343}","{""EUR_USD"": 11400, ""GBP_USD"": 9926, ""USD_JPY"": -13343}","{""EUR_USD"": 1}","{""mode"": ""historical_replay"", ""filled"": true, ""instrument"": ""EUR_USD"", ""units"": 1, ""timestamp_utc"": ""2026-04-09 15:54:00+00:00""}"
2026-04-09 15:55:00+00:00,HISTORICAL_REPLAY_FILL,EUR_USD,-1,100078.0204331904,False,"{""EURUSD"": 1.0, ""GBPUSD"": 1.0, ""USDJPY"": -1.0}","{""EURUSD"": 0.3333333333333333, ""GBPUSD"": 0.3333333333333333, ""USDJPY"": -0.3333333333333333}","{""EUR_USD"": 11400, ""GBP_USD"": 9926, ""USD_JPY"": -13343}","{""EUR_USD"": 11399, ""GBP_USD"": 9925, ""USD_JPY"": -13343}","{""EUR_USD"": -1, ""GBP_USD"": -1}","{""mode"": ""historical_replay"", ""filled"": true, ""instrument"": ""EUR_USD"", ""units"": -1, ""timestamp_utc"": ""2026-04-09 15:55:00+00:00""}"
2026-04-09 15:55:00+00:00,HISTORICAL_REPLAY_FILL,GBP_USD,-1,100078.0204331904,False,"{""EURUSD"": 1.0, ""GBPUSD"": 1.0, ""USDJPY"": -1.0}","{""EURUSD"": 0.3333333333333333, ""GBPUSD"": 0.3333333333333333, ""USDJPY"": -0.3333333333333333}","{""EUR_USD"": 11399, ""GBP_USD"": 9926, ""USD_JPY"": -13343}","{""EUR_USD"": 11399, ""GBP_USD"": 9925, ""USD_JPY"": -13343}","{""EUR_USD"": -1, ""GBP_USD"": -1}","{""mode"": ""historical_replay"", ""filled"": true, ""instrument"": ""GBP_USD"", ""units"": -1, ""timestamp_utc"": ""2026-04-09 15:55:00+00:00""}"
2026-04-09 15:56:00+00:00,HISTORICAL_REPLAY_FILL,EUR_USD,-1,100078.87943247626,False,"{""EURUSD"": 1.0, ""GBPUSD"": 1.0, ""USDJPY"": -1.0}","{""EURUSD"": 0.3333333333333333, ""GBPUSD"": 0.3333333333333333, ""USDJPY"": -0.3333333333333333}","{""EUR_USD"": 11399, ""GBP_USD"": 9925, ""USD_JPY"": -13343}","{""EUR_USD"": 11398, ""GBP_USD"": 9925, ""USD_JPY"": -13343}","{""EUR_USD"": -1}","{""mode"": ""historical_replay"", ""filled"": true, ""instrument"": ""EUR_USD"", ""units"": -1, ""timestamp_utc"": ""2026-04-09 15:56:00+00:00""}"
2026-04-09 15:57:00+00:00,HISTORICAL_REPLAY_FILL,EUR_USD,2,100070.68743968982,False,"{""EURUSD"": 1.0, ""GBPUSD"": 1.0, ""USDJPY"": -1.0}","{""EURUSD"": 0.3333333333333333, ""GBPUSD"": 0.3333333333333333, ""USDJPY"": -0.3333333333333333}","{""EUR_USD"": 11398, ""GBP_USD"": 9925, ""USD_JPY"": -13343}","{""EUR_USD"": 11400, ""GBP_USD"": 9927, ""USD_JPY"": -13342}","{""EUR_USD"": 2, ""GBP_USD"": 2, ""USD_JPY"": 1}","{""mode"": ""historical_replay"", ""filled"": true, ""instrument"": ""EUR_USD"", ""units"": 2, ""timestamp_utc"": ""2026-04-09 15:57:00+00:00""}"
2026-04-09 15:57:00+00:00,HISTORICAL_REPLAY_FILL,GBP_USD,2,100070.68743968982,False,"{""EURUSD"": 1.0, ""GBPUSD"": 1.0, ""USDJPY"": -1.0}","{""EURUSD"": 0.3333333333333333, ""GBPUSD"": 0.3333333333333333, ""USDJPY"": -0.3333333333333333}","{""EUR_USD"": 11400, ""GBP_USD"": 9925, ""USD_JPY"": -13343}","{""EUR_USD"": 11400, ""GBP_USD"": 9927, ""USD_JPY"": -13342}","{""EUR_USD"": 2, ""GBP_USD"": 2, ""USD_JPY"": 1}","{""mode"": ""historical_replay"", ""filled"": true, ""instrument"": ""GBP_USD"", ""units"": 2, ""timestamp_utc"": ""2026-04-09 15:57:00+00:00""}"
2026-04-09 15:57:00+00:00,HISTORICAL_REPLAY_FILL,USD_JPY,1,100070.68743968982,False,"{""EURUSD"": 1.0, ""GBPUSD"": 1.0, ""USDJPY"": -1.0}","{""EURUSD"": 0.3333333333333333, ""GBPUSD"": 0.3333333333333333, ""USDJPY"": -0.3333333333333333}","{""EUR_USD"": 11400, ""GBP_USD"": 9927, ""USD_JPY"": -13343}","{""EUR_USD"": 11400, ""GBP_USD"": 9927, ""USD_JPY"": -13342}","{""EUR_USD"": 2, ""GBP_USD"": 2, ""USD_JPY"": 1}","{""mode"": ""historical_replay"", ""filled"": true, ""instrument"": ""USD_JPY"", ""units"": 1, ""timestamp_utc"": ""2026-04-09 15:57:00+00:00""}"
2026-04-09 15:58:00+00:00,HISTORICAL_REPLAY_FILL,EUR_USD,-1,100074.8046768723,False,"{""EURUSD"": 1.0, ""GBPUSD"": 1.0, ""USDJPY"": -1.0}","{""EURUSD"": 0.3333333333333333, ""GBPUSD"": 0.3333333333333333, ""USDJPY"": -0.3333333333333333}","{""EUR_USD"": 11400, ""GBP_USD"": 9927, ""USD_JPY"": -13342}","{""EUR_USD"": 11399, ""GBP_USD"": 9926, ""USD_JPY"": -13343}","{""EUR_USD"": -1, ""GBP_USD"": -1, ""USD_JPY"": -1}","{""mode"": ""historical_replay"", ""filled"": true, ""instrument"": ""EUR_USD"", ""units"": -1, ""timestamp_utc"": ""2026-04-09 15:58:00+00:00""}"
2026-04-09 15:58:00+00:00,HISTORICAL_REPLAY_FILL,GBP_USD,-1,100074.8046768723,False,"{""EURUSD"": 1.0, ""GBPUSD"": 1.0, ""USDJPY"": -1.0}","{""EURUSD"": 0.3333333333333333, ""GBPUSD"": 0.3333333333333333, ""USDJPY"": -0.3333333333333333}","{""EUR_USD"": 11399, ""GBP_USD"": 9927, ""USD_JPY"": -13342}","{""EUR_USD"": 11399, ""GBP_USD"": 9926, ""USD_JPY"": -13343}","{""EUR_USD"": -1, ""GBP_USD"": -1, ""USD_JPY"": -1}","{""mode"": ""historical_replay"", ""filled"": true, ""instrument"": ""GBP_USD"", ""units"": -1, ""timestamp_utc"": ""2026-04-09 15:58:00+00:00""}"
2026-04-09 15:58:00+00:00,HISTORICAL_REPLAY_FILL,USD_JPY,-1,100074.8046768723,False,"{""EURUSD"": 1.0, ""GBPUSD"": 1.0, ""USDJPY"": -1.0}","{""EURUSD"": 0.3333333333333333, ""GBPUSD"": 0.3333333333333333, ""USDJPY"": -0.3333333333333333}","{""EUR_USD"": 11399, ""GBP_USD"": 9926, ""USD_JPY"": -13342}","{""EUR_USD"": 11399, ""GBP_USD"": 9926, ""USD_JPY"": -13343}","{""EUR_USD"": -1, ""GBP_USD"": -1, ""USD_JPY"": -1}","{""mode"": ""historical_replay"", ""filled"": true, ""instrument"": ""USD_JPY"", ""units"": -1, ""timestamp_utc"": ""2026-04-09 15:58:00+00:00""}"
2026-04-09 16:01:00+00:00,HISTORICAL_REPLAY_FILL,USD_JPY,-1,100080.02171370956,False,"{""EURUSD"": 1.0, ""GBPUSD"": 1.0, ""USDJPY"": -1.0}","{""EURUSD"": 0.3333333333333333, ""GBPUSD"": 0.3333333333333333, ""USDJPY"": -0.3333333333333333}","{""EUR_USD"": 11399, ""GBP_USD"": 9926, ""USD_JPY"": -13343}","{""EUR_USD"": 11399, ""GBP_USD"": 9926, ""USD_JPY"": -13344}","{""USD_JPY"": -1}","{""mode"": ""historical_replay"", ""filled"": true, ""instrument"": ""USD_JPY"", ""units"": -1, ""timestamp_utc"": ""2026-04-09 16:01:00+00:00""}"
2026-04-09 16:03:00+00:00,HISTORICAL_REPLAY_FILL,GBP_USD,1,100082.13398344044,False,"{""EURUSD"": 1.0, ""GBPUSD"": 1.0, ""USDJPY"": -1.0}","{""EURUSD"": 0.3333333333333333, ""GBPUSD"": 0.3333333333333333, ""USDJPY"": -0.3333333333333333}","{""EUR_USD"": 11399, ""GBP_USD"": 9926, ""USD_JPY"": -13344}","{""EUR_USD"": 11399, ""GBP_USD"": 9927, ""USD_JPY"": -13344}","{""GBP_USD"": 1}","{""mode"": ""historical_replay"", ""filled"": true, ""instrument"": ""GBP_USD"", ""units"": 1, ""timestamp_utc"": ""2026-04-09 16:03:00+00:00""}"
2026-04-09 16:04:00+00:00,HISTORICAL_REPLAY_FILL,EUR_USD,-1,100084.0669869625,False,"{""EURUSD"": 1.0, ""GBPUSD"": 1.0, ""USDJPY"": -1.0}","{""EURUSD"": 0.3333333333333333, ""GBPUSD"": 0.3333333333333333, ""USDJPY"": -0.3333333333333333}","{""EUR_USD"": 11399, ""GBP_USD"": 9927, ""USD_JPY"": -13344}","{""EUR_USD"": 11398, ""GBP_USD"": 9927, ""USD_JPY"": -13344}","{""EUR_USD"": -1}","{""mode"": ""historical_replay"", ""filled"": true, ""instrument"": ""EUR_USD"", ""units"": -1, ""timestamp_utc"": ""2026-04-09 16:04:00+00:00""}"
2026-04-09 16:06:00+00:00,HISTORICAL_REPLAY_FILL,GBP_USD,1,100081.2543831516,False,"{""EURUSD"": 1.0, ""GBPUSD"": 1.0, ""USDJPY"": -1.0}","{""EURUSD"": 0.3333333333333333, ""GBPUSD"": 0.3333333333333333, ""USDJPY"": -0.3333333333333333}","{""EUR_USD"": 11398, ""GBP_USD"": 9927, ""USD_JPY"": -13344}","{""EUR_USD"": 11398, ""GBP_USD"": 9928, ""USD_JPY"": -13344}","{""GBP_USD"": 1}","{""mode"": ""historical_replay"", ""filled"": true, ""instrument"": ""GBP_USD"", ""units"": 1, ""timestamp_utc"": ""2026-04-09 16:06:00+00:00""}"
2026-04-09 16:07:00+00:00,HISTORICAL_REPLAY_FILL,EUR_USD,-1,100091.42858008559,False,"{""EURUSD"": 1.0, ""GBPUSD"": 1.0, ""USDJPY"": -1.0}","{""EURUSD"": 0.3333333333333333, ""GBPUSD"": 0.3333333333333333, ""USDJPY"": -0.3333333333333333}","{""EUR_USD"": 11398, ""GBP_USD"": 9928, ""USD_JPY"": -13344}","{""EUR_USD"": 11397, ""GBP_USD"": 9926, ""USD_JPY"": -13345}","{""EUR_USD"": -1, ""GBP_USD"": -2, ""USD_JPY"": -1}","{""mode"": ""historical_replay"", ""filled"": true, ""instrument"": ""EUR_USD"", ""units"": -1, ""timestamp_utc"": ""2026-04-09 16:07:00+00:00""}"
2026-04-09 16:07:00+00:00,HISTORICAL_REPLAY_FILL,GBP_USD,-2,100091.42858008559,False,"{""EURUSD"": 1.0, ""GBPUSD"": 1.0, ""USDJPY"": -1.0}","{""EURUSD"": 0.3333333333333333, ""GBPUSD"": 0.3333333333333333, ""USDJPY"": -0.3333333333333333}","{""EUR_USD"": 11397, ""GBP_USD"": 9928, ""USD_JPY"": -13344}","{""EUR_USD"": 11397, ""GBP_USD"": 9926, ""USD_JPY"": -13345}","{""EUR_USD"": -1, ""GBP_USD"": -2, ""USD_JPY"": -1}","{""mode"": ""historical_replay"", ""filled"": true, ""instrument"": ""GBP_USD"", ""units"": -2, ""timestamp_utc"": ""2026-04-09 16:07:00+00:00""}"
2026-04-09 16:07:00+00:00,HISTORICAL_REPLAY_FILL,USD_JPY,-1,100091.42858008559,False,"{""EURUSD"": 1.0, ""GBPUSD"": 1.0, ""USDJPY"": -1.0}","{""EURUSD"": 0.3333333333333333, ""GBPUSD"": 0.3333333333333333, ""USDJPY"": -0.3333333333333333}","{""EUR_USD"": 11397, ""GBP_USD"": 9926, ""USD_JPY"": -13344}","{""EUR_USD"": 11397, ""GBP_USD"": 9926, ""USD_JPY"": -13345}","{""EUR_USD"": -1, ""GBP_USD"": -2, ""USD_JPY"": -1}","{""mode"": ""historical_replay"", ""filled"": true, ""instrument"": ""USD_JPY"", ""units"": -1, ""timestamp_utc"": ""2026-04-09 16:07:00+00:00""}"
2026-04-09 16:09:00+00:00,HISTORICAL_REPLAY_FILL,EUR_USD,1,100086.85173082622,False,"{""EURUSD"": 1.0, ""GBPUSD"": 1.0, ""USDJPY"": -1.0}","{""EURUSD"": 0.3333333333333333, ""GBPUSD"": 0.3333333333333333, ""USDJPY"": -0.3333333333333333}","{""EUR_USD"": 11397, ""GBP_USD"": 9926, ""USD_JPY"": -13345}","{""EUR_USD"": 11398, ""GBP_USD"": 9927, ""USD_JPY"": -13344}","{""EUR_USD"": 1, ""GBP_USD"": 1, ""USD_JPY"": 1}","{""mode"": ""historical_replay"", ""filled"": true, ""instrument"": ""EUR_USD"", ""units"": 1, ""timestamp_utc"": ""2026-04-09 16:09:00+00:00""}"
2026-04-09 16:09:00+00:00,HISTORICAL_REPLAY_FILL,GBP_USD,1,100086.85173082622,False,"{""EURUSD"": 1.0, ""GBPUSD"": 1.0, ""USDJPY"": -1.0}","{""EURUSD"": 0.3333333333333333, ""GBPUSD"": 0.3333333333333333, ""USDJPY"": -0.3333333333333333}","{""EUR_USD"": 11398, ""GBP_USD"": 9926, ""USD_JPY"": -13345}","{""EUR_USD"": 11398, ""GBP_USD"": 9927, ""USD_JPY"": -13344}","{""EUR_USD"": 1, ""GBP_USD"": 1, ""USD_JPY"": 1}","{""mode"": ""historical_replay"", ""filled"": true, ""instrument"": ""GBP_USD"", ""units"": 1, ""timestamp_utc"": ""2026-04-09 16:09:00+00:00""}"
2026-04-09 16:09:00+00:00,HISTORICAL_REPLAY_FILL,USD_JPY,1,100086.85173082622,False,"{""EURUSD"": 1.0, ""GBPUSD"": 1.0, ""USDJPY"": -1.0}","{""EURUSD"": 0.3333333333333333, ""GBPUSD"": 0.3333333333333333, ""USDJPY"": -0.3333333333333333}","{""EUR_USD"": 11398, ""GBP_USD"": 9927, ""USD_JPY"": -13345}","{""EUR_USD"": 11398, ""GBP_USD"": 9927, ""USD_JPY"": -13344}","{""EUR_USD"": 1, ""GBP_USD"": 1, ""USD_JPY"": 1}","{""mode"": ""historical_replay"", ""filled"": true, ""instrument"": ""USD_JPY"", ""units"": 1, ""timestamp_utc"": ""2026-04-09 16:09:00+00:00""}"
2026-04-09 16:10:00+00:00,HISTORICAL_REPLAY_FILL,GBP_USD,-1,100091.45662797493,False,"{""EURUSD"": 1.0, ""GBPUSD"": 1.0, ""USDJPY"": -1.0}","{""EURUSD"": 0.3333333333333333, ""GBPUSD"": 0.3333333333333333, ""USDJPY"": -0.3333333333333333}","{""EUR_USD"": 11398, ""GBP_USD"": 9927, ""USD_JPY"": -13344}","{""EUR_USD"": 11398, ""GBP_USD"": 9926, ""USD_JPY"": -13345}","{""GBP_USD"": -1, ""USD_JPY"": -1}","{""mode"": ""historical_replay"", ""filled"": true, ""instrument"": ""GBP_USD"", ""units"": -1, ""timestamp_utc"": ""2026-04-09 16:10:00+00:00""}"
2026-04-09 16:10:00+00:00,HISTORICAL_REPLAY_FILL,USD_JPY,-1,100091.45662797493,False,"{""EURUSD"": 1.0, ""GBPUSD"": 1.0, ""USDJPY"": -1.0}","{""EURUSD"": 0.3333333333333333, ""GBPUSD"": 0.3333333333333333, ""USDJPY"": -0.3333333333333333}","{""EUR_USD"": 11398, ""GBP_USD"": 9926, ""USD_JPY"": -13344}","{""EUR_USD"": 11398, ""GBP_USD"": 9926, ""USD_JPY"": -13345}","{""GBP_USD"": -1, ""USD_JPY"": -1}","{""mode"": ""historical_replay"", ""filled"": true, ""instrument"": ""USD_JPY"", ""units"": -1, ""timestamp_utc"": ""2026-04-09 16:10:00+00:00""}"
2026-04-09 16:12:00+00:00,HISTORICAL_REPLAY_FILL,EUR_USD,-2,100096.02637637114,False,"{""EURUSD"": 1.0, ""GBPUSD"": 1.0, ""USDJPY"": -1.0}","{""EURUSD"": 0.3333333333333333, ""GBPUSD"": 0.3333333333333333, ""USDJPY"": -0.3333333333333333}","{""EUR_USD"": 11398, ""GBP_USD"": 9926, ""USD_JPY"": -13345}","{""EUR_USD"": 11396, ""GBP_USD"": 9925, ""USD_JPY"": -13346}","{""EUR_USD"": -2, ""GBP_USD"": -1, ""USD_JPY"": -1}","{""mode"": ""historical_replay"", ""filled"": true, ""instrument"": ""EUR_USD"", ""units"": -2, ""timestamp_utc"": ""2026-04-09 16:12:00+00:00""}"
2026-04-09 16:12:00+00:00,HISTORICAL_REPLAY_FILL,GBP_USD,-1,100096.02637637114,False,"{""EURUSD"": 1.0, ""GBPUSD"": 1.0, ""USDJPY"": -1.0}","{""EURUSD"": 0.3333333333333333, ""GBPUSD"": 0.3333333333333333, ""USDJPY"": -0.3333333333333333}","{""EUR_USD"": 11396, ""GBP_USD"": 9926, ""USD_JPY"": -13345}","{""EUR_USD"": 11396, ""GBP_USD"": 9925, ""USD_JPY"": -13346}","{""EUR_USD"": -2, ""GBP_USD"": -1, ""USD_JPY"": -1}","{""mode"": ""historical_replay"", ""filled"": true, ""instrument"": ""GBP_USD"", ""units"": -1, ""timestamp_utc"": ""2026-04-09 16:12:00+00:00""}"
2026-04-09 16:12:00+00:00,HISTORICAL_REPLAY_FILL,USD_JPY,-1,100096.02637637114,False,"{""EURUSD"": 1.0, ""GBPUSD"": 1.0, ""USDJPY"": -1.0}","{""EURUSD"": 0.3333333333333333, ""GBPUSD"": 0.3333333333333333, ""USDJPY"": -0.3333333333333333}","{""EUR_USD"": 11396, ""GBP_USD"": 9925, ""USD_JPY"": -13345}","{""EUR_USD"": 11396, ""GBP_USD"": 9925, ""USD_JPY"": -13346}","{""EUR_USD"": -2, ""GBP_USD"": -1, ""USD_JPY"": -1}","{""mode"": ""historical_replay"", ""filled"": true, ""instrument"": ""USD_JPY"", ""units"": -1, ""timestamp_utc"": ""2026-04-09 16:12:00+00:00""}"
2026-04-09 16:13:00+00:00,HISTORICAL_REPLAY_FILL,EUR_USD,1,100088.56174447674,False,"{""EURUSD"": 1.0, ""GBPUSD"": 1.0, ""USDJPY"": -1.0}","{""EURUSD"": 0.3333333333333333, ""GBPUSD"": 0.3333333333333333, ""USDJPY"": -0.3333333333333333}","{""EUR_USD"": 11396, ""GBP_USD"": 9925, ""USD_JPY"": -13346}","{""EUR_USD"": 11397, ""GBP_USD"": 9926, ""USD_JPY"": -13345}","{""EUR_USD"": 1, ""GBP_USD"": 1, ""USD_JPY"": 1}","{""mode"": ""historical_replay"", ""filled"": true, ""instrument"": ""EUR_USD"", ""units"": 1, ""timestamp_utc"": ""2026-04-09 16:13:00+00:00""}"
2026-04-09 16:13:00+00:00,HISTORICAL_REPLAY_FILL,GBP_USD,1,100088.56174447674,False,"{""EURUSD"": 1.0, ""GBPUSD"": 1.0, ""USDJPY"": -1.0}","{""EURUSD"": 0.3333333333333333, ""GBPUSD"": 0.3333333333333333, ""USDJPY"": -0.3333333333333333}","{""EUR_USD"": 11397, ""GBP_USD"": 9925, ""USD_JPY"": -13346}","{""EUR_USD"": 11397, ""GBP_USD"": 9926, ""USD_JPY"": -13345}","{""EUR_USD"": 1, ""GBP_USD"": 1, ""USD_JPY"": 1}","{""mode"": ""historical_replay"", ""filled"": true, ""instrument"": ""GBP_USD"", ""units"": 1, ""timestamp_utc"": ""2026-04-09 16:13:00+00:00""}"
2026-04-09 16:13:00+00:00,HISTORICAL_REPLAY_FILL,USD_JPY,1,100088.56174447674,False,"{""EURUSD"": 1.0, ""GBPUSD"": 1.0, ""USDJPY"": -1.0}","{""EURUSD"": 0.3333333333333333, ""GBPUSD"": 0.3333333333333333, ""USDJPY"": -0.3333333333333333}","{""EUR_USD"": 11397, ""GBP_USD"": 9926, ""USD_JPY"": -13346}","{""EUR_USD"": 11397, ""GBP_USD"": 9926, ""USD_JPY"": -13345}","{""EUR_USD"": 1, ""GBP_USD"": 1, ""USD_JPY"": 1}","{""mode"": ""historical_replay"", ""filled"": true, ""instrument"": ""USD_JPY"", ""units"": 1, ""timestamp_utc"": ""2026-04-09 16:13:00+00:00""}"
2026-04-09 16:14:00+00:00,HISTORICAL_REPLAY_FILL,EUR_USD,1,100088.51985439613,False,"{""EURUSD"": 1.0, ""GBPUSD"": 1.0, ""USDJPY"": -1.0}","{""EURUSD"": 0.3333333333333333, ""GBPUSD"": 0.3333333333333333, ""USDJPY"": -0.3333333333333333}","{""EUR_USD"": 11397, ""GBP_USD"": 9926, ""USD_JPY"": -13345}","{""EUR_USD"": 11398, ""GBP_USD"": 9926, ""USD_JPY"": -13345}","{""EUR_USD"": 1}","{""mode"": ""historical_replay"", ""filled"": true, ""instrument"": ""EUR_USD"", ""units"": 1, ""timestamp_utc"": ""2026-04-09 16:14:00+00:00""}"
2026-04-09 16:15:00+00:00,HISTORICAL_REPLAY_FILL,EUR_USD,-1,100089.74468993349,False,"{""EURUSD"": 1.0, ""GBPUSD"": 1.0, ""USDJPY"": -1.0}","{""EURUSD"": 0.3333333333333333, ""GBPUSD"": 0.3333333333333333, ""USDJPY"": -0.3333333333333333}","{""EUR_USD"": 11398, ""GBP_USD"": 9926, ""USD_JPY"": -13345}","{""EUR_USD"": 11397, ""GBP_USD"": 9926, ""USD_JPY"": -13345}","{""EUR_USD"": -1}","{""mode"": ""historical_replay"", ""filled"": true, ""instrument"": ""EUR_USD"", ""units"": -1, ""timestamp_utc"": ""2026-04-09 16:15:00+00:00""}"
2026-04-09 16:16:00+00:00,HISTORICAL_REPLAY_FILL,EUR_USD,-2,100099.21948992959,False,"{""EURUSD"": 1.0, ""GBPUSD"": 1.0, ""USDJPY"": -1.0}","{""EURUSD"": 0.3333333333333333, ""GBPUSD"": 0.3333333333333333, ""USDJPY"": -0.3333333333333333}","{""EUR_USD"": 11397, ""GBP_USD"": 9926, ""USD_JPY"": -13345}","{""EUR_USD"": 11395, ""GBP_USD"": 9924, ""USD_JPY"": -13346}","{""EUR_USD"": -2, ""GBP_USD"": -2, ""USD_JPY"": -1}","{""mode"": ""historical_replay"", ""filled"": true, ""instrument"": ""EUR_USD"", ""units"": -2, ""timestamp_utc"": ""2026-04-09 16:16:00+00:00""}"
2026-04-09 16:16:00+00:00,HISTORICAL_REPLAY_FILL,GBP_USD,-2,100099.21948992959,False,"{""EURUSD"": 1.0, ""GBPUSD"": 1.0, ""USDJPY"": -1.0}","{""EURUSD"": 0.3333333333333333, ""GBPUSD"": 0.3333333333333333, ""USDJPY"": -0.3333333333333333}","{""EUR_USD"": 11395, ""GBP_USD"": 9926, ""USD_JPY"": -13345}","{""EUR_USD"": 11395, ""GBP_USD"": 9924, ""USD_JPY"": -13346}","{""EUR_USD"": -2, ""GBP_USD"": -2, ""USD_JPY"": -1}","{""mode"": ""historical_replay"", ""filled"": true, ""instrument"": ""GBP_USD"", ""units"": -2, ""timestamp_utc"": ""2026-04-09 16:16:00+00:00""}"
2026-04-09 16:16:00+00:00,HISTORICAL_REPLAY_FILL,USD_JPY,-1,100099.21948992959,False,"{""EURUSD"": 1.0, ""GBPUSD"": 1.0, ""USDJPY"": -1.0}","{""EURUSD"": 0.3333333333333333, ""GBPUSD"": 0.3333333333333333, ""USDJPY"": -0.3333333333333333}","{""EUR_USD"": 11395, ""GBP_USD"": 9924, ""USD_JPY"": -13345}","{""EUR_USD"": 11395, ""GBP_USD"": 9924, ""USD_JPY"": -13346}","{""EUR_USD"": -2, ""GBP_USD"": -2, ""USD_JPY"": -1}","{""mode"": ""historical_replay"", ""filled"": true, ""instrument"": ""USD_JPY"", ""units"": -1, ""timestamp_utc"": ""2026-04-09 16:16:00+00:00""}"
2026-04-09 16:18:00+00:00,HISTORICAL_REPLAY_FILL,EUR_USD,-1,100105.90859109815,False,"{""EURUSD"": 1.0, ""GBPUSD"": 1.0, ""USDJPY"": -1.0}","{""EURUSD"": 0.3333333333333333, ""GBPUSD"": 0.3333333333333333, ""USDJPY"": -0.3333333333333333}","{""EUR_USD"": 11395, ""GBP_USD"": 9924, ""USD_JPY"": -13346}","{""EUR_USD"": 11394, ""GBP_USD"": 9923, ""USD_JPY"": -13347}","{""EUR_USD"": -1, ""GBP_USD"": -1, ""USD_JPY"": -1}","{""mode"": ""historical_replay"", ""filled"": true, ""instrument"": ""EUR_USD"", ""units"": -1, ""timestamp_utc"": ""2026-04-09 16:18:00+00:00""}"
2026-04-09 16:18:00+00:00,HISTORICAL_REPLAY_FILL,GBP_USD,-1,100105.90859109815,False,"{""EURUSD"": 1.0, ""GBPUSD"": 1.0, ""USDJPY"": -1.0}","{""EURUSD"": 0.3333333333333333, ""GBPUSD"": 0.3333333333333333, ""USDJPY"": -0.3333333333333333}","{""EUR_USD"": 11394, ""GBP_USD"": 9924, ""USD_JPY"": -13346}","{""EUR_USD"": 11394, ""GBP_USD"": 9923, ""USD_JPY"": -13347}","{""EUR_USD"": -1, ""GBP_USD"": -1, ""USD_JPY"": -1}","{""mode"": ""historical_replay"", ""filled"": true, ""instrument"": ""GBP_USD"", ""units"": -1, ""timestamp_utc"": ""2026-04-09 16:18:00+00:00""}"
2026-04-09 16:18:00+00:00,HISTORICAL_REPLAY_FILL,USD_JPY,-1,100105.90859109815,False,"{""EURUSD"": 1.0, ""GBPUSD"": 1.0, ""USDJPY"": -1.0}","{""EURUSD"": 0.3333333333333333, ""GBPUSD"": 0.3333333333333333, ""USDJPY"": -0.3333333333333333}","{""EUR_USD"": 11394, ""GBP_USD"": 9923, ""USD_JPY"": -13346}","{""EUR_USD"": 11394, ""GBP_USD"": 9923, ""USD_JPY"": -13347}","{""EUR_USD"": -1, ""GBP_USD"": -1, ""USD_JPY"": -1}","{""mode"": ""historical_replay"", ""filled"": true, ""instrument"": ""USD_JPY"", ""units"": -1, ""timestamp_utc"": ""2026-04-09 16:18:00+00:00""}"
2026-04-09 16:19:00+00:00,HISTORICAL_REPLAY_FILL,GBP_USD,1,100107.1629292321,False,"{""EURUSD"": 1.0, ""GBPUSD"": 1.0, ""USDJPY"": -1.0}","{""EURUSD"": 0.3333333333333333, ""GBPUSD"": 0.3333333333333333, ""USDJPY"": -0.3333333333333333}","{""EUR_USD"": 11394, ""GBP_USD"": 9923, ""USD_JPY"": -13347}","{""EUR_USD"": 11394, ""GBP_USD"": 9924, ""USD_JPY"": -13347}","{""GBP_USD"": 1}","{""mode"": ""historical_replay"", ""filled"": true, ""instrument"": ""GBP_USD"", ""units"": 1, ""timestamp_utc"": ""2026-04-09 16:19:00+00:00""}"
2026-04-09 16:20:00+00:00,HISTORICAL_REPLAY_FILL,EUR_USD,1,100106.44768903046,False,"{""EURUSD"": 1.0, ""GBPUSD"": 1.0, ""USDJPY"": -1.0}","{""EURUSD"": 0.3333333333333333, ""GBPUSD"": 0.3333333333333333, ""USDJPY"": -0.3333333333333333}","{""EUR_USD"": 11394, ""GBP_USD"": 9924, ""USD_JPY"": -13347}","{""EUR_USD"": 11395, ""GBP_USD"": 9924, ""USD_JPY"": -13347}","{""EUR_USD"": 1}","{""mode"": ""historical_replay"", ""filled"": true, ""instrument"": ""EUR_USD"", ""units"": 1, ""timestamp_utc"": ""2026-04-09 16:20:00+00:00""}"
2026-04-09 16:22:00+00:00,HISTORICAL_REPLAY_FILL,EUR_USD,1,100104.4543967115,False,"{""EURUSD"": 1.0, ""GBPUSD"": 1.0, ""USDJPY"": -1.0}","{""EURUSD"": 0.3333333333333333, ""GBPUSD"": 0.3333333333333333, ""USDJPY"": -0.3333333333333333}","{""EUR_USD"": 11395, ""GBP_USD"": 9924, ""USD_JPY"": -13347}","{""EUR_USD"": 11396, ""GBP_USD"": 9923, ""USD_JPY"": -13347}","{""EUR_USD"": 1, ""GBP_USD"": -1}","{""mode"": ""historical_replay"", ""filled"": true, ""instrument"": ""EUR_USD"", ""units"": 1, ""timestamp_utc"": ""2026-04-09 16:22:00+00:00""}"
2026-04-09 16:22:00+00:00,HISTORICAL_REPLAY_FILL,GBP_USD,-1,100104.4543967115,False,"{""EURUSD"": 1.0, ""GBPUSD"": 1.0, ""USDJPY"": -1.0}","{""EURUSD"": 0.3333333333333333, ""GBPUSD"": 0.3333333333333333, ""USDJPY"": -0.3333333333333333}","{""EUR_USD"": 11396, ""GBP_USD"": 9924, ""USD_JPY"": -13347}","{""EUR_USD"": 11396, ""GBP_USD"": 9923, ""USD_JPY"": -13347}","{""EUR_USD"": 1, ""GBP_USD"": -1}","{""mode"": ""historical_replay"", ""filled"": true, ""instrument"": ""GBP_USD"", ""units"": -1, ""timestamp_utc"": ""2026-04-09 16:22:00+00:00""}"
2026-04-09 16:24:00+00:00,HISTORICAL_REPLAY_FILL,GBP_USD,-1,100109.76566194955,False,"{""EURUSD"": 1.0, ""GBPUSD"": 1.0, ""USDJPY"": -1.0}","{""EURUSD"": 0.3333333333333333, ""GBPUSD"": 0.3333333333333333, ""USDJPY"": -0.3333333333333333}","{""EUR_USD"": 11396, ""GBP_USD"": 9923, ""USD_JPY"": -13347}","{""EUR_USD"": 11396, ""GBP_USD"": 9922, ""USD_JPY"": -13347}","{""GBP_USD"": -1}","{""mode"": ""historical_replay"", ""filled"": true, ""instrument"": ""GBP_USD"", ""units"": -1, ""timestamp_utc"": ""2026-04-09 16:24:00+00:00""}"
2026-04-09 16:25:00+00:00,HISTORICAL_REPLAY_FILL,USD_JPY,-1,100110.53198678444,False,"{""EURUSD"": 1.0, ""GBPUSD"": 1.0, ""USDJPY"": -1.0}","{""EURUSD"": 0.3333333333333333, ""GBPUSD"": 0.3333333333333333, ""USDJPY"": -0.3333333333333333}","{""EUR_USD"": 11396, ""GBP_USD"": 9922, ""USD_JPY"": -13347}","{""EUR_USD"": 11396, ""GBP_USD"": 9922, ""USD_JPY"": -13348}","{""USD_JPY"": -1}","{""mode"": ""historical_replay"", ""filled"": true, ""instrument"": ""USD_JPY"", ""units"": -1, ""timestamp_utc"": ""2026-04-09 16:25:00+00:00""}"
2026-04-09 16:26:00+00:00,HISTORICAL_REPLAY_FILL,EUR_USD,1,100106.67722212659,False,"{""EURUSD"": 1.0, ""GBPUSD"": 1.0, ""USDJPY"": -1.0}","{""EURUSD"": 0.3333333333333333, ""GBPUSD"": 0.3333333333333333, ""USDJPY"": -0.3333333333333333}","{""EUR_USD"": 11396, ""GBP_USD"": 9922, ""USD_JPY"": -13348}","{""EUR_USD"": 11397, ""GBP_USD"": 9923, ""USD_JPY"": -13347}","{""EUR_USD"": 1, ""GBP_USD"": 1, ""USD_JPY"": 1}","{""mode"": ""historical_replay"", ""filled"": true, ""instrument"": ""EUR_USD"", ""units"": 1, ""timestamp_utc"": ""2026-04-09 16:26:00+00:00""}"
2026-04-09 16:26:00+00:00,HISTORICAL_REPLAY_FILL,GBP_USD,1,100106.67722212659,False,"{""EURUSD"": 1.0, ""GBPUSD"": 1.0, ""USDJPY"": -1.0}","{""EURUSD"": 0.3333333333333333, ""GBPUSD"": 0.3333333333333333, ""USDJPY"": -0.3333333333333333}","{""EUR_USD"": 11397, ""GBP_USD"": 9922, ""USD_JPY"": -13348}","{""EUR_USD"": 11397, ""GBP_USD"": 9923, ""USD_JPY"": -13347}","{""EUR_USD"": 1, ""GBP_USD"": 1, ""USD_JPY"": 1}","{""mode"": ""historical_replay"", ""filled"": true, ""instrument"": ""GBP_USD"", ""units"": 1, ""timestamp_utc"": ""2026-04-09 16:26:00+00:00""}"
2026-04-09 16:26:00+00:00,HISTORICAL_REPLAY_FILL,USD_JPY,1,100106.67722212659,False,"{""EURUSD"": 1.0, ""GBPUSD"": 1.0, ""USDJPY"": -1.0}","{""EURUSD"": 0.3333333333333333, ""GBPUSD"": 0.3333333333333333, ""USDJPY"": -0.3333333333333333}","{""EUR_USD"": 11397, ""GBP_USD"": 9923, ""USD_JPY"": -13348}","{""EUR_USD"": 11397, ""GBP_USD"": 9923, ""USD_JPY"": -13347}","{""EUR_USD"": 1, ""GBP_USD"": 1, ""USD_JPY"": 1}","{""mode"": ""historical_replay"", ""filled"": true, ""instrument"": ""USD_JPY"", ""units"": 1, ""timestamp_utc"": ""2026-04-09 16:26:00+00:00""}"
2026-04-09 16:27:00+00:00,HISTORICAL_REPLAY_FILL,EUR_USD,-1,100113.7895271522,False,"{""EURUSD"": 1.0, ""GBPUSD"": 1.0, ""USDJPY"": -1.0}","{""EURUSD"": 0.3333333333333333, ""GBPUSD"": 0.3333333333333333, ""USDJPY"": -0.3333333333333333}","{""EUR_USD"": 11397, ""GBP_USD"": 9923, ""USD_JPY"": -13347}","{""EUR_USD"": 11396, ""GBP_USD"": 9921, ""USD_JPY"": -13348}","{""EUR_USD"": -1, ""GBP_USD"": -2, ""USD_JPY"": -1}","{""mode"": ""historical_replay"", ""filled"": true, ""instrument"": ""EUR_USD"", ""units"": -1, ""timestamp_utc"": ""2026-04-09 16:27:00+00:00""}"
2026-04-09 16:27:00+00:00,HISTORICAL_REPLAY_FILL,GBP_USD,-2,100113.7895271522,False,"{""EURUSD"": 1.0, ""GBPUSD"": 1.0, ""USDJPY"": -1.0}","{""EURUSD"": 0.3333333333333333, ""GBPUSD"": 0.3333333333333333, ""USDJPY"": -0.3333333333333333}","{""EUR_USD"": 11396, ""GBP_USD"": 9923, ""USD_JPY"": -13347}","{""EUR_USD"": 11396, ""GBP_USD"": 9921, ""USD_JPY"": -13348}","{""EUR_USD"": -1, ""GBP_USD"": -2, ""USD_JPY"": -1}","{""mode"": ""historical_replay"", ""filled"": true, ""instrument"": ""GBP_USD"", ""units"": -2, ""timestamp_utc"": ""2026-04-09 16:27:00+00:00""}"
2026-04-09 16:27:00+00:00,HISTORICAL_REPLAY_FILL,USD_JPY,-1,100113.7895271522,False,"{""EURUSD"": 1.0, ""GBPUSD"": 1.0, ""USDJPY"": -1.0}","{""EURUSD"": 0.3333333333333333, ""GBPUSD"": 0.3333333333333333, ""USDJPY"": -0.3333333333333333}","{""EUR_USD"": 11396, ""GBP_USD"": 9921, ""USD_JPY"": -13347}","{""EUR_USD"": 11396, ""GBP_USD"": 9921, ""USD_JPY"": -13348}","{""EUR_USD"": -1, ""GBP_USD"": -2, ""USD_JPY"": -1}","{""mode"": ""historical_replay"", ""filled"": true, ""instrument"": ""USD_JPY"", ""units"": -1, ""timestamp_utc"": ""2026-04-09 16:27:00+00:00""}"
2026-04-09 16:28:00+00:00,HISTORICAL_REPLAY_FILL,USD_JPY,-1,100117.84578020927,False,"{""EURUSD"": 1.0, ""GBPUSD"": 1.0, ""USDJPY"": -1.0}","{""EURUSD"": 0.3333333333333333, ""GBPUSD"": 0.3333333333333333, ""USDJPY"": -0.3333333333333333}","{""EUR_USD"": 11396, ""GBP_USD"": 9921, ""USD_JPY"": -13348}","{""EUR_USD"": 11396, ""GBP_USD"": 9921, ""USD_JPY"": -13349}","{""USD_JPY"": -1}","{""mode"": ""historical_replay"", ""filled"": true, ""instrument"": ""USD_JPY"", ""units"": -1, ""timestamp_utc"": ""2026-04-09 16:28:00+00:00""}"
2026-04-09 16:30:00+00:00,HISTORICAL_REPLAY_FILL,USD_JPY,1,100117.16202020927,False,"{""EURUSD"": 1.0, ""GBPUSD"": 1.0, ""USDJPY"": -1.0}","{""EURUSD"": 0.3333333333333333, ""GBPUSD"": 0.3333333333333333, ""USDJPY"": -0.3333333333333333}","{""EUR_USD"": 11396, ""GBP_USD"": 9921, ""USD_JPY"": -13349}","{""EUR_USD"": 11396, ""GBP_USD"": 9921, ""USD_JPY"": -13348}","{""USD_JPY"": 1}","{""mode"": ""historical_replay"", ""filled"": true, ""instrument"": ""USD_JPY"", ""units"": 1, ""timestamp_utc"": ""2026-04-09 16:30:00+00:00""}"
2026-04-09 16:31:00+00:00,HISTORICAL_REPLAY_FILL,EUR_USD,1,100113.18618406898,False,"{""EURUSD"": 1.0, ""GBPUSD"": 1.0, ""USDJPY"": -1.0}","{""EURUSD"": 0.3333333333333333, ""GBPUSD"": 0.3333333333333333, ""USDJPY"": -0.3333333333333333}","{""EUR_USD"": 11396, ""GBP_USD"": 9921, ""USD_JPY"": -13348}","{""EUR_USD"": 11397, ""GBP_USD"": 9922, ""USD_JPY"": -13348}","{""EUR_USD"": 1, ""GBP_USD"": 1}","{""mode"": ""historical_replay"", ""filled"": true, ""instrument"": ""EUR_USD"", ""units"": 1, ""timestamp_utc"": ""2026-04-09 16:31:00+00:00""}"
2026-04-09 16:31:00+00:00,HISTORICAL_REPLAY_FILL,GBP_USD,1,100113.18618406898,False,"{""EURUSD"": 1.0, ""GBPUSD"": 1.0, ""USDJPY"": -1.0}","{""EURUSD"": 0.3333333333333333, ""GBPUSD"": 0.3333333333333333, ""USDJPY"": -0.3333333333333333}","{""EUR_USD"": 11397, ""GBP_USD"": 9921, ""USD_JPY"": -13348}","{""EUR_USD"": 11397, ""GBP_USD"": 9922, ""USD_JPY"": -13348}","{""EUR_USD"": 1, ""GBP_USD"": 1}","{""mode"": ""historical_replay"", ""filled"": true, ""instrument"": ""GBP_USD"", ""units"": 1, ""timestamp_utc"": ""2026-04-09 16:31:00+00:00""}"
2026-04-09 16:32:00+00:00,HISTORICAL_REPLAY_FILL,EUR_USD,1,100105.32754264622,False,"{""EURUSD"": 1.0, ""GBPUSD"": 1.0, ""USDJPY"": -1.0}","{""EURUSD"": 0.3333333333333333, ""GBPUSD"": 0.3333333333333333, ""USDJPY"": -0.3333333333333333}","{""EUR_USD"": 11397, ""GBP_USD"": 9922, ""USD_JPY"": -13348}","{""EUR_USD"": 11398, ""GBP_USD"": 9923, ""USD_JPY"": -13347}","{""EUR_USD"": 1, ""GBP_USD"": 1, ""USD_JPY"": 1}","{""mode"": ""historical_replay"", ""filled"": true, ""instrument"": ""EUR_USD"", ""units"": 1, ""timestamp_utc"": ""2026-04-09 16:32:00+00:00""}"
2026-04-09 16:32:00+00:00,HISTORICAL_REPLAY_FILL,GBP_USD,1,100105.32754264622,False,"{""EURUSD"": 1.0, ""GBPUSD"": 1.0, ""USDJPY"": -1.0}","{""EURUSD"": 0.3333333333333333, ""GBPUSD"": 0.3333333333333333, ""USDJPY"": -0.3333333333333333}","{""EUR_USD"": 11398, ""GBP_USD"": 9922, ""USD_JPY"": -13348}","{""EUR_USD"": 11398, ""GBP_USD"": 9923, ""USD_JPY"": -13347}","{""EUR_USD"": 1, ""GBP_USD"": 1, ""USD_JPY"": 1}","{""mode"": ""historical_replay"", ""filled"": true, ""instrument"": ""GBP_USD"", ""units"": 1, ""timestamp_utc"": ""2026-04-09 16:32:00+00:00""}"
2026-04-09 16:32:00+00:00,HISTORICAL_REPLAY_FILL,USD_JPY,1,100105.32754264622,False,"{""EURUSD"": 1.0, ""GBPUSD"": 1.0, ""USDJPY"": -1.0}","{""EURUSD"": 0.3333333333333333, ""GBPUSD"": 0.3333333333333333, ""USDJPY"": -0.3333333333333333}","{""EUR_USD"": 11398, ""GBP_USD"": 9923, ""USD_JPY"": -13348}","{""EUR_USD"": 11398, ""GBP_USD"": 9923, ""USD_JPY"": -13347}","{""EUR_USD"": 1, ""GBP_USD"": 1, ""USD_JPY"": 1}","{""mode"": ""historical_replay"", ""filled"": true, ""instrument"": ""USD_JPY"", ""units"": 1, ""timestamp_utc"": ""2026-04-09 16:32:00+00:00""}"
2026-04-09 16:33:00+00:00,HISTORICAL_REPLAY_FILL,EUR_USD,1,100106.35423459778,False,"{""EURUSD"": 1.0, ""GBPUSD"": 1.0, ""USDJPY"": -1.0}","{""EURUSD"": 0.3333333333333333, ""GBPUSD"": 0.3333333333333333, ""USDJPY"": -0.3333333333333333}","{""EUR_USD"": 11398, ""GBP_USD"": 9923, ""USD_JPY"": -13347}","{""EUR_USD"": 11399, ""GBP_USD"": 9922, ""USD_JPY"": -13347}","{""EUR_USD"": 1, ""GBP_USD"": -1}","{""mode"": ""historical_replay"", ""filled"": true, ""instrument"": ""EUR_USD"", ""units"": 1, ""timestamp_utc"": ""2026-04-09 16:33:00+00:00""}"
2026-04-09 16:33:00+00:00,HISTORICAL_REPLAY_FILL,GBP_USD,-1,100106.35423459778,False,"{""EURUSD"": 1.0, ""GBPUSD"": 1.0, ""USDJPY"": -1.0}","{""EURUSD"": 0.3333333333333333, ""GBPUSD"": 0.3333333333333333, ""USDJPY"": -0.3333333333333333}","{""EUR_USD"": 11399, ""GBP_USD"": 9923, ""USD_JPY"": -13347}","{""EUR_USD"": 11399, ""GBP_USD"": 9922, ""USD_JPY"": -13347}","{""EUR_USD"": 1, ""GBP_USD"": -1}","{""mode"": ""historical_replay"", ""filled"": true, ""instrument"": ""GBP_USD"", ""units"": -1, ""timestamp_utc"": ""2026-04-09 16:33:00+00:00""}"
2026-04-09 16:34:00+00:00,HISTORICAL_REPLAY_FILL,EUR_USD,-2,100111.05995873759,False,"{""EURUSD"": 1.0, ""GBPUSD"": 1.0, ""USDJPY"": -1.0}","{""EURUSD"": 0.3333333333333333, ""GBPUSD"": 0.3333333333333333, ""USDJPY"": -0.3333333333333333}","{""EUR_USD"": 11399, ""GBP_USD"": 9922, ""USD_JPY"": -13347}","{""EUR_USD"": 11397, ""GBP_USD"": 9921, ""USD_JPY"": -13348}","{""EUR_USD"": -2, ""GBP_USD"": -1, ""USD_JPY"": -1}","{""mode"": ""historical_replay"", ""filled"": true, ""instrument"": ""EUR_USD"", ""units"": -2, ""timestamp_utc"": ""2026-04-09 16:34:00+00:00""}"
2026-04-09 16:34:00+00:00,HISTORICAL_REPLAY_FILL,GBP_USD,-1,100111.05995873759,False,"{""EURUSD"": 1.0, ""GBPUSD"": 1.0, ""USDJPY"": -1.0}","{""EURUSD"": 0.3333333333333333, ""GBPUSD"": 0.3333333333333333, ""USDJPY"": -0.3333333333333333}","{""EUR_USD"": 11397, ""GBP_USD"": 9922, ""USD_JPY"": -13347}","{""EUR_USD"": 11397, ""GBP_USD"": 9921, ""USD_JPY"": -13348}","{""EUR_USD"": -2, ""GBP_USD"": -1, ""USD_JPY"": -1}","{""mode"": ""historical_replay"", ""filled"": true, ""instrument"": ""GBP_USD"", ""units"": -1, ""timestamp_utc"": ""2026-04-09 16:34:00+00:00""}"
2026-04-09 16:34:00+00:00,HISTORICAL_REPLAY_FILL,USD_JPY,-1,100111.05995873759,False,"{""EURUSD"": 1.0, ""GBPUSD"": 1.0, ""USDJPY"": -1.0}","{""EURUSD"": 0.3333333333333333, ""GBPUSD"": 0.3333333333333333, ""USDJPY"": -0.3333333333333333}","{""EUR_USD"": 11397, ""GBP_USD"": 9921, ""USD_JPY"": -13347}","{""EUR_USD"": 11397, ""GBP_USD"": 9921, ""USD_JPY"": -13348}","{""EUR_USD"": -2, ""GBP_USD"": -1, ""USD_JPY"": -1}","{""mode"": ""historical_replay"", ""filled"": true, ""instrument"": ""USD_JPY"", ""units"": -1, ""timestamp_utc"": ""2026-04-09 16:34:00+00:00""}"
2026-04-09 16:35:00+00:00,HISTORICAL_REPLAY_FILL,GBP_USD,1,100109.136784848,False,"{""EURUSD"": 1.0, ""GBPUSD"": 1.0, ""USDJPY"": -1.0}","{""EURUSD"": 0.3333333333333333, ""GBPUSD"": 0.3333333333333333, ""USDJPY"": -0.3333333333333333}","{""EUR_USD"": 11397, ""GBP_USD"": 9921, ""USD_JPY"": -13348}","{""EUR_USD"": 11397, ""GBP_USD"": 9922, ""USD_JPY"": -13347}","{""GBP_USD"": 1, ""USD_JPY"": 1}","{""mode"": ""historical_replay"", ""filled"": true, ""instrument"": ""GBP_USD"", ""units"": 1, ""timestamp_utc"": ""2026-04-09 16:35:00+00:00""}"
2026-04-09 16:35:00+00:00,HISTORICAL_REPLAY_FILL,USD_JPY,1,100109.136784848,False,"{""EURUSD"": 1.0, ""GBPUSD"": 1.0, ""USDJPY"": -1.0}","{""EURUSD"": 0.3333333333333333, ""GBPUSD"": 0.3333333333333333, ""USDJPY"": -0.3333333333333333}","{""EUR_USD"": 11397, ""GBP_USD"": 9922, ""USD_JPY"": -13348}","{""EUR_USD"": 11397, ""GBP_USD"": 9922, ""USD_JPY"": -13347}","{""GBP_USD"": 1, ""USD_JPY"": 1}","{""mode"": ""historical_replay"", ""filled"": true, ""instrument"": ""USD_JPY"", ""units"": 1, ""timestamp_utc"": ""2026-04-09 16:35:00+00:00""}"
2026-04-09 16:36:00+00:00,HISTORICAL_REPLAY_FILL,GBP_USD,1,100107.7089226106,False,"{""EURUSD"": 1.0, ""GBPUSD"": 1.0, ""USDJPY"": -1.0}","{""EURUSD"": 0.3333333333333333, ""GBPUSD"": 0.3333333333333333, ""USDJPY"": -0.3333333333333333}","{""EUR_USD"": 11397, ""GBP_USD"": 9922, ""USD_JPY"": -13347}","{""EUR_USD"": 11397, ""GBP_USD"": 9923, ""USD_JPY"": -13347}","{""GBP_USD"": 1}","{""mode"": ""historical_replay"", ""filled"": true, ""instrument"": ""GBP_USD"", ""units"": 1, ""timestamp_utc"": ""2026-04-09 16:36:00+00:00""}"
2026-04-09 16:37:00+00:00,HISTORICAL_REPLAY_FILL,EUR_USD,-1,100109.6575825813,False,"{""EURUSD"": 1.0, ""GBPUSD"": 1.0, ""USDJPY"": -1.0}","{""EURUSD"": 0.3333333333333333, ""GBPUSD"": 0.3333333333333333, ""USDJPY"": -0.3333333333333333}","{""EUR_USD"": 11397, ""GBP_USD"": 9923, ""USD_JPY"": -13347}","{""EUR_USD"": 11396, ""GBP_USD"": 9922, ""USD_JPY"": -13347}","{""EUR_USD"": -1, ""GBP_USD"": -1}","{""mode"": ""historical_replay"", ""filled"": true, ""instrument"": ""EUR_USD"", ""units"": -1, ""timestamp_utc"": ""2026-04-09 16:37:00+00:00""}"
2026-04-09 16:37:00+00:00,HISTORICAL_REPLAY_FILL,GBP_USD,-1,100109.6575825813,False,"{""EURUSD"": 1.0, ""GBPUSD"": 1.0, ""USDJPY"": -1.0}","{""EURUSD"": 0.3333333333333333, ""GBPUSD"": 0.3333333333333333, ""USDJPY"": -0.3333333333333333}","{""EUR_USD"": 11396, ""GBP_USD"": 9923, ""USD_JPY"": -13347}","{""EUR_USD"": 11396, ""GBP_USD"": 9922, ""USD_JPY"": -13347}","{""EUR_USD"": -1, ""GBP_USD"": -1}","{""mode"": ""historical_replay"", ""filled"": true, ""instrument"": ""GBP_USD"", ""units"": -1, ""timestamp_utc"": ""2026-04-09 16:37:00+00:00""}"
2026-04-09 16:40:00+00:00,HISTORICAL_REPLAY_FILL,EUR_USD,1,100099.3150619706,False,"{""EURUSD"": 1.0, ""GBPUSD"": 1.0, ""USDJPY"": -1.0}","{""EURUSD"": 0.3333333333333333, ""GBPUSD"": 0.3333333333333333, ""USDJPY"": -0.3333333333333333}","{""EUR_USD"": 11396, ""GBP_USD"": 9922, ""USD_JPY"": -13347}","{""EUR_USD"": 11397, ""GBP_USD"": 9923, ""USD_JPY"": -13346}","{""EUR_USD"": 1, ""GBP_USD"": 1, ""USD_JPY"": 1}","{""mode"": ""historical_replay"", ""filled"": true, ""instrument"": ""EUR_USD"", ""units"": 1, ""timestamp_utc"": ""2026-04-09 16:40:00+00:00""}"
2026-04-09 16:40:00+00:00,HISTORICAL_REPLAY_FILL,GBP_USD,1,100099.3150619706,False,"{""EURUSD"": 1.0, ""GBPUSD"": 1.0, ""USDJPY"": -1.0}","{""EURUSD"": 0.3333333333333333, ""GBPUSD"": 0.3333333333333333, ""USDJPY"": -0.3333333333333333}","{""EUR_USD"": 11397, ""GBP_USD"": 9922, ""USD_JPY"": -13347}","{""EUR_USD"": 11397, ""GBP_USD"": 9923, ""USD_JPY"": -13346}","{""EUR_USD"": 1, ""GBP_USD"": 1, ""USD_JPY"": 1}","{""mode"": ""historical_replay"", ""filled"": true, ""instrument"": ""GBP_USD"", ""units"": 1, ""timestamp_utc"": ""2026-04-09 16:40:00+00:00""}"
2026-04-09 16:40:00+00:00,HISTORICAL_REPLAY_FILL,USD_JPY,1,100099.3150619706,False,"{""EURUSD"": 1.0, ""GBPUSD"": 1.0, ""USDJPY"": -1.0}","{""EURUSD"": 0.3333333333333333, ""GBPUSD"": 0.3333333333333333, ""USDJPY"": -0.3333333333333333}","{""EUR_USD"": 11397, ""GBP_USD"": 9923, ""USD_JPY"": -13347}","{""EUR_USD"": 11397, ""GBP_USD"": 9923, ""USD_JPY"": -13346}","{""EUR_USD"": 1, ""GBP_USD"": 1, ""USD_JPY"": 1}","{""mode"": ""historical_replay"", ""filled"": true, ""instrument"": ""USD_JPY"", ""units"": 1, ""timestamp_utc"": ""2026-04-09 16:40:00+00:00""}"
2026-04-09 16:41:00+00:00,HISTORICAL_REPLAY_FILL,GBP_USD,2,100095.66642257787,False,"{""EURUSD"": 1.0, ""GBPUSD"": 1.0, ""USDJPY"": -1.0}","{""EURUSD"": 0.3333333333333333, ""GBPUSD"": 0.3333333333333333, ""USDJPY"": -0.3333333333333333}","{""EUR_USD"": 11397, ""GBP_USD"": 9923, ""USD_JPY"": -13346}","{""EUR_USD"": 11397, ""GBP_USD"": 9925, ""USD_JPY"": -13346}","{""GBP_USD"": 2}","{""mode"": ""historical_replay"", ""filled"": true, ""instrument"": ""GBP_USD"", ""units"": 2, ""timestamp_utc"": ""2026-04-09 16:41:00+00:00""}"
2026-04-09 16:42:00+00:00,HISTORICAL_REPLAY_FILL,GBP_USD,-1,100098.66459799637,False,"{""EURUSD"": 1.0, ""GBPUSD"": 1.0, ""USDJPY"": -1.0}","{""EURUSD"": 0.3333333333333333, ""GBPUSD"": 0.3333333333333333, ""USDJPY"": -0.3333333333333333}","{""EUR_USD"": 11397, ""GBP_USD"": 9925, ""USD_JPY"": -13346}","{""EUR_USD"": 11397, ""GBP_USD"": 9924, ""USD_JPY"": -13346}","{""GBP_USD"": -1}","{""mode"": ""historical_replay"", ""filled"": true, ""instrument"": ""GBP_USD"", ""units"": -1, ""timestamp_utc"": ""2026-04-09 16:42:00+00:00""}"
2026-04-09 16:43:00+00:00,HISTORICAL_REPLAY_FILL,USD_JPY,-1,100103.80017898527,False,"{""EURUSD"": 1.0, ""GBPUSD"": 1.0, ""USDJPY"": -1.0}","{""EURUSD"": 0.3333333333333333, ""GBPUSD"": 0.3333333333333333, ""USDJPY"": -0.3333333333333333}","{""EUR_USD"": 11397, ""GBP_USD"": 9924, ""USD_JPY"": -13346}","{""EUR_USD"": 11397, ""GBP_USD"": 9924, ""USD_JPY"": -13347}","{""USD_JPY"": -1}","{""mode"": ""historical_replay"", ""filled"": true, ""instrument"": ""USD_JPY"", ""units"": -1, ""timestamp_utc"": ""2026-04-09 16:43:00+00:00""}"
2026-04-09 16:44:00+00:00,HISTORICAL_REPLAY_FILL,EUR_USD,-1,100104.24975418061,False,"{""EURUSD"": 1.0, ""GBPUSD"": 1.0, ""USDJPY"": -1.0}","{""EURUSD"": 0.3333333333333333, ""GBPUSD"": 0.3333333333333333, ""USDJPY"": -0.3333333333333333}","{""EUR_USD"": 11397, ""GBP_USD"": 9924, ""USD_JPY"": -13347}","{""EUR_USD"": 11396, ""GBP_USD"": 9924, ""USD_JPY"": -13347}","{""EUR_USD"": -1}","{""mode"": ""historical_replay"", ""filled"": true, ""instrument"": ""EUR_USD"", ""units"": -1, ""timestamp_utc"": ""2026-04-09 16:44:00+00:00""}"
2026-04-09 16:45:00+00:00,HISTORICAL_REPLAY_FILL,EUR_USD,1,100096.57392210895,False,"{""EURUSD"": 1.0, ""GBPUSD"": 1.0, ""USDJPY"": -1.0}","{""EURUSD"": 0.3333333333333333, ""GBPUSD"": 0.3333333333333333, ""USDJPY"": -0.3333333333333333}","{""EUR_USD"": 11396, ""GBP_USD"": 9924, ""USD_JPY"": -13347}","{""EUR_USD"": 11397, ""GBP_USD"": 9925, ""USD_JPY"": -13346}","{""EUR_USD"": 1, ""GBP_USD"": 1, ""USD_JPY"": 1}","{""mode"": ""historical_replay"", ""filled"": true, ""instrument"": ""EUR_USD"", ""units"": 1, ""timestamp_utc"": ""2026-04-09 16:45:00+00:00""}"
2026-04-09 16:45:00+00:00,HISTORICAL_REPLAY_FILL,GBP_USD,1,100096.57392210895,False,"{""EURUSD"": 1.0, ""GBPUSD"": 1.0, ""USDJPY"": -1.0}","{""EURUSD"": 0.3333333333333333, ""GBPUSD"": 0.3333333333333333, ""USDJPY"": -0.3333333333333333}","{""EUR_USD"": 11397, ""GBP_USD"": 9924, ""USD_JPY"": -13347}","{""EUR_USD"": 11397, ""GBP_USD"": 9925, ""USD_JPY"": -13346}","{""EUR_USD"": 1, ""GBP_USD"": 1, ""USD_JPY"": 1}","{""mode"": ""historical_replay"", ""filled"": true, ""instrument"": ""GBP_USD"", ""units"": 1, ""timestamp_utc"": ""2026-04-09 16:45:00+00:00""}"
2026-04-09 16:45:00+00:00,HISTORICAL_REPLAY_FILL,USD_JPY,1,100096.57392210895,False,"{""EURUSD"": 1.0, ""GBPUSD"": 1.0, ""USDJPY"": -1.0}","{""EURUSD"": 0.3333333333333333, ""GBPUSD"": 0.3333333333333333, ""USDJPY"": -0.3333333333333333}","{""EUR_USD"": 11397, ""GBP_USD"": 9925, ""USD_JPY"": -13347}","{""EUR_USD"": 11397, ""GBP_USD"": 9925, ""USD_JPY"": -13346}","{""EUR_USD"": 1, ""GBP_USD"": 1, ""USD_JPY"": 1}","{""mode"": ""historical_replay"", ""filled"": true, ""instrument"": ""USD_JPY"", ""units"": 1, ""timestamp_utc"": ""2026-04-09 16:45:00+00:00""}"
2026-04-09 16:46:00+00:00,HISTORICAL_REPLAY_FILL,GBP_USD,-1,100099.57211500712,False,"{""EURUSD"": 1.0, ""GBPUSD"": 1.0, ""USDJPY"": -1.0}","{""EURUSD"": 0.3333333333333333, ""GBPUSD"": 0.3333333333333333, ""USDJPY"": -0.3333333333333333}","{""EUR_USD"": 11397, ""GBP_USD"": 9925, ""USD_JPY"": -13346}","{""EUR_USD"": 11397, ""GBP_USD"": 9924, ""USD_JPY"": -13346}","{""GBP_USD"": -1}","{""mode"": ""historical_replay"", ""filled"": true, ""instrument"": ""GBP_USD"", ""units"": -1, ""timestamp_utc"": ""2026-04-09 16:46:00+00:00""}"
2026-04-09 16:47:00+00:00,HISTORICAL_REPLAY_FILL,EUR_USD,-1,100102.60888451592,False,"{""EURUSD"": 1.0, ""GBPUSD"": 1.0, ""USDJPY"": -1.0}","{""EURUSD"": 0.3333333333333333, ""GBPUSD"": 0.3333333333333333, ""USDJPY"": -0.3333333333333333}","{""EUR_USD"": 11397, ""GBP_USD"": 9924, ""USD_JPY"": -13346}","{""EUR_USD"": 11396, ""GBP_USD"": 9924, ""USD_JPY"": -13347}","{""EUR_USD"": -1, ""USD_JPY"": -1}","{""mode"": ""historical_replay"", ""filled"": true, ""instrument"": ""EUR_USD"", ""units"": -1, ""timestamp_utc"": ""2026-04-09 16:47:00+00:00""}"
2026-04-09 16:47:00+00:00,HISTORICAL_REPLAY_FILL,USD_JPY,-1,100102.60888451592,False,"{""EURUSD"": 1.0, ""GBPUSD"": 1.0, ""USDJPY"": -1.0}","{""EURUSD"": 0.3333333333333333, ""GBPUSD"": 0.3333333333333333, ""USDJPY"": -0.3333333333333333}","{""EUR_USD"": 11396, ""GBP_USD"": 9924, ""USD_JPY"": -13346}","{""EUR_USD"": 11396, ""GBP_USD"": 9924, ""USD_JPY"": -13347}","{""EUR_USD"": -1, ""USD_JPY"": -1}","{""mode"": ""historical_replay"", ""filled"": true, ""instrument"": ""USD_JPY"", ""units"": -1, ""timestamp_utc"": ""2026-04-09 16:47:00+00:00""}"
2026-04-09 16:48:00+00:00,HISTORICAL_REPLAY_FILL,EUR_USD,1,100101.15143858851,False,"{""EURUSD"": 1.0, ""GBPUSD"": 1.0, ""USDJPY"": -1.0}","{""EURUSD"": 0.3333333333333333, ""GBPUSD"": 0.3333333333333333, ""USDJPY"": -0.3333333333333333}","{""EUR_USD"": 11396, ""GBP_USD"": 9924, ""USD_JPY"": -13347}","{""EUR_USD"": 11397, ""GBP_USD"": 9924, ""USD_JPY"": -13346}","{""EUR_USD"": 1, ""USD_JPY"": 1}","{""mode"": ""historical_replay"", ""filled"": true, ""instrument"": ""EUR_USD"", ""units"": 1, ""timestamp_utc"": ""2026-04-09 16:48:00+00:00""}"
2026-04-09 16:48:00+00:00,HISTORICAL_REPLAY_FILL,USD_JPY,1,100101.15143858851,False,"{""EURUSD"": 1.0, ""GBPUSD"": 1.0, ""USDJPY"": -1.0}","{""EURUSD"": 0.3333333333333333, ""GBPUSD"": 0.3333333333333333, ""USDJPY"": -0.3333333333333333}","{""EUR_USD"": 11397, ""GBP_USD"": 9924, ""USD_JPY"": -13347}","{""EUR_USD"": 11397, ""GBP_USD"": 9924, ""USD_JPY"": -13346}","{""EUR_USD"": 1, ""USD_JPY"": 1}","{""mode"": ""historical_replay"", ""filled"": true, ""instrument"": ""USD_JPY"", ""units"": 1, ""timestamp_utc"": ""2026-04-09 16:48:00+00:00""}"
2026-04-09 16:49:00+00:00,HISTORICAL_REPLAY_FILL,GBP_USD,1,100094.4748984832,False,"{""EURUSD"": 1.0, ""GBPUSD"": 1.0, ""USDJPY"": -1.0}","{""EURUSD"": 0.3333333333333333, ""GBPUSD"": 0.3333333333333333, ""USDJPY"": -0.3333333333333333}","{""EUR_USD"": 11397, ""GBP_USD"": 9924, ""USD_JPY"": -13346}","{""EUR_USD"": 11397, ""GBP_USD"": 9925, ""USD_JPY"": -13345}","{""GBP_USD"": 1, ""USD_JPY"": 1}","{""mode"": ""historical_replay"", ""filled"": true, ""instrument"": ""GBP_USD"", ""units"": 1, ""timestamp_utc"": ""2026-04-09 16:49:00+00:00""}"
2026-04-09 16:49:00+00:00,HISTORICAL_REPLAY_FILL,USD_JPY,1,100094.4748984832,False,"{""EURUSD"": 1.0, ""GBPUSD"": 1.0, ""USDJPY"": -1.0}","{""EURUSD"": 0.3333333333333333, ""GBPUSD"": 0.3333333333333333, ""USDJPY"": -0.3333333333333333}","{""EUR_USD"": 11397, ""GBP_USD"": 9925, ""USD_JPY"": -13346}","{""EUR_USD"": 11397, ""GBP_USD"": 9925, ""USD_JPY"": -13345}","{""GBP_USD"": 1, ""USD_JPY"": 1}","{""mode"": ""historical_replay"", ""filled"": true, ""instrument"": ""USD_JPY"", ""units"": 1, ""timestamp_utc"": ""2026-04-09 16:49:00+00:00""}"
2026-04-09 16:50:00+00:00,HISTORICAL_REPLAY_FILL,EUR_USD,-1,100097.40313052169,False,"{""EURUSD"": 1.0, ""GBPUSD"": 1.0, ""USDJPY"": -1.0}","{""EURUSD"": 0.3333333333333333, ""GBPUSD"": 0.3333333333333333, ""USDJPY"": -0.3333333333333333}","{""EUR_USD"": 11397, ""GBP_USD"": 9925, ""USD_JPY"": -13345}","{""EUR_USD"": 11396, ""GBP_USD"": 9925, ""USD_JPY"": -13346}","{""EUR_USD"": -1, ""USD_JPY"": -1}","{""mode"": ""historical_replay"", ""filled"": true, ""instrument"": ""EUR_USD"", ""units"": -1, ""timestamp_utc"": ""2026-04-09 16:50:00+00:00""}"
2026-04-09 16:50:00+00:00,HISTORICAL_REPLAY_FILL,USD_JPY,-1,100097.40313052169,False,"{""EURUSD"": 1.0, ""GBPUSD"": 1.0, ""USDJPY"": -1.0}","{""EURUSD"": 0.3333333333333333, ""GBPUSD"": 0.3333333333333333, ""USDJPY"": -0.3333333333333333}","{""EUR_USD"": 11396, ""GBP_USD"": 9925, ""USD_JPY"": -13345}","{""EUR_USD"": 11396, ""GBP_USD"": 9925, ""USD_JPY"": -13346}","{""EUR_USD"": -1, ""USD_JPY"": -1}","{""mode"": ""historical_replay"", ""filled"": true, ""instrument"": ""USD_JPY"", ""units"": -1, ""timestamp_utc"": ""2026-04-09 16:50:00+00:00""}"
2026-04-09 16:51:00+00:00,HISTORICAL_REPLAY_FILL,GBP_USD,-1,100100.57404594019,False,"{""EURUSD"": 1.0, ""GBPUSD"": 1.0, ""USDJPY"": -1.0}","{""EURUSD"": 0.3333333333333333, ""GBPUSD"": 0.3333333333333333, ""USDJPY"": -0.3333333333333333}","{""EUR_USD"": 11396, ""GBP_USD"": 9925, ""USD_JPY"": -13346}","{""EUR_USD"": 11396, ""GBP_USD"": 9924, ""USD_JPY"": -13346}","{""GBP_USD"": -1}","{""mode"": ""historical_replay"", ""filled"": true, ""instrument"": ""GBP_USD"", ""units"": -1, ""timestamp_utc"": ""2026-04-09 16:51:00+00:00""}"
2026-04-09 16:52:00+00:00,HISTORICAL_REPLAY_FILL,EUR_USD,-1,100104.51018595883,False,"{""EURUSD"": 1.0, ""GBPUSD"": 1.0, ""USDJPY"": -1.0}","{""EURUSD"": 0.3333333333333333, ""GBPUSD"": 0.3333333333333333, ""USDJPY"": -0.3333333333333333}","{""EUR_USD"": 11396, ""GBP_USD"": 9924, ""USD_JPY"": -13346}","{""EUR_USD"": 11395, ""GBP_USD"": 9924, ""USD_JPY"": -13347}","{""EUR_USD"": -1, ""USD_JPY"": -1}","{""mode"": ""historical_replay"", ""filled"": true, ""instrument"": ""EUR_USD"", ""units"": -1, ""timestamp_utc"": ""2026-04-09 16:52:00+00:00""}"
2026-04-09 16:52:00+00:00,HISTORICAL_REPLAY_FILL,USD_JPY,-1,100104.51018595883,False,"{""EURUSD"": 1.0, ""GBPUSD"": 1.0, ""USDJPY"": -1.0}","{""EURUSD"": 0.3333333333333333, ""GBPUSD"": 0.3333333333333333, ""USDJPY"": -0.3333333333333333}","{""EUR_USD"": 11395, ""GBP_USD"": 9924, ""USD_JPY"": -13346}","{""EUR_USD"": 11395, ""GBP_USD"": 9924, ""USD_JPY"": -13347}","{""EUR_USD"": -1, ""USD_JPY"": -1}","{""mode"": ""historical_replay"", ""filled"": true, ""instrument"": ""USD_JPY"", ""units"": -1, ""timestamp_utc"": ""2026-04-09 16:52:00+00:00""}"
2026-04-09 16:53:00+00:00,HISTORICAL_REPLAY_FILL,GBP_USD,1,100102.96317864866,False,"{""EURUSD"": 1.0, ""GBPUSD"": 1.0, ""USDJPY"": -1.0}","{""EURUSD"": 0.3333333333333333, ""GBPUSD"": 0.3333333333333333, ""USDJPY"": -0.3333333333333333}","{""EUR_USD"": 11395, ""GBP_USD"": 9924, ""USD_JPY"": -13347}","{""EUR_USD"": 11395, ""GBP_USD"": 9925, ""USD_JPY"": -13347}","{""GBP_USD"": 1}","{""mode"": ""historical_replay"", ""filled"": true, ""instrument"": ""GBP_USD"", ""units"": 1, ""timestamp_utc"": ""2026-04-09 16:53:00+00:00""}"
2026-04-09 16:54:00+00:00,HISTORICAL_REPLAY_FILL,EUR_USD,1,100097.08132078257,False,"{""EURUSD"": 1.0, ""GBPUSD"": 1.0, ""USDJPY"": -1.0}","{""EURUSD"": 0.3333333333333333, ""GBPUSD"": 0.3333333333333333, ""USDJPY"": -0.3333333333333333}","{""EUR_USD"": 11395, ""GBP_USD"": 9925, ""USD_JPY"": -13347}","{""EUR_USD"": 11396, ""GBP_USD"": 9926, ""USD_JPY"": -13346}","{""EUR_USD"": 1, ""GBP_USD"": 1, ""USD_JPY"": 1}","{""mode"": ""historical_replay"", ""filled"": true, ""instrument"": ""EUR_USD"", ""units"": 1, ""timestamp_utc"": ""2026-04-09 16:54:00+00:00""}"
2026-04-09 16:54:00+00:00,HISTORICAL_REPLAY_FILL,GBP_USD,1,100097.08132078257,False,"{""EURUSD"": 1.0, ""GBPUSD"": 1.0, ""USDJPY"": -1.0}","{""EURUSD"": 0.3333333333333333, ""GBPUSD"": 0.3333333333333333, ""USDJPY"": -0.3333333333333333}","{""EUR_USD"": 11396, ""GBP_USD"": 9925, ""USD_JPY"": -13347}","{""EUR_USD"": 11396, ""GBP_USD"": 9926, ""USD_JPY"": -13346}","{""EUR_USD"": 1, ""GBP_USD"": 1, ""USD_JPY"": 1}","{""mode"": ""historical_replay"", ""filled"": true, ""instrument"": ""GBP_USD"", ""units"": 1, ""timestamp_utc"": ""2026-04-09 16:54:00+00:00""}"
2026-04-09 16:54:00+00:00,HISTORICAL_REPLAY_FILL,USD_JPY,1,100097.08132078257,False,"{""EURUSD"": 1.0, ""GBPUSD"": 1.0, ""USDJPY"": -1.0}","{""EURUSD"": 0.3333333333333333, ""GBPUSD"": 0.3333333333333333, ""USDJPY"": -0.3333333333333333}","{""EUR_USD"": 11396, ""GBP_USD"": 9926, ""USD_JPY"": -13347}","{""EUR_USD"": 11396, ""GBP_USD"": 9926, ""USD_JPY"": -13346}","{""EUR_USD"": 1, ""GBP_USD"": 1, ""USD_JPY"": 1}","{""mode"": ""historical_replay"", ""filled"": true, ""instrument"": ""USD_JPY"", ""units"": 1, ""timestamp_utc"": ""2026-04-09 16:54:00+00:00""}"
2026-04-09 16:55:00+00:00,HISTORICAL_REPLAY_FILL,GBP_USD,1,100093.54933382706,False,"{""EURUSD"": 1.0, ""GBPUSD"": 1.0, ""USDJPY"": -1.0}","{""EURUSD"": 0.3333333333333333, ""GBPUSD"": 0.3333333333333333, ""USDJPY"": -0.3333333333333333}","{""EUR_USD"": 11396, ""GBP_USD"": 9926, ""USD_JPY"": -13346}","{""EUR_USD"": 11396, ""GBP_USD"": 9927, ""USD_JPY"": -13345}","{""GBP_USD"": 1, ""USD_JPY"": 1}","{""mode"": ""historical_replay"", ""filled"": true, ""instrument"": ""GBP_USD"", ""units"": 1, ""timestamp_utc"": ""2026-04-09 16:55:00+00:00""}"
2026-04-09 16:55:00+00:00,HISTORICAL_REPLAY_FILL,USD_JPY,1,100093.54933382706,False,"{""EURUSD"": 1.0, ""GBPUSD"": 1.0, ""USDJPY"": -1.0}","{""EURUSD"": 0.3333333333333333, ""GBPUSD"": 0.3333333333333333, ""USDJPY"": -0.3333333333333333}","{""EUR_USD"": 11396, ""GBP_USD"": 9927, ""USD_JPY"": -13346}","{""EUR_USD"": 11396, ""GBP_USD"": 9927, ""USD_JPY"": -13345}","{""GBP_USD"": 1, ""USD_JPY"": 1}","{""mode"": ""historical_replay"", ""filled"": true, ""instrument"": ""USD_JPY"", ""units"": 1, ""timestamp_utc"": ""2026-04-09 16:55:00+00:00""}"
2026-04-09 16:57:00+00:00,HISTORICAL_REPLAY_FILL,GBP_USD,-19854,100092.57906701665,False,"{""EURUSD"": 1.0, ""GBPUSD"": -1.0, ""USDJPY"": -1.0}","{""EURUSD"": 0.3333333333333333, ""GBPUSD"": -0.3333333333333333, ""USDJPY"": -0.3333333333333333}","{""EUR_USD"": 11396, ""GBP_USD"": 9927, ""USD_JPY"": -13345}","{""EUR_USD"": 11396, ""GBP_USD"": -9927, ""USD_JPY"": -13345}","{""GBP_USD"": -19854}","{""mode"": ""historical_replay"", ""filled"": true, ""instrument"": ""GBP_USD"", ""units"": -19854, ""timestamp_utc"": ""2026-04-09 16:57:00+00:00""}"
2026-04-09 16:58:00+00:00,HISTORICAL_REPLAY_FILL,EUR_USD,-1,100092.51273701664,False,"{""EURUSD"": 1.0, ""GBPUSD"": -1.0, ""USDJPY"": -1.0}","{""EURUSD"": 0.3333333333333333, ""GBPUSD"": -0.3333333333333333, ""USDJPY"": -0.3333333333333333}","{""EUR_USD"": 11396, ""GBP_USD"": -9927, ""USD_JPY"": -13345}","{""EUR_USD"": 11395, ""GBP_USD"": -9926, ""USD_JPY"": -13345}","{""EUR_USD"": -1, ""GBP_USD"": 1}","{""mode"": ""historical_replay"", ""filled"": true, ""instrument"": ""EUR_USD"", ""units"": -1, ""timestamp_utc"": ""2026-04-09 16:58:00+00:00""}"
2026-04-09 16:58:00+00:00,HISTORICAL_REPLAY_FILL,GBP_USD,1,100092.51273701664,False,"{""EURUSD"": 1.0, ""GBPUSD"": -1.0, ""USDJPY"": -1.0}","{""EURUSD"": 0.3333333333333333, ""GBPUSD"": -0.3333333333333333, ""USDJPY"": -0.3333333333333333}","{""EUR_USD"": 11395, ""GBP_USD"": -9927, ""USD_JPY"": -13345}","{""EUR_USD"": 11395, ""GBP_USD"": -9926, ""USD_JPY"": -13345}","{""EUR_USD"": -1, ""GBP_USD"": 1}","{""mode"": ""historical_replay"", ""filled"": true, ""instrument"": ""GBP_USD"", ""units"": 1, ""timestamp_utc"": ""2026-04-09 16:58:00+00:00""}"
